{
  "references": {
    "FCI": NaN,
    "UCCSD": -7.660136707854351,
    "statevector": -7.641157865420646
  },
  "input": "&FCI\nNORB=6,\nNELEC=6,\nMS2=0,\nORBSYM=1,\nISYM=1,\n&END\n   5.86054681983608882767e-01    1    1    1    1\n   8.99818257732483395804e-04    1    1    1    2\n  -3.15257716718271080083e-07    1    1    1    3\n   2.30599206440319304603e-03    1    1    1    4\n  -1.14815535288113757046e-06    1    1    1    5\n  -2.00993171718669948189e-02    1    1    1    6\n   2.97789814288021481570e-01    1    1    2    2\n  -9.92320961229284115865e-07    1    1    2    3\n   1.14387378789167562521e-01    1    1    2    4\n  -1.51122739892612083928e-04    1    1    2    5\n  -5.01096299570233036369e-03    1    1    2    6\n   2.99722949500601132389e-01    1    1    3    3\n  -1.53989342608977476060e-04    1    1    3    4\n  -1.17348577629794309507e-01    1    1    3    5\n   4.05712666906937681650e-06    1    1    3    6\n   4.67770788653829761028e-01    1    1    4    4\n   3.46027098470761844190e-08    1    1    4    5\n  -1.23576004696258449911e-02    1    1    4    6\n   4.73106481282361601703e-01    1    1    5    5\n   6.08972572114801215758e-06    1    1    5    6\n   2.57694747424719150519e-01    1    1    6    6\n   1.38997251826667930774e-02    1    2    1    2\n  -1.48312317550152025221e-07    1    2    1    3\n   1.91307793388364177911e-02    1    2    1    4\n  -2.53049002581389443733e-05    1    2    1    5\n  -1.04617348313424405118e-03    1    2    1    6\n  -3.38613941026935985883e-04    1    2    2    2\n   1.48042035461523091122e-08    1    2    2    3\n   5.39815289677211926529e-04    1    2    2    4\n  -7.21578123340524239035e-07    1    2    2    5\n   1.75625727463255346117e-03    1    2    2    6\n  -2.50089775090698489355e-04    1    2    3    3\n  -6.18588599087832058172e-07    1    2    3    4\n  -5.21278933150430318251e-04    1    2    3    5\n   5.17100008993143265999e-08    1    2    3    6\n   4.48459494401412940394e-04    1    2    4    4\n   4.84439110014319306730e-08    1    2    4    5\n  -4.96813615033166872115e-03    1    2    4    6\n   5.74729669774008233678e-04    1    2    5    5\n   6.52786070218795636130e-06    1    2    5    6\n   3.17168739886743123683e-05    1    2    6    6\n   1.42431858391638844347e-02    1    3    1    3\n  -2.57830784094756966952e-05    1    3    1    4\n  -1.96731471014712187839e-02    1    3    1    5\n   7.95860114015904443961e-07    1    3    1    6\n  -5.67095263684802935044e-08    1    3    2    2\n  -3.49106031490369978160e-05    1    3    2    3\n  -8.88461622103334271206e-08    1    3    2    4\n  -4.09157530269761734293e-05    1    3    2    5\n   4.45275197676473938171e-08    1    3    2    6\n  -4.35807447108793056932e-08    1    3    3    3\n   4.93469073649066582968e-05    1    3    3    4\n   4.98588620036883907390e-08    1    3    3    5\n   1.70596532942748034534e-03    1    3    3    6\n  -1.34293004025392418033e-07    1    3    4    4\n  -2.83866557372860873836e-05    1    3    4    5\n   6.67487334617352561975e-06    1    3    4    6\n  -2.41855213147113445796e-07    1    3    5    5\n   5.06759192134641819200e-03    1    3    5    6\n  -3.68452766991981058770e-07    1    3    6    6\n   4.30740482560029100401e-02    1    4    1    4\n  -1.59361045080809720370e-08    1    4    1    5\n  -2.01909838506065001870e-03    1    4    1    6\n   1.29974826703191728705e-03    1    4    2    2\n  -6.67673258487719531584e-09    1    4    2    3\n   2.29879437217199672581e-04    1    4    2    4\n  -3.55557049467608434066e-07    1    4    2    5\n  -3.47598349790071954948e-03    1    4    2    6\n   1.27292448786302963594e-03    1    4    3    3\n  -3.07606197102239955503e-07    1    4    3    4\n  -3.44504316940919181646e-04    1    4    3    5\n   4.70431308067637276731e-06    1    4    3    6\n   1.44176124860193716724e-03    1    4    4    4\n   2.70651044401418423132e-07    1    4    4    5\n  -6.83084246248229047527e-03    1    4    4    6\n   1.81087259508684356342e-03    1    4    5    5\n   9.61374207883439640580e-08    1    4    5    6\n   1.67996139924005984632e-03    1    4    6    6\n   4.39138228552805529037e-02    1    5    1    5\n   9.89372238858707274704e-07    1    5    1    6\n  -8.32970035108307397947e-07    1    5    2    2\n  -3.21814309537914809809e-05    1    5    2    3\n  -3.64795412503814459997e-08    1    5    2    4\n   4.47790852024290618959e-05    1    5    2    5\n   4.53859474791105312622e-06    1    5    2    6\n  -7.89802365080295170840e-07    1    5    3    3\n  -3.03221856581328853277e-05    1    5    3    4\n   1.05467012862737472005e-07    1    5    3    5\n   3.54536662238699945907e-03    1    5    3    6\n  -5.82682554043951349088e-07    1    5    4    4\n   1.42149705103609231768e-04    1    5    4    5\n   9.93811590706581147301e-08    1    5    4    6\n  -9.39286187518198373223e-07    1    5    5    5\n  -6.81896178859419180296e-03    1    5    5    6\n  -9.95174720397901356190e-07    1    5    6    6\n   1.37750719912409294587e-02    1    6    1    6\n   3.60530644997304750010e-02    1    6    2    2\n   3.66780856319947201808e-07    1    6    2    3\n  -2.88557846780207495618e-02    1    6    2    4\n   3.77779922607530971052e-05    1    6    2    5\n   5.33238328054831895245e-04    1    6    2    6\n   3.57133543588564750237e-02    1    6    3    3\n   3.86997156359511568983e-05    1    6    3    4\n   2.92210203582952375567e-02    1    6    3    5\n  -4.49300546322925807260e-07    1    6    3    6\n  -1.16320913059812791612e-02    1    6    4    4\n   9.25527242120882617205e-07    1    6    4    5\n   4.34665766397877384539e-04    1    6    4    6\n  -1.10418999961904955309e-02    1    6    5    5\n  -2.09293619180494980868e-07    1    6    5    6\n   4.53960819620587013867e-02    1    6    6    6\n   1.38997251826667913427e-02    2    1    2    1\n  -3.38613941026916741295e-04    2    1    2    2\n   1.48042035461390692593e-08    2    1    2    3\n   5.39815289677210950747e-04    2    1    2    4\n  -7.21578123340512062937e-07    2    1    2    5\n   1.75625727463254912436e-03    2    1    2    6\n  -2.50089775090696158320e-04    2    1    3    3\n  -6.18588599088036722508e-07    2    1    3    4\n  -5.21278933150421753054e-04    2    1    3    5\n   5.17100008992308078278e-08    2    1    3    6\n   4.48459494401428823956e-04    2    1    4    4\n   4.84439110019587653139e-08    2    1    4    5\n  -4.96813615033166351698e-03    2    1    4    6\n   5.74729669773977876017e-04    2    1    5    5\n   6.52786070218839597140e-06    2    1    5    6\n   3.17168739886821931628e-05    2    1    6    6\n   5.84058051392068233731e-01    2    2    2    2\n   1.88338555165979593056e-06    2    2    2    3\n  -1.40882241296116095253e-01    2    2    2    4\n   1.84053434923377282105e-04    2    2    2    5\n   1.07182229980588221256e-03    2    2    2    6\n   5.26620756978957493821e-01    2    2    3    3\n   1.61285319866311360444e-04    2    2    3    4\n   1.21643849342168181016e-01    2    2    3    5\n  -5.34958301881087269932e-07    2    2    3    6\n   3.43203112588428116414e-01    2    2    4    4\n  -2.40189915893175863276e-05    2    2    4    5\n  -6.88572881639566876377e-03    2    2    4    6\n   3.26116917662448102533e-01    2    2    5    5\n   4.03921699710178534835e-06    2    2    5    6\n   5.23793973175955551724e-01    2    2    6    6\n   2.79442218291645616546e-02    2    3    2    3\n   1.21721653414000355152e-05    2    3    2    4\n   1.03050618625108898752e-02    2    3    2    5\n  -7.56906401494511718357e-08    2    3    2    6\n   1.86387698523887759139e-06    2    3    3    3\n  -1.00222173184019314879e-02    2    3    3    4\n   1.46184643067655862809e-05    2    3    3    5\n   1.16841698032890890010e-04    2    3    3    6\n  -3.04709328128848181848e-05    2    3    4    4\n  -1.13204294154531977940e-02    2    3    4    5\n   6.92573283544186916163e-07    2    3    4    6\n   