{
  "references": {
    "FCI": -5.79766457693609,
    "UCCSD": -5.79766456810893,
    "statevector": -5.797654918737701
  },
  "input": "&FCI\nNORB=4,\nNELEC=4,\nMS2=0,\nORBSYM=1,\nISYM=1,\n&END\n   6.17219930948993078523e-01    1    1    1    1\n  -6.13981557795684750652e-10    1    1    1    2\n  -8.62299032837147723369e-07    1    1    1    3\n  -4.43941800727263873088e-07    1    1    1    4\n   5.47740261742965195424e-01    1    1    2    2\n  -3.77009487034422798718e-03    1    1    2    3\n  -2.21673858777229199069e-03    1    1    2    4\n   1.96074914423754104176e-01    1    1    3    3\n   2.20586548672168161755e-02    1    1    3    4\n   1.57164707086711680217e-01    1    1    4    4\n   3.17052560129188476523e-02    1    2    1    2\n   9.24964980089639236989e-04    1    2    1    3\n   5.93899034501487875677e-04    1    2    1    4\n   3.46488094646567564409e-09    1    2    2    2\n  -4.09636427615234827378e-07    1    2    2    3\n  -2.12692021168447092751e-07    1    2    2    4\n   3.38990817985819817542e-08    1    2    3    3\n   3.50136623545920162067e-09    1    2    3    4\n   2.90779977211947478959e-08    1    2    4    4\n   1.99745916716195705959e-03    1    3    1    3\n   1.01626716218201147875e-03    1    3    1    4\n  -2.21109909948153664943e-06    1    3    2    2\n   3.14495707484518339053e-08    1    3    2    3\n   1.58783629241119441261e-08    1    3    2    4\n   4.28846863684575079869e-07    1    3    3    3\n   5.04366365527642715526e-08    1    3    3    4\n   4.45352850052578580356e-07    1    3    4    4\n   6.00068540906248978732e-04    1    4    1    4\n  -1.14031246414659706697e-06    1    4    2    2\n   1.64629097055971962779e-08    1    4    2    3\n   9.06164486561631015572e-09    1    4    2    4\n   1.72739052511303655692e-07    1    4    3    3\n   3.64902793373528783292e-08    1    4    3    4\n   2.06465382818568033373e-07    1    4    4    4\n   3.17052560129188754079e-02    2    1    2    1\n   3.46488094641649934308e-09    2    1    2    2\n  -4.09636427615267649905e-07    2    1    2    3\n  -2.12692021168423825815e-07    2    1    2    4\n   3.38990817982918729698e-08    2    1    3    3\n   3.50136623578107414063e-09    2    1    3    4\n   2.90779977212883450365e-08    2    1    4    4\n   8.43915091242880444078e-01    2    2    2    2\n  -7.59886588619311693915e-03    2    2    2    3\n  -3.96104842192262791151e-03    2    2    2    4\n   1.69078749299340552747e-01    2    2    3    3\n   1.86590896261675555368e-02    2    2    3    4\n   1.32925561776150807924e-01    2    2    4    4\n   3.56159490361518090221e-03    2    3    2    3\n   1.23045097250646176534e-03    2    3    2    4\n   1.66814914731232906593e-03    2    3    3    3\n   1.07163120609886651545e-04    2    3    3    4\n   1.52346560398105971591e-03    2    3    4    4\n   4.53014239384114157996e-04    2    4    2    4\n   6.59636565028285564230e-04    2    4    3    3\n   9.98750231231920835434e-05    2    4    3    4\n   1.22712041553999927530e-03    2    4    4    4\n   1.99745916716195836063e-03    3    1    3    1\n   3.14495707483330176821e-08    3    1    3    2\n   4.28846863684724581185e-07    3    1    3    3\n   5.04366365524894093612e-08    3    1    3    4\n   4.45352850054264175921e-07    3    1    4    4\n   3.56159490361518307061e-03    3    2    3    2\n   1.66814914731233188486e-03    3    2    3    3\n   1.07163120609897168306e-04    3    2    3    4\n   1.52346560398108465256e-03    3    2    4    4\n   3.66102321537379926664e-01    3    3    3    3\n   6.26231341118096713344e-03    3    3    3    4\n   3.80331335703742334786e-01    3    3    4    4\n   2.23815025142861112606e-02    3    4    3    4\n   1.27513935330136156387e-02    3    4    4    4\n   6.00068540906248219791e-04    4    1    4    1\n   9.06164486562111276636e-09    4    1    4    2\n   3.64902793372347172330e-08    4    1    4    3\n   2.06465382818533305022e-07    4    1    4    4\n   4.53014239384116543241e-04    4    2    4    2\n   9.98750231232060968565e-05    4    2    4    3\n   1.22712041554003483713e-03    4    2    4    4\n   2.23815025142861043217e-02    4    3    4    3\n   1.27513935330134508400e-02    4    3    4    4\n   5.25933281352350623372e-01    4    4    4    4\n  -2.32221179678175237981e+00    1    1    0    0\n  -2.85089938848647342992e-09    1    2    0    0\n   4.87486080418784927209e-06    1    3    0    0\n   2.51187470785289598430e-06    1    4    0    0\n  -2.85089938844351711353e-09    2    1    0    0\n  -2.37095844115604892366e+00    2    2    0    0\n   1.60640206069711834191e-02    2    3    0    0\n   8.98842463196869272124e-03    2    4    0    0\n   4.87486080418750961188e-06    3    1    0    0\n   1.60640206069712250525e-02    3    2    0    0\n  -3.19897021439901840800e-01    3    3    0    0\n  -7.91887708520802313661e-02    3    4    0    0\n   2.51187470785284643288e-06    4    1    0    0\n   8.98842463196871180320e-03    4    2    0    0\n  -7.91887708520801619771e-02    4    3    0    0\n  -1.44046589712380990189e-01    4    4    0    0\n   1.62254730656001015632e+02    0    0    0    0\n",
  "init_state": "OPENQASM 2.0;\ninclude \"qelib1.inc\";\nqreg q[6];\nx q[0];\nx q[3];\n",
  "evolution_ops": [
    [
      "ZXZIYZ",
      0.125
    ]
  ],
  "optimal_point": [
    0.0
  ],
  "eigenvalue_history": [
    -5.797654918737701
  ],
  "cnots": 8,
  "depth": 11,
  "constants": {
    "hf_in_pbe": -207.22364609992,
    "hf_in_pbe_effective": -5.79765491873771
  },
  "offset": -201.42599118118227,
  "iterations": 1
}