{
  "references": {
    "FCI": -4.709139711131251,
    "UCCSD": -4.708771997898718,
    "statevector": -4.661135649328666
  },
  "input": "&FCI\nNORB=4,\nNELEC=4,\nMS2=0,\nORBSYM=1,\nISYM=1,\n&END\n   5.51753186922373295431e-01    1    1    1    1\n   1.32398120021259412575e-08    1    1    1    2\n  -1.28648361121822600743e-06    1    1    1    3\n   3.65313890787870715338e-02    1    1    1    4\n   5.06465206528048828005e-01    1    1    2    2\n   3.32523263881104244599e-02    1    1    2    3\n   1.04302229014848569679e-06    1    1    2    4\n   4.21851883717592412992e-01    1    1    3    3\n  -1.29815724066307646833e-06    1    1    3    4\n   5.03694088782694837647e-01    1    1    4    4\n   2.23969360554901741889e-02    1    2    1    2\n   2.54599698933365148346e-03    1    2    1    3\n   9.91181352813209247156e-08    1    2    1    4\n   1.29649894160751920008e-08    1    2    2    2\n  -6.31977202600958639574e-08    1    2    2    3\n   2.34589274012719610496e-03    1    2    2    4\n  -1.06237538948145179711e-06    1    2    3    3\n   1.72600054455094853445e-02    1    2    3    4\n   1.23880528277072522961e-06    1    2    4    4\n   1.34137650698763193774e-02    1    3    1    3\n  -4.41782997621928303917e-06    1    3    1    4\n  -1.08807969376594853237e-06    1    3    2    2\n  -4.09374712069602742247e-06    1    3    2    3\n   1.44297811464495617101e-02    1    3    2    4\n  -3.98276262284472239903e-07    1    3    3    3\n   9.57737557738871534904e-04    1    3    3    4\n  -4.95840560945903441938e-07    1    3    4    4\n   1.58284249991624853537e-01    1    4    1    4\n   3.09004747636217325102e-02    1    4    2    2\n   1.17755888847894674143e-01    1    4    2    3\n   4.70210074307499470230e-06    1    4    2    4\n   8.76535635574643770540e-03    1    4    3    3\n  -3.64743381578626633998e-08    1    4    3    4\n   1.41263197751362555576e-02    1    4    4    4\n   2.23969360554901915361e-02    2    1    2    1\n   1.29649894161319117754e-08    2    1    2    2\n  -6.31977202602272202387e-08    2    1    2    3\n   2.34589274012719090079e-03    2    1    2    4\n  -1.06237538948130081349e-06    2    1    3    3\n   1.72600054455094853445e-02    2    1    3    4\n   1.23880528277067631346e-06    2    1    4    4\n   5.50772163166252437527e-01    2    2    2    2\n   3.74466895491085971504e-02    2    2    2    3\n   1.16938619508007868596e-06    2    2    2    4\n   4.53637272409807279505e-01    2    2    3    3\n   9.91291183853075714462e-07    2    2    3    4\n   4.66024487806742104823e-01    2    2    4    4\n   1.36085868053131303634e-01    2    3    2    3\n   4.34821874874062694083e-06    2    3    2    4\n   1.18444413401116322576e-02    2    3    3    3\n   2.43357083532053935387e-08    2    3    3    4\n   1.47785704329321809780e-02    2    3    4    4\n   1.56343160906603634297e-02    2    4    2    4\n   2.90066031259087478052e-07    2    4    3    3\n   8.32422929745034738576e-04    2    4    3    4\n   4.64165114448541232437e-07    2    4    4    4\n   1.34137650698763176427e-02    3    1    3    1\n  -4.09374712069505418161e-06    3    1    3    2\n  -3.98276262284698080062e-07    3    1    3    3\n   9.57737557738869258080e-04    3    1    3    4\n  -4.95840560946143258141e-07    3    1    4    4\n   1.36085868053131359146e-01    3    2    3    2\n   1.18444413401117588924e-02    3    2    3    3\n   2.43357083502001206418e-08    3    2    3    4\n   1.47785704329322573058e-02    3    2    4    4\n   4.12200123984194644056e-01    3    3    3    3\n  -1.47815023466851163444e-07    3    3    3    4\n   4.06803795935076428769e-01    3    3    4    4\n   1.65310182752822359964e-02    3    4    3    4\n  -1.60676356977422072343e-07    3    4    4    4\n   1.58284249991624964560e-01    4    1    4    1\n   4.70210074307374786980e-06    4    1    4    2\n  -3.64743381569654437504e-08    4    1    4    3\n   1.41263197751362902521e-02    4    1    4    4\n   1.56343160906603634297e-02    4    2    4    2\n   8.32422929745048941624e-04    4    2    4    3\n   4.64165114448134233106e-07    4    2    4    4\n   1.65310182752822464047e-02    4    3    4    3\n  -1.60676356979089933156e-07    4    3    4    4\n   4.83294094006951335807e-01    4    4    4    4\n  -1.93027299030878385366e+00    1    1    0    0\n  -2.62048014185202181796e-08    1    2    0    0\n   3.39944527849110561351e-06    1    3    0    0\n  -9.59864458659028807475e-02    1    4    0    0\n  -2.62048014186418799041e-08    2    1    0    0\n  -1.92926941413870189912e+00    2    2    0    0\n  -1.01405345335995836220e-01    2    3    0    0\n  -3.15631264008966041522e-06    2    4    0    0\n   3.39944527849074647154e-06    3    1    0    0\n  -1.01405345335995752953e-01    3    2    0    0\n  -1.26320762549311882417e+00    3    3    0    0\n   5.44120886135925669079e-07    3    4    0    0\n  -9.59864458659033803478e-02    4    1    0    0\n  -3.15631264009158275650e-06    4    2    0    0\n   5.44120886133257515295e-07    4    3    0    0\n  -1.41346059421721848004e+00    4    4    0    0\n   1.49914890410452898095e+02    0    0    0    0\n",
  "init_state": "OPENQASM 2.0;\ninclude \"qelib1.inc\";\nqreg q[6];\nx q[0];\nx q[3];\n",
  "evolution_ops": [
    [
      "IIIXZY",
      -0.25
    ],
    [
      "XZYIII",
      -0.25
    ]
  ],
  "optimal_point": [
    0.1447260120614149,
    0.3060393447196234
  ],
  "eigenvalue_history": [
    -4.648329352750048,
    -4.661135649328666
  ],
  "cnots": 8,
  "depth": 8,
  "constants": {
    "hf_in_pbe": -208.051427215675,
    "hf_in_pbe_effective": -4.63549250480513
  },
  "offset": -203.41593471086986,
  "iterations": 2
}