{
  "references": {
    "FCI": -9.888505251474815,
    "UCCSD": -9.887434526671502,
    "statevector": -9.820963689651183
  },
  "input": "&FCI\nNORB=6,\nNELEC=6,\nMS2=0,\nORBSYM=1,\nISYM=1,\n&END\n   6.38231846560533222501e-01    1    1    1    1\n  -3.21129539110104303598e-08    1    1    1    2\n  -2.24987592251961102509e-04    1    1    1    3\n   4.67381331641437535590e-03    1    1    1    4\n  -1.00123390448442153058e-07    1    1    1    5\n   3.17162605339065817311e-02    1    1    1    6\n   4.99667443364828933738e-01    1    1    2    2\n   5.27244064650577220963e-09    1    1    2    3\n   1.53227961546517735223e-06    1    1    2    4\n  -1.16535003293183295203e-01    1    1    2    5\n  -4.02730659366041174115e-07    1    1    2    6\n   4.98260071108281354935e-01    1    1    3    3\n   1.14948020730361158415e-01    1    1    3    4\n   1.59629538453041717129e-06    1    1    3    5\n  -1.88661810386692406494e-02    1    1    3    6\n   4.43314687621565450826e-01    1    1    4    4\n   1.27494332439803464627e-07    1    1    4    5\n  -6.55255099587819661577e-02    1    1    4    6\n   4.66144681924930970318e-01    1    1    5    5\n   4.60959475968720209550e-07    1    1    5    6\n   1.63158873206271454182e-01    1    1    6    6\n   3.36144300819115823820e-02    1    2    1    2\n   1.21520002043979454817e-09    1    2    1    3\n   2.66599836703666379707e-07    1    2    1    4\n  -2.05922329584406274550e-02    1    2    1    5\n  -8.74188301639335279699e-08    1    2    1    6\n  -6.79981596610154599122e-09    1    2    2    2\n   5.16466069718380098064e-06    1    2    2    3\n  -9.83602703211885294118e-05    1    2    2    4\n   3.29686152829398304028e-08    1    2    2    5\n  -1.35297484174505175912e-03    1    2    2    6\n  -8.07804752230318799911e-09    1    2    3    3\n  -2.56940867780744557403e-08    1    2    3    4\n   3.11002501911166140359e-05    1    2    3    5\n   5.72894380294444186940e-09    1    2    3    6\n   6.87222939367835547846e-09    1    2    4    4\n  -3.66410442147799665993e-04    1    2    4    5\n   4.02996292400063499175e-08    1    2    4    6\n   1.72713577337190079899e-08    1    2    5    5\n  -3.09934216943855145310e-03    1    2    5    6\n  -2.13414748467314080319e-08    1    2    6    6\n   3.33927116690275332944e-02    1    3    1    3\n   2.00095068211292304028e-02    1    3    1    4\n   2.81846820982343712378e-07    1    3    1    5\n  -3.96200936697705188849e-03    1    3    1    6\n  -9.49621311187253368258e-05    1    3    2    2\n   9.08253629305279211177e-10    1    3    2    3\n  -6.91300898954927522316e-09    1    3    2    4\n   1.15051204096849535243e-04    1    3    2    5\n   1.75374548803276146925e-09    1    3    2    6\n  -7.82502103900076934062e-05    1    3    3    3\n  -3.02145097186908126626e-04    1    3    3    4\n   1.30972600842333005409e-09    1    3    3    5\n  -1.34718197582417193066e-03    1    3    3    6\n   7.78113183418613720867e-04    1    3    4    4\n  -6.90766676502108395873e-09    1    3    4    5\n   2.95850173495155197370e-03    1    3    4    6\n  -1.42245770448010962856e-04    1    3    5    5\n   4.46998117682921019518e-08    1    3    5    6\n  -1.09591965720458794573e-03    1    3    6    6\n   3.31971072777158468514e-02    1    4    1    4\n   1.41218426703569174861e-08    1    4    1    5\n  -6.61179300496669408033e-03    1    4    1    6\n   2.69634058989483282875e-03    1    4    2    2\n  -4.47504448983054443181e-09    1    4    2    3\n   3.07501284242626122161e-08    1    4    2    4\n  -1.96030434386973125352e-03    1    4    2    5\n   1.64454456720504844300e-08    1    4    2    6\n   2.60102630187612673257e-03    1    4    3    3\n   2.22496525202156136131e-03    1    4    3    4\n   1.89679634676427671432e-08    1    4    3    5\n   1.48728926868228706823e-03    1    4    3    6\n   1.22339531597109125657e-03    1    4    4    4\n   8.46544859148170473370e-09    1    4    4    5\n  -3.19730708363682482320e-03    1    4    4    6\n   2.27297214281255849366e-03    1    4    5    5\n   3.52999458674036834384e-09    1    4    5    6\n  -2.70117308012756416127e-04    1    4    6    6\n   3.54798121885573358725e-02    1    5    1    5\n   4.04189247084563471168e-08    1    5    1    6\n  -4.01814760132017567238e-08    1    5    2    2\n   4.68829071676588865340e-05    1    5    2    3\n  -2.57197914414596855246e-04    1    5    2    4\n   6.63232043599139110126e-08    1    5    2    5\n  -1.93278870538007613473e-03    1    5    2    6\n  -4.98221201439019571587e-08    1    5    3    3\n  -5.23913322411451473044e-08    1    5    3    4\n  -1.28900157819686632849e-05    1    5    3    5\n   3.76482682769470439607e-08    1    5    3    6\n  -2.97207440184825133859e-08    1    5    4    4\n  -1.91964720952887132411e-04    1    5    4    5\n   1.32307707358312398669e-08    1    5    4    6\n  -2.23919122990209322542e-08    1    5    5    5\n  -2.63787763215417173437e-03    1    5    5    6\n   1.52986829485352029902e-08    1    5    6    6\n   6.44972255664644396334e-03    1    6    1    6\n   1.55274775836757097935e-02    1    6    2    2\n   2.03768205279878480416e-09    1    6    2    3\n   2.17215208245785499120e-07    1    6    2    4\n  -1.68507068733497883395e-02    1    6    2    5\n  -7.81063349025773365831e-08    1    6    2    6\n   1.53373769627983894126e-02    1    6    3    3\n   1.63954654471373806324e-02    1    6    3    4\n   2.33525499940014961910e-07    1    6    3    5\n  -3.68426284449354865536e-03    1    6    3    6\n   9.65485141427284421223e-03    1    6    4    4\n   7.78961005355170630325e-09    1    6    4    5\n  -4.17069130651018856598e-03    1    6    4    6\n   1.14667086509126648491e-02    1    6    5    5\n   2.91150019253051012844e-08    1    6    5    6\n  -8.75962469453125773533e-03    1    6    6    6\n   3.36144300819115754431e-02    2    1    2    1\n  -6.79981596637717580621e-09    2    1    2    2\n   5.16466069718608204037e-06    2    1    2    3\n  -9.83602703211888953301e-05    2    1    2    4\n   3.29686152831892816058e-08    2    1    2    5\n  -1.35297484174505891485e-03    2    1    2    6\n  -8.07804752261082804944e-09    2    1    3    3\n  -2.56940867779054296539e-08    2    1    3    4\n   3.11002501911205103875e-05    2    1    3    5\n   5.72894380290275196652e-09    2    1    3    6\n   6.87222939349139942513e-09    2    1    4    4\n  -3.66410442147808339611e-04    2    1    4    5\n   4.02996292399503398639e-08    2    1    4    6\n   1.72713577339391273684e-08    2    1    5    5\n  -3.09934216943854841733e-03    2    1    5    6\n  -2.13414748459479025557e-08    2    1    6    6\n   5.39854946590382467342e-01    2    2    2    2\n   2.06992313178934997483e-10    2    2    2    3\n   5.66421559858566521465e-07    2    2    2    4\n  -4.05222498141331530230e-02    2    2    2    5\n  -2.82599383933684035150e-08    2    2    2    6\n   4.96050399719538404053e-01    2    2    3    3\n   3.66647477671920504760e-02    2    2    3    4\n   4.75694477895532287940e-07    2    2    3    5\n  -8.32613453913139773752e-04    2    2    3    6\n   4.41780555682491971048e-01    2    2    4    4\n  -3.77921279917564552917e-07    2    2    4    5\n  -6.37016518537648623877e-02    2    2    4    6\n   5.03465742569940810647e-01    2    2    5    5\n   6.23911848741530612739e-07    2    2    5    6\n   1.76519950047855783692e-01    2    2    6    6\n   2.15401327246508567104e-02    2    3    2    3\n   2.92839521517315563848e-03    2    3    2    4\n   2.93478418172814987289e-08    2    3    2    5\n  -1.38927029016148838184e-04    2    3    2    6\n   2.07185193603997843141e-10    2    3    3    3\n   4.52660297144997889356e-08    2    3    3    4\n  -2.64562993771693842279e-03    2    3    3    5\n  -6.97868599453442228670e-09    2    3    3    6\n   4.65238113473567425127e-07    2    3    4    4\n  -1.81804461103287386126e-02    2    3    4    5\n  -1.32711222188468391899e-07    2    3    4    