{
  "references": {
    "FCI": -3.8862289130991106,
    "UCCSD": -3.8837986154590407,
    "statevector": -3.813083380936875
  },
  "input": "&FCI\nNORB=4,\nNELEC=4,\nMS2=0,\nORBSYM=1,\nISYM=1,\n&END\n   5.84058051392068233731e-01    1    1    1    1\n   1.88338555165979593056e-06    1    1    1    2\n  -1.40882241296116095253e-01    1    1    1    3\n   1.84053434923377282105e-04    1    1    1    4\n   5.26620756978957493821e-01    1    1    2    2\n   1.61285319866311360444e-04    1    1    2    3\n   1.21643849342168181016e-01    1    1    2    4\n   3.43203112588428116414e-01    1    1    3    3\n  -2.40189915893175863276e-05    1    1    3    4\n   3.26116917662448102533e-01    1    1    4    4\n   2.79442218291645616546e-02    1    2    1    2\n   1.21721653414000355152e-05    1    2    1    3\n   1.03050618625108898752e-02    1    2    1    4\n   1.86387698523887759139e-06    1    2    2    2\n  -1.00222173184019314879e-02    1    2    2    3\n   1.46184643067655862809e-05    1    2    2    4\n  -3.04709328128848181848e-05    1    2    3    3\n  -1.13204294154531977940e-02    1    2    3    4\n   2.91803961486135959229e-05    1    2    4    4\n   1.46119764340101015998e-01    1    3    1    3\n  -1.77315628038762101472e-04    1    3    1    4\n  -1.18780675038650390674e-01    1    3    2    2\n  -1.81741182238980437252e-04    1    3    2    3\n  -1.26584356630243477504e-01    1    3    2    4\n   9.36913424877865164131e-02    1    3    3    3\n  -1.23692659178672272936e-05    1    3    3    4\n   7.95694511481711691525e-02    1    3    4    4\n   1.11515929333426376535e-02    1    4    1    4\n   1.55354937199194840982e-04    1    4    2    2\n  -1.10736406760488514944e-02    1    4    2    3\n   1.80807975058965947042e-04    1    4    2    4\n  -1.05592121619410127947e-04    1    4    3    3\n   7.17432492638718326272e-03    1    4    3    4\n  -1.24387088830364911851e-04    1    4    4    4\n   2.79442218291645581851e-02    2    1    2    1\n   1.86387698523785903427e-06    2    1    2    2\n  -1.00222173184019384268e-02    2    1    2    3\n   1.46184643067651000840e-05    2    1    2    4\n  -3.04709328128849537100e-05    2    1    3    3\n  -1.13204294154531943245e-02    2    1    3    4\n   2.91803961486133858587e-05    2    1    4    4\n   5.80992903559957252213e-01    2    2    2    2\n   1.86064710604309958971e-04    2    2    2    3\n   1.40152879463540602778e-01    2    2    2    4\n   3.22412736530637067389e-01    2    2    3    3\n   3.55970203873864657839e-05    2    2    3    4\n   3.50650996734264475130e-01    2    2    4    4\n   1.10012907548453168355e-02    2    3    2    3\n   1.85295066319371605360e-04    2    3    2    4\n  -1.26260795929720976523e-04    2    3    3    3\n  -7.33075055204539423326e-03    2    3    3    4\n  -1.06813565822332179962e-04    2    3    4    4\n   1.51412161622924451576e-01    2    4    2    4\n  -8.17269318830997210101e-02    2    4    3    3\n  -6.73144376097384475549e-06    2    4    3    4\n  -9.67288079143856088793e-02    2    4    4    4\n   1.46119764340100877220e-01    3    1    3    1\n  -1.81741182238980464357e-04    3    1    3    2\n   9.36913424877864609019e-02    3    1    3    3\n  -1.23692659178659330273e-05    3    1    3    4\n   7.95694511481713218082e-02    3    1    4    4\n   1.10012907548453168355e-02    3    2    3    2\n  -1.26260795929720271791e-04    3    2    3    3\n  -7.33075055204539596798e-03    3    2    3    4\n  -1.06813565822332098647e-04    3    2    4    4\n   4.81442726804159615295e-01    3    3    3    3\n   4.92185597500728057828e-07    3    3    3    4\n   4.41826798868446279922e-01    3    3    4    4\n   2.24583677712795991288e-02    3    4    3    4\n   8.42908830791397665549e-07    3    4    4    4\n   1.11515929333426411230e-02    4    1    4    1\n   1.80807975058965594677e-04    4    1    4    2\n   7.17432492638718326272e-03    4    1    4    3\n  -1.24387088830364505275e-04    4    1    4    4\n   1.51412161622924368309e-01    4    2    4    2\n  -6.73144376097486797129e-06    4    2    4    3\n  -9.67288079143854562236e-02    4    2    4    4\n   2.24583677712796025983e-02    4    3    4    3\n   8.42908830794973838652e-07    4    3    4    4\n   4.92824680949285220954e-01    4    4    4    4\n  -1.71492292911970301006e+00    1    1    0    0\n  -3.74726253689844249371e-06    1    2    0    0\n   3.68421374055015127258e-01    1    3    0    0\n  -4.80144845015002146894e-04    1    4    0    0\n  -3.74726253689718083814e-06    2    1    0    0\n  -1.71042640228771913868e+00    2    2    0    0\n  -4.96463184995534130041e-04    2    3    0    0\n  -3.73135516285366952705e-01    2    4    0    0\n   3.68421374055015460325e-01    3    1    0    0\n  -4.96463184995533804780e-04    3    2    0    0\n  -1.04345971761757416729e+00    3    3    0    0\n  -1.51766193155175214231e-05    3    4    0    0\n  -4.80144845015001279533e-04    4    1    0    0\n  -3.73135516285366453104e-01    4    2    0    0\n  -1.51766193155195746310e-05    4    3    0    0\n  -1.05751936472045415805e+00    4    4    0    0\n   1.33757196151891548652e+02    0    0    0    0\n",
  "init_state": "OPENQASM 2.0;\ninclude \"qelib1.inc\";\nqreg q[6];\nx q[0];\nx q[3];\n",
  "evolution_ops": [
    [
      "IIIXZY",
      -0.25
    ],
    [
      "IIIIYX",
      0.5
    ],
    [
      "IYXIII",
      0.5
    ]
  ],
  "optimal_point": [
    2.708973308662171,
    -1.377131308218089,
    0.8247848324002105
  ],
  "eigenvalue_history": [
    -3.668217667888797,
    -3.7164916026346204,
    -3.813083380936875
  ],
  "cnots": 8,
  "depth": 14,
  "constants": {
    "hf_in_pbe": -207.452675454957,
    "hf_in_pbe_effective": -3.63505312360532
  },
  "offset": -203.81762233135166,
  "iterations": 3
}