{
  "references": {
    "FCI": -10.231043317714109,
    "UCCSD": -10.230458038989125,
    "statevector": -10.177655855033196
  },
  "input": "&FCI\nNORB=6,\nNELEC=6,\nMS2=0,\nORBSYM=1,\nISYM=1,\n&END\n   6.85134789702195212691e-01    1    1    1    1\n   4.22283939795124096520e-08    1    1    1    2\n  -2.96653749486880402315e-04    1    1    1    3\n   6.43028890206288460812e-03    1    1    1    4\n  -1.36461487308639575574e-07    1    1    1    5\n  -2.22913119374155629937e-02    1    1    1    6\n   5.06801704925705309712e-01    1    1    2    2\n   2.35118327489159214009e-08    1    1    2    3\n  -4.11349254283087233266e-06    1    1    2    4\n   1.29054595604625454985e-01    1    1    2    5\n  -4.25587769400303742316e-07    1    1    2    6\n   5.05827041491406004248e-01    1    1    3    3\n   1.23060029688186065022e-01    1    1    3    4\n   4.24925812099570568935e-06    1    1    3    5\n   3.44175156331066323112e-02    1    1    3    6\n   4.23835567487135855824e-01    1    1    4    4\n  -1.47006528408270299973e-07    1    1    4    5\n   9.35984012222159794669e-02    1    1    4    6\n   4.69281018780605130303e-01    1    1    5    5\n   2.09252913108004946589e-06    1    1    5    6\n   1.64148673569413344753e-01    1    1    6    6\n   3.34034572565542406397e-02    1    2    1    2\n   3.48312464723289938493e-09    1    2    1    3\n  -7.52704600121630193117e-07    1    2    1    4\n   2.41083924510493811944e-02    1    2    1    5\n  -9.30744157672139357715e-08    1    2    1    6\n   6.77991950988418228750e-09    1    2    2    2\n   6.44247906847467305774e-08    1    2    2    3\n  -1.69178437315987918645e-04    1    2    2    4\n   3.84651822609803329645e-08    1    2    2    5\n   9.16431973358999515424e-04    1    2    2    6\n   7.37440346907336460969e-09    1    2    3    3\n   2.95832880169986013848e-08    1    2    3    4\n  -4.56780750787871733494e-05    1    2    3    5\n   8.73733165451320140599e-09    1    2    3    6\n  -2.92845120348194238842e-08    1    2    4    4\n   4.36002504805929754720e-04    1    2    4    5\n   5.77477356577244057450e-08    1    2    4    6\n  -1.62099782276887399821e-08    1    2    5    5\n  -1.72449895728505101476e-03    1    2    5    6\n   4.59577374078340482409e-09    1    2    6    6\n   3.32488808215028186499e-02    1    3    1    3\n   2.25442245738084016959e-02    1    3    1    4\n   7.94171307052564482429e-07    1    3    1    5\n   7.09677707809933371735e-03    1    3    1    6\n  -5.57893066545390799876e-05    1    3    2    2\n  -4.92433584923907727461e-10    1    3    2    3\n   1.29390096789117506304e-08    1    3    2    4\n  -1.80072823966245717251e-04    1    3    2    5\n   2.30184235751054344179e-09    1    3    2    6\n  -5.33513627788917096408e-05    1    3    3    3\n  -4.32116908396396265726e-04    1    3    3    4\n  -2.71742283901709451631e-09    1    3    3    5\n   8.50142007220849589381e-04    1    3    3    6\n   9.46543376116201111772e-04    1    3    4    4\n   1.34775780671394588815e-09    1    3    4    5\n  -1.56511174603287642366e-03    1    3    4    6\n  -1.27940904164233906033e-04    1    3    5    5\n  -6.06971202562212620507e-08    1    3    5    6\n  -6.33849369642096468168e-04    1    3    6    6\n   3.25102300525996687486e-02    1    4    1    4\n  -1.62881044604666978313e-08    1    4    1    5\n   1.00390842377826531445e-02    1    4    1    6\n   3.45536862383210088834e-03    1    4    2    2\n   6.79670482998940724883e-09    1    4    2    3\n  -8.55362182297532953773e-08    1    4    2    4\n   2.36983789892584485737e-03    1    4    2    5\n   2.23594475507252601783e-08    1    4    2    6\n   3.34372768375680194317e-03    1    4    3    3\n   2.56022587636493912516e-03    1    4    3    4\n   7.01255813651541210071e-08    1    4    3    5\n  -2.77561726298440234698e-04    1    4    3    6\n   1.10158685421416369793e-03    1    4    4    4\n   8.27945065853469382700e-09    1    4    4    5\n   2.89526173461236236220e-03    1    4    4    6\n   2.85679497851917645057e-03    1    4    5    5\n   2.86947502817418454986e-08    1    4    5    6\n  -5.60593720461545637866e-04    1    4    6    6\n   3.74119424261209893023e-02    1    5    1    5\n   2.35963291826106419425e-07    1    5    1    6\n  -5.26877522337998096204e-08    1    5    2    2\n  -6.18191356191415261265e-05    1    5    2    3\n   2.95431813834947103355e-04    1    5    2    4\n  -6.96132579993730886537e-08    1    5    2    5\n  -1.02336246563312590653e-03    1    5    2    6\n  -6.83738912378867571005e-08    1    5    3    3\n  -4.90884525390852397109e-08    1    5    3    4\n  -3.26895347385242242147e-05    1    5    3    5\n  -5.18321339735578616777e-08    1    5    3    6\n  -3.12554360232016528319e-08    1    5    4    4\n  -3.18777570570459058141e-04    1    5    4    5\n  -3.06000428793126478004e-08    1    5    4    6\n  -3.23219793052358992878e-08    1    5    5    5\n   1.80604927960027685126e-03    1    5    5    6\n   6.15596320592148740867e-08    1    5    6    6\n   5.52889588025087027473e-03    1    6    1    6\n  -1.07945908186889271557e-02    1    6    2    2\n   1.29083093398218311058e-09    1    6    2    3\n   2.96706493080620911967e-07    1    6    2    4\n  -9.43597007374154944648e-03    1    6    2    5\n   3.79556786687571510493e-08    1    6    2    6\n  -1.07442810161597311625e-02    1    6    3    3\n  -8.83675274934241430924e-03    1    6    3    4\n  -3.15729944694754149065e-07    1    6    3    5\n  -3.02096531330983816485e-03    1    6    3    6\n  -5.79973366841405636729e-03    1    6    4    4\n   2.79237786323751523620e-09    1    6    4    5\n  -4.00760421763025637826e-03    1    6    4    6\n  -8.15470339232213063674e-03    1    6    5    5\n  -7.33272005533304035096e-08    1    6    5    6\n   5.12988274790637365647e-03    1    6    6    6\n   3.34034572565542337008e-02    2    1    2    1\n   6.77991950992495981016e-09    2    1    2    2\n   6.44247906921641980965e-08    2    1    2    3\n  -1.69178437315988596272e-04    2    1    2    4\n   3.84651822605451565530e-08    2    1    2    5\n   9.16431973359006454317e-04    2    1    2    6\n   7.37440346911506774745e-09    2    1    3    3\n   2.95832880171251037703e-08    2    1    3    4\n  -4.56780750787802683368e-05    2    1    3    5\n   8.73733165458297574502e-09    2    1    3    6\n  -2.92845120345285739460e-08    2    1    4    4\n   4.36002504805928019996e-04    2    1    4    5\n   5.77477356574906246515e-08    2    1    4    6\n  -1.62099782269594578494e-08    2    1    5    5\n  -1.72449895728505448421e-03    2    1    5    6\n   4.59577374088166064597e-09    2    1    6    6\n   5.51753186922373295431e-01    2    2    2    2\n   1.32398120021259412575e-08    2    2    2    3\n  -1.28648361121822600743e-06    2    2    2    4\n   3.65313890787870715338e-02    2    2    2    5\n  -2.86686578865978065965e-08    2    2    2    6\n   5.06465206528048828005e-01    2    2    3    3\n   3.32523263881104244599e-02    2    2    3    4\n   1.04302229014848569679e-06    2    2    3    5\n   3.89529418533461581006e-03    2    2    3    6\n   4.21851883717592412992e-01    2    2    4    4\n  -1.29815724066307646833e-06    2    2    4    5\n   8.83609058268294000893e-02    2    2    4    6\n   5.03694088782694837647e-01    2    2    5    5\n   1.83457403981901196865e-06    2    2    5    6\n   1.78861952916441580008e-01    2    2    6    6\n   2.23969360554901741889e-02    2    3    2    3\n   2.54599698933365148346e-03    2    3    2    4\n   9.91181352813209247156e-08    2    3    2    5\n   3.25271413579090160929e-04    2    3    2    6\n   1.29649894160751920008e-08    2    3    3    3\n  -6.31977202600958639574e-08    2    3    3    4\n   2.34589274012719610496e-03    2    3    3    5\n  -2.28340748240738098056e-09    2    3    3    6\n  -1.06237538948145179711e-06    2    3    4    4\n   1.72600054455094853445e-02    2    3    4    5\n  -2.39664650863290259031e-07    2    3    4   