{
  "references": {
    "FCI": -10.606623624914487,
    "UCCSD": -10.6063194653708,
    "statevector": -10.572030748982312
  },
  "input": "&FCI\nNORB=6,\nNELEC=6,\nMS2=0,\nORBSYM=1,\nISYM=1,\n&END\n   7.32440907088759085575e-01    1    1    1    1\n   9.05930902142696695307e-04    1    1    1    2\n  -7.79785370903538657101e-08    1    1    1    3\n  -9.48973180256450395131e-03    1    1    1    4\n  -1.99474169204040768367e-07    1    1    1    5\n   1.26211454751489343673e-02    1    1    1    6\n   5.13966215148108696020e-01    1    1    2    2\n   5.45137138576263636251e-09    1    1    2    3\n   1.21746935166392650229e-01    1    1    2    4\n  -4.28473185551463675027e-06    1    1    2    5\n   4.27106233870088031201e-02    1    1    2    6\n   5.14660516577742144229e-01    1    1    3    3\n  -3.57836842280408617983e-06    1    1    3    4\n  -1.36363878394711895981e-01    1    1    3    5\n  -2.01670805964601700485e-06    1    1    3    6\n   3.81971821949327050572e-01    1    1    4    4\n  -5.42457104286028340403e-07    1    1    4    5\n   9.16943197263255932450e-02    1    1    4    6\n   4.62868682427577504690e-01    1    1    5    5\n   1.72638145429025019733e-06    1    1    5    6\n   1.59120732519422158902e-01    1    1    6    6\n   3.29644178242104110566e-02    1    2    1    2\n   2.59221998198566244850e-10    1    2    1    3\n   2.30900463795895780073e-02    1    2    1    4\n  -8.34693152789568290598e-07    1    2    1    5\n   8.69579067591893205280e-03    1    2    1    6\n   6.44160638770759254182e-05    1    2    2    2\n  -1.91492310012679106769e-09    1    2    2    3\n   9.66391994605016223588e-04    1    2    2    4\n  -1.67153084465836027980e-08    1    2    2    5\n  -3.16497233203040159982e-04    1    2    2    6\n   1.65158461146989107137e-06    1    2    3    3\n  -2.59619865059975343782e-08    1    2    3    4\n  -5.92965924852204787771e-04    1    2    3    5\n  -1.33710445516624952836e-08    1    2    3    6\n  -1.22076510917876993219e-03    1    2    4    4\n   4.11789588021128122967e-09    1    2    4    5\n   6.61391122543373015559e-04    1    2    4    6\n   1.35024515107349190419e-04    1    2    5    5\n  -2.59441810509351669428e-08    1    2    5    6\n  -1.71155111043488217118e-04    1    2    6    6\n   3.30707436577493615881e-02    1    3    1    3\n  -6.78062896688728307662e-07    1    3    1    4\n  -2.65641962963370226181e-02    1    3    1    5\n  -4.12098091289072176109e-07    1    3    1    6\n  -1.73745088936324036254e-09    1    3    2    2\n   3.20146319322508262229e-05    1    3    2    3\n  -4.83148130063760432896e-08    1    3    2    4\n  -1.40589522426129122845e-04    1    3    2    5\n  -1.93134667055422462592e-08    1    3    2    6\n  -5.69558785870926091532e-09    1    3    3    3\n   2.93395978979352233841e-04    1    3    3    4\n   6.85819299814047109666e-08    1    3    3    5\n  -5.62581767302174746113e-04    1    3    3    6\n   3.42139741319582598110e-08    1    3    4    4\n   5.60723332772048257445e-04    1    3    4    5\n  -1.87388732566031347167e-08    1    3    4    6\n   2.26627843836000524179e-08    1    3    5    5\n  -7.71475748410512798467e-04    1    3    5    6\n   2.22818110909848545787e-09    1    3    6    6\n   2.87728751376392470618e-02    1    4    1    4\n  -6.09307320859580801324e-08    1    4    1    5\n   1.03886230263608974472e-02    1    4    1    6\n  -4.42518188824599523895e-03    1    4    2    2\n  -1.34568360491886408830e-08    1    4    2    3\n  -3.12934482023552104635e-03    1    4    2    4\n   9.15322930074804319237e-08    1    4    2    5\n  -6.20869108875897468547e-04    1    4    2    6\n  -4.69140192436704427104e-03    1    4    3    3\n   8.86684157677947688816e-08    1    4    3    4\n   3.18831291862418453667e-03    1    4    3    5\n   3.51596833637225451889e-08    1    4    3    6\n  -3.38517045830527454463e-04    1    4    4    4\n   1.55337885804532662932e-08    1    4    4    5\n  -2.47133725048790178769e-03    1    4    4    6\n  -3.49437092485167712791e-03    1    4    5    5\n  -2.52977360903053997434e-08    1    4    5    6\n   1.20360284945962656838e-03    1    4    6    6\n   3.80486833985781841561e-02    1    5    1    5\n   1.89312574823187790958e-07    1    5    1    6\n  -9.09050212637266487267e-08    1    5    2    2\n  -1.56072397921751802354e-04    1    5    2    3\n  -6.11392096311277756259e-08    1    5    2    4\n   1.30602300400640893453e-04    1    5    2    5\n  -3.90032652464267828420e-08    1    5    2    6\n  -5.83936524914693294023e-08    1    5    3    3\n   3.81140543591851625911e-04    1    5    3    4\n   8.55650628342995262363e-08    1    5    3    5\n  -4.18956050903130457121e-04    1    5    3    6\n  -2.61687945036051806179e-08    1    5    4    4\n   5.74664019794193857253e-04    1    5    4    5\n  -2.48702311561470045415e-08    1    5    4    6\n  -2.90165154294012038705e-08    1    5    5    5\n  -1.21232335216867048722e-03    1    5    5    6\n   1.30393722884407793194e-08    1    5    6    6\n   4.74971812682008134171e-03    1    6    1    6\n   5.96337378803323946846e-03    1    6    2    2\n  -5.56495268735189344359e-09    1    6    2    3\n   3.91973876010936941178e-03    1    6    2    4\n  -1.46225682159551268260e-07    1    6    2    5\n   1.59570641794582672272e-03    1    6    2    6\n   5.90133972967793116182e-03    1    6    3    3\n  -1.13706375833249930832e-07    1    6    3    4\n  -4.54569811184635415302e-03    1    6    3    5\n  -7.55361749838972899868e-08    1    6    3    6\n   2.04656331338275588455e-03    1    6    4    4\n  -4.89201155038853792412e-09    1    6    4    5\n   2.24661499883152928139e-03    1    6    4    6\n   4.02018186765250567366e-03    1    6    5    5\n   3.43066598297642991955e-08    1    6    5    6\n  -2.53420981636947022925e-03    1    6    6    6\n   3.29644178242104110566e-02    2    1    2    1\n   6.44160638771155936652e-05    2    1    2    2\n  -1.91492310015113416593e-09    2    1    2    3\n   9.66391994605128004832e-04    2    1    2    4\n  -1.67153084470121154425e-08    2    1    2    5\n  -3.16497233203007688127e-04    2    1    2    6\n   1.65158461148903676883e-06    2    1    3    3\n  -2.59619865056367578996e-08    2    1    3    4\n  -5.92965924852179742700e-04    2    1    3    5\n  -1.33710445518695551345e-08    2    1    3    6\n  -1.22076510917864676682e-03    2    1    4    4\n   4.11789588294240661919e-09    2    1    4    5\n   6.61391122543398819571e-04    2    1    4    6\n   1.35024515107265435801e-04    2    1    5    5\n  -2.59441810490603653932e-08    2    1    5    6\n  -1.71155111043455176057e-04    2    1    6    6\n   5.65063358006050231452e-01    2    2    2    2\n   4.49262278904069544312e-09    2    2    2    3\n   3.44430189203419404032e-02    2    2    2    4\n  -1.05879612917029043363e-06    2    2    2    5\n   8.11908283728614114938e-03    2    2    2    6\n   5.18383509919495555351e-01    2    2    3    3\n  -8.78636387912404840475e-07    2    2    3    4\n  -2.92452107914533930566e-02    2    2    3    5\n  -3.31357241706005053067e-07    2    2    3    6\n   4.10122843292096916912e-01    2    2    4    4\n  -1.44274040545642508052e-06    2    2    4    5\n   9.39283343473256010503e-02    2    2    4    6\n   4.58955503790532348685e-01    2    2    5    5\n   1.23196274902996177327e-06    2    2    5    6\n   1.78618697952968225051e-01    2    2    6    6\n   2.35183716146645342693e-02    2    3    2    3\n  -6.15526391523956890499e-08    2    3    2    4\n  -2.15191809684901627989e-03    2    3    2    5\n  -2.34533734744240716868e-08    2    3    2    6\n   4.61358269057696126387e-09    2    3    3    3\n   2.26748782099900391199e-03    2    3    3    4\n  -7.19840953144215864455e-08    2    3    3    5\n   5.12894588542840181022e-04    2    3    3    6\n  -7.81990158833963196254e-07    2    3    4    4\n  -1.53626998597268058649e-02    2    3    4    5\n  -3.76688627416623705850e-07    2    3    4    