{
  "references": {
    "FCI": -5.550031058829347,
    "UCCSD": -5.550031014133553,
    "statevector": -5.550015955466055
  },
  "input": "&FCI\nNORB=4,\nNELEC=4,\nMS2=0,\nORBSYM=1,\nISYM=1,\n&END\n   5.98848684021257127164e-01    1    1    1    1\n  -3.53193320148515316907e-09    1    1    1    2\n   6.08890439956668814766e-07    1    1    1    3\n   3.36761563405756215561e-07    1    1    1    4\n   5.34419138268056759244e-01    1    1    2    2\n  -5.31769059161780934669e-03    1    1    2    3\n  -2.98592532088597572767e-03    1    1    2    4\n   2.23246948048363647032e-01    1    1    3    3\n   3.13818581626355841419e-02    1    1    3    4\n   1.56155861432942327793e-01    1    1    4    4\n   3.21760442698568321918e-02    1    2    1    2\n   7.38621953724086211489e-04    1    2    1    3\n   4.22001952804966138071e-04    1    2    1    4\n  -1.15839209918842391775e-08    1    2    2    2\n   3.54808804128345226069e-07    1    2    2    3\n   2.15814940906689052177e-07    1    2    2    4\n  -2.20666258618049086087e-08    1    2    3    3\n  -3.16629655540877298549e-09    1    2    3    4\n  -1.69265240617210380592e-08    1    2    4    4\n   3.15781468267554163779e-03    1    3    1    3\n   1.38213430981989275452e-03    1    3    1    4\n   1.85409086217909543344e-06    1    3    2    2\n  -3.91138057692743195854e-08    1    3    2    3\n  -1.81369742624999611141e-08    1    3    2    4\n  -2.97022375863787505273e-07    1    3    3    3\n  -1.55060203255930325402e-08    1    3    3    4\n  -3.34285723902107142772e-07    1    3    4    4\n   6.63550005676944863915e-04    1    4    1    4\n   1.10369770561403170931e-06    1    4    2    2\n  -2.25199042719639209086e-08    1    4    2    3\n  -1.09654577760638841454e-08    1    4    2    4\n  -1.45103976700951652480e-07    1    4    3    3\n  -1.80470722085621160041e-08    1    4    3    4\n  -1.80178684505542886286e-07    1    4    4    4\n   3.21760442698568807640e-02    2    1    2    1\n  -1.15839209919575091818e-08    2    1    2    2\n   3.54808804128380377936e-07    2    1    2    3\n   2.15814940906738444786e-07    2    1    2    4\n  -2.20666258616071264155e-08    2    1    3    3\n  -3.16629655539733804071e-09    2    1    3    4\n  -1.69265240620920384901e-08    2    1    4    4\n   8.15668394086260462039e-01    2    2    2    2\n  -1.05532682627974879613e-02    2    2    2    3\n  -5.16433475878504567175e-03    2    2    2    4\n   2.00304333748867191556e-01    2    2    3    3\n   3.00102524336591271192e-02    2    2    3    4\n   1.34167200464307606600e-01    2    2    4    4\n   7.66648321832824782007e-03    2    3    2    3\n   2.83294781057566403756e-03    2    3    2    4\n   2.62508129996178720886e-03    2    3    3    3\n  -1.85593448406861842939e-05    2    3    3    4\n   2.70626784824048614506e-03    2    3    4    4\n   1.09967178271119293310e-03    2    4    2    4\n   9.68962420718042839220e-04    2    4    3    3\n   1.39676836933456222870e-04    2    4    3    4\n   2.13846565333369485404e-03    2    4    4    4\n   3.15781468267553860202e-03    3    1    3    1\n  -3.91138057696106843097e-08    3    1    3    2\n  -2.97022375862899391227e-07    3    1    3    3\n  -1.55060203251614692535e-08    3    1    3    4\n  -3.34285723901201241035e-07    3    1    4    4\n   7.66648321832825475897e-03    3    2    3    2\n   2.62508129996175424911e-03    3    2    3    3\n  -1.85593448406984662716e-05    3    2    3    4\n   2.70626784824048614506e-03    3    2    4    4\n   3.46921785309979469059e-01    3    3    3    3\n   6.08995481932992840934e-03    3    3    3    4\n   3.58437320958365168710e-01    3    3    4    4\n   2.34340253442348288304e-02    3    4    3    4\n   4.22974643152411108882e-03    3    4    4    4\n   6.63550005676945839697e-04    4    1    4    1\n  -1.09654577762797418893e-08    4    1    4    2\n  -1.80470722078912659098e-08    4    1    4    3\n  -1.80178684506109974844e-07    4    1    4    4\n   1.09967178271119943832e-03    4    2    4    2\n   1.39676836933443890071e-04    4    2    4    3\n   2.13846565333370092557e-03    4    2    4    4\n   2.34340253442348288304e-02    4    3    4    3\n   4.22974643152440338972e-03    4    3    4    4\n   5.09747292302095367234e-01    4    4    4    4\n  -2.20006956079102389268e+00    1    1    0    0\n   1.51158541935851921879e-08    1    2    0    0\n  -3.96226336018625346355e-06    1    3    0    0\n  -2.32834203372670272449e-06    1    4    0    0\n   1.51158541936087502917e-08    2    1    0    0\n  -2.31884528200454598235e+00    2    2    0    0\n   2.19272713997572185618e-02    2    3    0    0\n   1.15581873533619171324e-02    2    4    0    0\n  -3.96226336018454584513e-06    3    1    0    0\n   2.19272713997572532563e-02    3    2    0    0\n  -4.34531762513390484859e-01    3    3    0    0\n  -1.18569139072194004725e-01    3    4    0    0\n  -2.32834203372529453222e-06    4    1    0    0\n   1.15581873533619552963e-02    4    2    0    0\n  -1.18569139072193935336e-01    4    3    0    0\n  -1.42470839377959318517e-01    4    4    0    0\n   1.58326517000761100462e+02    0    0    0    0\n",
  "init_state": "OPENQASM 2.0;\ninclude \"qelib1.inc\";\nqreg q[6];\nx q[0];\nx q[3];\n",
  "evolution_ops": [
    [
      "ZXZIYZ",
      0.125
    ]
  ],
  "optimal_point": [
    -0.029028279310180462
  ],
  "eigenvalue_history": [
    -5.550015955466055
  ],
  "cnots": 8,
  "depth": 11,
  "constants": {
    "hf_in_pbe": -207.717209205778,
    "hf_in_pbe_effective": -5.54998814295111
  },
  "offset": -202.16722106282688,
  "iterations": 1
}