{
  "references": {
    "FCI": -4.314088384508527,
    "UCCSD": -4.312498857689641,
    "statevector": -4.264174645649141
  },
  "input": "&FCI\nNORB=4,\nNELEC=4,\nMS2=0,\nORBSYM=1,\nISYM=1,\n&END\n   5.30666466817122373101e-01    1    1    1    1\n  -7.69793819386119223993e-11    1    1    1    2\n   6.51523743192968371387e-07    1    1    1    3\n   4.68784529955212150854e-02    1    1    1    4\n   4.87445643608516054890e-01    1    1    2    2\n   4.18321494272106547685e-02    1    1    2    3\n  -5.42057478982638033186e-07    1    1    2    4\n   4.46006717760810911244e-01    1    1    3    3\n   4.03740355020795510695e-07    1    1    3    4\n   4.98634828638626625974e-01    1    1    4    4\n   2.09571053315090079228e-02    1    2    1    2\n   3.50562381800283368385e-03    1    2    1    3\n  -3.44446702752783516618e-08    1    2    1    4\n  -2.36806628421091567330e-10    1    2    2    2\n   5.31815996294406458617e-08    1    2    2    3\n   3.03259691135205526960e-03    1    2    2    4\n   4.78420515453720537525e-07    1    2    3    3\n   1.84317283709890776533e-02    1    2    3    4\n  -5.17124470748128115976e-07    1    2    4    4\n   1.59507548663241002784e-02    1    3    1    3\n   2.11314352770727565173e-06    1    3    1    4\n   5.22525356761704273941e-07    1    3    2    2\n   2.07305976695253646686e-06    1    3    2    3\n   1.63034831364742248405e-02    1    3    2    4\n   1.53665148425971334674e-07    1    3    3    3\n   4.45311933738086896794e-04    1    3    3    4\n   9.68863656912710911462e-08    1    3    4    4\n   1.79203909208198758352e-01    1    4    1    4\n   3.71335532009423041622e-02    1    4    2    2\n   1.42639871769073861563e-01    1    4    2    3\n  -2.21716400059330379156e-06    1    4    2    4\n   8.70161343028160935709e-03    1    4    3    3\n  -6.21083645747879416736e-08    1    4    3    4\n   5.70638426829506682780e-03    1    4    4    4\n   2.09571053315090009839e-02    2    1    2    1\n  -2.36806628427925061467e-10    2    1    2    2\n   5.31815996293941980159e-08    2    1    2    3\n   3.03259691135204356022e-03    2    1    2    4\n   4.78420515453526672859e-07    2    1    3    3\n   1.84317283709890776533e-02    2    1    3    4\n  -5.17124470748219172018e-07    2    1    4    4\n   5.28130732952714176953e-01    2    2    2    2\n   4.52279294651215593714e-02    2    2    2    3\n  -5.87894535529050100313e-07    2    2    2    4\n   4.81588733236905486290e-01    2    2    3    3\n  -5.89615661277767717785e-07    2    2    3    4\n   4.60449366131082282738e-01    2    2    4    4\n   1.71496225811759911428e-01    2    3    2    3\n  -2.17298960038909110541e-06    2    3    2    4\n   1.13435941024790758191e-02    2    3    3    3\n  -6.66547178199548816122e-08    2    3    3    4\n   8.08428796549817002548e-03    2    3    4    4\n   1.67012660376988607280e-02    2    4    2    4\n  -1.28040607004459739633e-07    2    4    3    3\n  -4.03653213393858972206e-05    2    4    3    4\n  -7.47201761382632260634e-08    2    4    4    4\n   1.59507548663241037479e-02    3    1    3    1\n   2.07305976695252757301e-06    3    1    3    2\n   1.53665148425726621562e-07    3    1    3    3\n   4.45311933738083373137e-04    3    1    3    4\n   9.68863656905012705460e-08    3    1    4    4\n   1.71496225811759911428e-01    3    2    3    2\n   1.13435941024792145970e-02    3    2    3    3\n  -6.66547178261871382798e-08    3    2    3    4\n   8.08428796549807461569e-03    3    2    4    4\n   4.58826598581001721122e-01    3    3    3    3\n  -7.06875971248279051911e-08    3    3    3    4\n   4.35028950367649602793e-01    3    3    4    4\n   1.85492073237481687464e-02    3    4    3    4\n  -7.06583195381582427566e-08    3    4    4    4\n   1.79203909208198536307e-01    4    1    4    1\n  -2.21716400059304841113e-06    4    1    4    2\n  -6.21083645733301450318e-08    4    1    4    3\n   5.70638426829497575482e-03    4    1    4    4\n   1.67012660376988537891e-02    4    2    4    2\n  -4.03653213393922533558e-05    4    2    4    3\n  -7.47201761394299610087e-08    4    2    4    4\n   1.85492073237481583381e-02    4    3    4    3\n  -7.06583195358577012719e-08    4    3    4    4\n   4.88412790897172266469e-01    4    4    4    4\n  -1.78991872567246845804e+00    1    1    0    0\n   3.13786009989073635746e-10    1    2    0    0\n  -1.64339285708519292078e-06    1    3    0    0\n  -1.18112962486053851840e-01    1    4    0    0\n   3.13786010234436291740e-10    2    1    0    0\n  -1.78695030606573412868e+00    2    2    0    0\n  -1.25386604501539905554e-01    2    3    0    0\n   1.63756482321995389543e-06    2    4    0    0\n  -1.64339285708564693044e-06    3    1    0    0\n  -1.25386604501540044332e-01    3    2    0    0\n  -1.38876390689516560073e+00    3    3    0    0\n   3.11904539822484219854e-07    3    4    0    0\n  -1.18112962486053990618e-01    4    1    0    0\n   1.63756482322077382332e-06    4    2    0    0\n   3.11904539825000754740e-07    4    3    0    0\n  -1.43647611158203125648e+00    4    4    0    0\n   1.45975278383286621420e+02    0    0    0    0\n",
  "init_state": "OPENQASM 2.0;\ninclude \"qelib1.inc\";\nqreg q[6];\nx q[0];\nx q[3];\n",
  "evolution_ops": [
    [
      "IIIXZY",
      -0.25
    ],
    [
      "XZYIII",
      -0.25
    ],
    [
      "XXXYXX",
      0.125
    ]
  ],
  "optimal_point": [
    0.386177208756785,
    1.0761352881850272,
    -2.2673545445223646
  ],
  "eigenvalue_history": [
    -4.214495095068615,
    -4.241761568924329,
    -4.264174645649141
  ],
  "cnots": 18,
  "depth": 21,
  "constants": {
    "hf_in_pbe": -207.941716547282,
    "hf_in_pbe_effective": -4.18707249993552
  },
  "offset": -203.7546440473465,
  "iterations": 3
}