{
  "references": {
    "FCI": -4.960508063213018,
    "UCCSD": -4.960344499687236,
    "statevector": -4.920462871026174
  },
  "input": "&FCI\nNORB=4,\nNELEC=4,\nMS2=0,\nORBSYM=1,\nISYM=1,\n&END\n   5.65063358006050231452e-01    1    1    1    1\n   4.49262278904069544312e-09    1    1    1    2\n   3.44430189203419404032e-02    1    1    1    3\n  -1.05879612917029043363e-06    1    1    1    4\n   5.18383509919495555351e-01    1    1    2    2\n  -8.78636387912404840475e-07    1    1    2    3\n  -2.92452107914533930566e-02    1    1    2    4\n   4.10122843292096916912e-01    1    1    3    3\n  -1.44274040545642508052e-06    1    1    3    4\n   4.58955503790532348685e-01    1    1    4    4\n   2.35183716146645342693e-02    1    2    1    2\n  -6.15526391523956890499e-08    1    2    1    3\n  -2.15191809684901627989e-03    1    2    1    4\n   4.61358269057696126387e-09    1    2    2    2\n   2.26748782099900391199e-03    1    2    2    3\n  -7.19840953144215864455e-08    1    2    2    4\n  -7.81990158833963196254e-07    1    2    3    3\n  -1.53626998597268058649e-02    1    2    3    4\n   1.12517706835968732592e-06    1    2    4    4\n   1.06056670830844287923e-01    1    3    1    3\n  -3.47591552095762285312e-06    1    3    1    4\n   3.04247035448434698102e-02    1    3    2    2\n  -2.80157118906145476589e-06    1    3    2    3\n  -9.77069236789430695111e-02    1    3    2    4\n   4.72209856103467714300e-03    1    3    3    3\n  -1.10060074627304366608e-07    1    3    3    4\n   1.36051968889626170162e-02    1    3    4    4\n   1.44619831493090107710e-02    1    4    1    4\n  -9.36348421334738030405e-07    1    4    2    2\n  -1.23877352412770716517e-02    1    4    2    3\n   4.00827403834165017847e-06    1    4    2    4\n  -9.70515046299021278537e-08    1    4    3    3\n   9.03833685428387378913e-04    1    4    3    4\n  -4.37730148857214333234e-07    1    4    4    4\n   2.35183716146645307998e-02    2    1    2    1\n   4.61358269049284030429e-09    2    1    2    2\n   2.26748782099901258560e-03    2    1    2    3\n  -7.19840953146299565505e-08    2    1    2    4\n  -7.81990158834013382956e-07    2    1    3    3\n  -1.53626998597268110691e-02    2    1    3    4\n   1.12517706835952977780e-06    2    1    4    4\n   5.65780598647216081964e-01    2    2    2    2\n  -1.02385021172127880689e-06    2    2    2    3\n  -3.40990425727555612756e-02    2    2    2    4\n   3.83601052868588310307e-01    2    2    3    3\n   4.25762135033309343461e-07    2    2    3    4\n   4.94961400558875885825e-01    2    2    4    4\n   1.08503262386583278903e-02    2    3    2    3\n   3.21992808676569311439e-06    2    3    2    4\n  -1.38718109597450067183e-07    2    3    3    3\n  -7.86124747238315844076e-04    2    3    3    4\n  -3.75866268701008918950e-07    2    3    4    4\n   1.42145897461002840290e-01    2    4    2    4\n  -2.74706117934105271960e-03    2    4    3    3\n   6.78842700209243881998e-08    2    4    3    4\n  -1.36581224127380468358e-02    2    4    4    4\n   1.06056670830844218534e-01    3    1    3    1\n  -2.80157118906099609755e-06    3    1    3    2\n   4.72209856103467974509e-03    3    1    3    3\n  -1.10060074619676834918e-07    3    1    3    4\n   1.36051968889626707926e-02    3    1    4    4\n   1.08503262386583382987e-02    3    2    3    2\n  -1.38718109597860348767e-07    3    2    3    3\n  -7.86124747238324842954e-04    3    2    3    4\n  -3.75866268701022842054e-07    3    2    4    4\n   3.71151463825174110500e-01    3    3    3    3\n  -3.05695904023328831559e-07    3    3    3    4\n   3.68739832709868375904e-01    3    3    4    4\n   1.41779819973547049905e-02    3    4    3    4\n  -3.94809705872200693162e-07    3    4    4    4\n   1.44619831493090246488e-02    4    1    4    1\n   4.00827403834210503516e-06    4    1    4    2\n   9.03833685428399955658e-04    4    1    4    3\n  -4.37730148857420268120e-07    4    1    4    4\n   1.42145897461002868045e-01    4    2    4    2\n   6.78842700313200235614e-08    4    2    4    3\n  -1.36581224127377415245e-02    4    2    4    4\n   1.41779819973547084599e-02    4    3    4    3\n  -3.94809705874444112863e-07    4    3    4    4\n   4.65830540721788477487e-01    4    4    4    4\n  -2.01731863510364650693e+00    1    1    0    0\n  -9.10620547969751024178e-09    1    2    0    0\n  -9.30249381890303761455e-02    1    3    0    0\n   2.85950887652537886872e-06    1    4    0    0\n  -9.10620547952488757411e-09    2    1    0    0\n  -2.01801675457817930592e+00    2    2    0    0\n   2.71957034839245300725e-06    2    3    0    0\n   9.04375460588137114470e-02    2    4    0    0\n  -9.30249381890304871678e-02    3    1    0    0\n   2.71957034839318823185e-06    3    2    0    0\n  -1.10115650624605909691e+00    3    3    0    0\n   1.77796910665153109061e-06    3    4    0    0\n   2.85950887652611028167e-06    4    1    0    0\n   9.04375460588138502249e-02    4    2    0    0\n   1.77796910666394732307e-06    4    3    0    0\n  -1.36057118664256937457e+00    4    4    0    0\n   1.52301266424212542461e+02    0    0    0    0\n",
  "init_state": "OPENQASM 2.0;\ninclude \"qelib1.inc\";\nqreg q[6];\nx q[0];\nx q[3];\n",
  "evolution_ops": [
    [
      "IIIXZY",
      -0.25
    ]
  ],
  "optimal_point": [
    0.14657812913159352
  ],
  "eigenvalue_history": [
    -4.920462871026174
  ],
  "cnots": 4,
  "depth": 8,
  "constants": {
    "hf_in_pbe": -208.046730655738,
    "hf_in_pbe_effective": -4.91332952626173
  },
  "offset": -203.13340112947628,
  "iterations": 1
}