{
  "references": {
    "FCI": -3.9441997630260723,
    "UCCSD": -3.9307251833272816,
    "statevector": -3.8662282174925275
  },
  "input": "&FCI\nNORB=4,\nNELEC=4,\nMS2=0,\nORBSYM=1,\nISYM=1,\n&END\n   5.32861482930124807922e-01    1    1    1    1\n  -4.04577460442482690812e-09    1    1    1    2\n   9.70568370536543933991e-02    1    1    1    3\n  -7.80902312621293512193e-07    1    1    1    4\n   4.86662312672017760562e-01    1    1    2    2\n   6.67475555544455111153e-07    1    1    2    3\n   8.19413841502158735164e-02    1    1    2    4\n   4.42401885376003500827e-01    1    1    3    3\n  -2.88355508388359133769e-07    1    1    3    4\n   4.18230609734068392580e-01    1    1    4    4\n   2.23118737925325424931e-02    1    2    1    2\n   5.97954806590063050605e-08    1    2    1    3\n   7.56709341349455933551e-03    1    2    1    4\n  -4.13396708575593274000e-09    1    2    2    2\n   7.17665490601472871174e-03    1    2    2    3\n  -5.91554904939616362833e-08    1    2    2    4\n   2.58679938387941855145e-07    1    2    3    3\n   1.64518653680831815345e-02    1    2    3    4\n  -2.73448168841643093123e-07    1    2    4    4\n   1.80828674320048815582e-01    1    3    1    3\n  -1.36246357533766945639e-06    1    3    1    4\n   7.88357440462343767029e-02    1    3    2    2\n   1.33832337286757861679e-06    1    3    2    3\n   1.53025832840650910516e-01    1    3    2    4\n  -4.11932831564389492773e-02    1    3    3    3\n   6.69917359053138302180e-08    1    3    3    4\n  -3.18435933479996810536e-02    1    3    4    4\n   1.56700753505228870810e-02    1    4    1    4\n  -6.32786971129510134294e-07    1    4    2    2\n   1.54836181395857728355e-02    1    4    2    3\n  -1.38616648122442225021e-06    1    4    2    4\n   2.95484133488923994016e-07    1    4    3    3\n  -3.77948192197709092674e-03    1    4    3    4\n   3.39763464726307285592e-07    1    4    4    4\n   2.23118737925325355542e-02    2    1    2    1\n  -4.13396708574283019910e-09    2    1    2    2\n   7.17665490601471656867e-03    2    1    2    3\n  -5.91554904939747652940e-08    2    1    2    4\n   2.58679938387879439405e-07    2    1    3    3\n   1.64518653680831676567e-02    2    1    3    4\n  -2.73448168841667815898e-07    2    1    4    4\n   5.29797803710453152348e-01    2    2    2    2\n   7.58599305608216292766e-07    2    2    2    3\n   9.31287278570990390003e-02    2    2    2    4\n   4.11173385201624275176e-01    2    2    3    3\n   2.42919281250880776039e-07    2    2    3    4\n   4.52828404479838686481e-01    2    2    4    4\n   1.53091083154370168756e-02    2    3    2    3\n   1.36069658883887206199e-06    2    3    2    4\n  -3.29106748738823557736e-07    2    3    3    3\n  -4.03461806045575608476e-03    2    3    3    4\n  -2.45859821237073925857e-07    2    3    4    4\n   1.87256992288544449332e-01    2    4    2    4\n  -3.53440254113181265283e-02    2    4    3    3\n   4.46944825588912557346e-09    2    4    3    4\n  -4.17705056322312251460e-02    2    4    4    4\n   1.80828674320048787827e-01    3    1    3    1\n   1.33832337286727262613e-06    3    1    3    2\n  -4.11932831564387966217e-02    3    1    3    3\n   6.69917359061750509672e-08    3    1    3    4\n  -3.18435933479996394202e-02    3    1    4    4\n   1.53091083154370116715e-02    3    2    3    2\n  -3.29106748739050244928e-07    3    2    3    3\n  -4.03461806045575608476e-03    3    2    3    4\n  -2.45859821236894248993e-07    3    2    4    4\n   4.62969905690776784013e-01    3    3    3    3\n  -4.78916809181145693456e-08    3    3    3    4\n   4.30582823221660360158e-01    3    3    4    4\n   1.95174794955382778505e-02    3    4    3    4\n  -4.56841387685546283229e-08    3    4    4    4\n   1.56700753505229044282e-02    4    1    4    1\n  -1.38616648122395066462e-06    4    1    4    2\n  -3.77948192197709092674e-03    4    1    4    3\n   3.39763464726318085262e-07    4    1    4    4\n   1.87256992288544310554e-01    4    2    4    2\n   4.46944825562924527733e-09    4    2    4    3\n  -4.17705056322312875960e-02    4    2    4    4\n   1.95174794955382917283e-02    4    3    4    3\n  -4.56841387687599544033e-08    4    3    4    4\n   4.77265910210117438872e-01    4    4    4    4\n  -1.68217314218809366189e+00    1    1    0    0\n   8.17974169026445130096e-09    1    2    0    0\n  -2.47551670240108545595e-01    1    3    0    0\n   1.98732076438619742202e-06    1    4    0    0\n   8.17974169026788575487e-09    2    1    0    0\n  -1.67776329931684986541e+00    2    2    0    0\n  -2.03375493603937508932e-06    2    3    0    0\n  -2.49444402744036147768e-01    2    4    0    0\n  -2.47551670240108240284e-01    3    1    0    0\n  -2.03375493603892616186e-06    3    2    0    0\n  -1.31539631899492781564e+00    3    3    0    0\n   8.91054677748768072921e-08    3    4    0    0\n   1.98732076438614787059e-06    4    1    0    0\n  -2.49444402744035842456e-01    4    2    0    0\n   8.91054677787294307736e-08    4    3    0    0\n  -1.33969413990220553856e+00    4    4    0    0\n   1.40229723085639506053e+02    0    0    0    0\n",
  "init_state": "OPENQASM 2.0;\ninclude \"qelib1.inc\";\nqreg q[6];\nx q[0];\nx q[3];\n",
  "evolution_ops": [
    [
      "IIIXZY",
      -0.25
    ],
    [
      "XZYIII",
      -0.25
    ],
    [
      "IYXIII",
      0.5
    ],
    [
      "YXZXXZ",
      0.125
    ]
  ],
  "optimal_point": [
    0.35246546033534554,
    -1.6836981984467652,
    1.0210347044409256,
    -2.7121028575111676
  ],
  "eigenvalue_history": [
    -3.8038375458802864,
    -3.848365589769417,
    -3.8508591088005346,
    -3.8662282174925275
  ],
  "cnots": 20,
  "depth": 28,
  "constants": {
    "hf_in_pbe": -207.649661764145,
    "hf_in_pbe_effective": -3.7551880932663
  },
  "offset": -203.8944736708787,
  "iterations": 4
}