{
  "references": {
    "FCI": -8.461336593166743,
    "UCCSD": -8.444101634298345,
    "statevector": -8.352721133654175
  },
  "input": "&FCI\nNORB=6,\nNELEC=6,\nMS2=0,\nORBSYM=1,\nISYM=1,\n&END\n   5.01761085083705427046e-01    1    1    1    1\n   2.12165633785149442382e-04    1    1    1    2\n  -5.93807671752482209809e-08    1    1    1    3\n   1.82000884671129690810e-03    1    1    1    4\n  -5.90208966397926546458e-08    1    1    1    5\n  -1.66472263567023215369e-02    1    1    1    6\n   4.13700236936281995348e-01    1    1    2    2\n  -2.43773565815590587885e-09    1    1    2    3\n   4.06293612419028754568e-02    1    1    2    4\n   4.16173781063940615872e-07    1    1    2    5\n  -3.11804033689411968025e-03    1    1    2    6\n   4.14834225184776417272e-01    1    1    3    3\n   3.96475581032402052486e-07    1    1    3    4\n  -4.26046673432209435650e-02    1    1    3    5\n  -9.72599932979859127215e-08    1    1    3    6\n   4.36882678635843457737e-01    1    1    4    4\n   3.69631674273346154001e-08    1    1    4    5\n  -9.43086684693942092772e-03    1    1    4    6\n   4.43220690647228354742e-01    1    1    5    5\n   2.75858253887043659109e-07    1    1    5    6\n   4.04977824219012350060e-01    1    1    6    6\n   2.76122572625229802112e-02    1    2    1    2\n   1.76515018987056900062e-10    1    2    1    3\n   9.48672221948859695217e-03    1    2    1    4\n   9.52632514675835559855e-08    1    2    1    5\n  -5.61430738245062869660e-04    1    2    1    6\n   2.46841554608073960892e-04    1    2    2    2\n   5.88315293339962538088e-09    1    2    2    3\n  -1.20026225137704464969e-04    1    2    2    4\n  -7.76452133725230717278e-09    1    2    2    5\n   1.38322831516929606148e-03    1    2    2    6\n   2.60972252314658852406e-04    1    2    3    3\n  -3.10820398059537510183e-08    1    2    3    4\n   9.78226232417872798011e-05    1    2    3    5\n   1.01265376441937952564e-09    1    2    3    6\n  -1.72054789316436636520e-04    1    2    4    4\n   4.87248171650498481397e-09    1    2    4    5\n  -1.54509084290481886470e-02    1    2    4    6\n   1.85162490421436344264e-04    1    2    5    5\n  -1.53311833804727853294e-07    1    2    5    6\n   1.52062190012271680924e-03    1    2    6    6\n   2.78578269092143865349e-02    1    3    1    3\n   9.45823396061749514724e-08    1    3    1    4\n  -9.87342155228668541533e-03    1    3    1    5\n   1.05067238249776781437e-07    1    3    1    6\n   1.32402883655338191508e-07    1    3    2    2\n  -1.21438134259248186147e-07    1    3    2    3\n  -1.96190925829726349134e-07    1    3    2    4\n   3.48052604710536237073e-05    1    3    2    5\n   6.13990315480512737001e-09    1    3    2    6\n   1.41088729898774533809e-07    1    3    3    3\n   9.03542621495592989398e-05    1    3    3    4\n   2.16818596739277539431e-07    1    3    3    5\n   1.09721325617786742528e-03    1    3    3    6\n  -6.07090516953410767210e-08    1    3    4    4\n   9.09973528935814998013e-05    1    3    4    5\n  -1.49095887643602937746e-07    1    3    4    6\n  -5.66108331433899389204e-08    1    3    5    5\n   1.58235609311391488274e-02    1    3    5    6\n   1.92710068965020208038e-07    1    3    6    6\n   3.50241333796914994236e-02    1    4    1    4\n   2.24028547907438412058e-09    1    4    1    5\n  -9.90596298017727520946e-04    1    4    1    6\n   1.83318357485478438187e-03    1    4    2    2\n  -2.61532355658751353115e-08    1    4    2    3\n  -6.62244680348836821902e-04    1    4    2    4\n  -1.47149646229830032590e-10    1    4    2    5\n  -1.16577019297484495847e-02    1    4    2    6\n   1.93273278322681103802e-03    1    4    3    3\n  -3.02757133807204487136e-08    1    4    3    4\n   4.14229424564848997155e-04    1    4    3    5\n  -1.14679010122402773046e-07    1    4    3    6\n   1.03986302500203562672e-03    1    4    4    4\n   7.88622989479432817724e-09    1    4    4    5\n  -1.45683525611893238683e-02    1    4    4    6\n   1.55227167617119220407e-03    1    4    5    5\n  -1.08969526519076643070e-09    1    4    5    6\n   3.21182652560086934201e-03    1    4    6    6\n   3.58640253293843955240e-02    1    5    1    5\n   3.09374975623359330419e-08    1    5    1    6\n  -6.97394000583825086605e-08    1    5    2    2\n   3.86850873926173735085e-05    1    5    2    3\n   1.14611642317861722226e-08    1    5    2    4\n  -1.82358337665632547252e-05    1    5    2    5\n  -1.15596395000257671841e-07    1    5    2    6\n  -1.85847891041820146707e-08    1    5    3    3\n   6.31077312883681219424e-05    1    5    3    4\n  -2.98382245354379520280e-08    1    5    3    5\n   1.19909029029740578365e-02    1    5    3    6\n  -4.35927285632898383982e-08    1    5    4    4\n   4.74446557602324940021e-05    1    5    4    5\n  -3.14144217914106604588e-10    1    5    4    6\n  -6.36346859502241348786e-08    1    5    5    5\n  -1.47723791559655707323e-02    1    5    5    6\n  -1.36589439933947326225e-07    1    5    6    6\n   8.31693820680435152992e-02    1    6    1    6\n   6.86781363317506832189e-02    1    6    2    2\n  -5.83406718400356382952e-10    1    6    2    3\n  -9.17780580602798323753e-02    1    6    2    4\n  -9.07094134500960132717e-07    1    6    2    5\n   3.25848714937370092376e-03    1    6    2    6\n   6.70356230555356064071e-02    1    6    3    3\n  -9.03249332519870392643e-07    1    6    3    4\n   9.31605935680182850600e-02    1    6    3    5\n   1.50509189392699759304e-07    1    6    3    6\n  -2.14139465918414435841e-02    1    6    4    4\n  -2.07388591676366108824e-08    1    6    4    5\n   2.06176749617352581684e-03    1    6    4    6\n  -2.00309989061268275967e-02    1    6    5    5\n  -1.83964893414243556151e-07    1    6    5    6\n   7.60942474424940312749e-02    1    6    6    6\n   2.76122572625229732723e-02    2    1    2    1\n   2.46841554608179562184e-04    2    1    2    2\n   5.88315293323656161237e-09    2    1    2    3\n  -1.20026225137728642677e-04    2    1    2    4\n  -7.76452133641941405092e-09    2    1    2    5\n   1.38322831516923924929e-03    2    1    2    6\n   2.60972252314709159387e-04    2    1    3    3\n  -3.10820398062976860995e-08    2    1    3    4\n   9.78226232418280458028e-05    2    1    3    5\n   1.01265376402520273475e-09    2    1    3    6\n  -1.72054789316337215180e-04    2    1    4    4\n   4.87248171758633155898e-09    2    1    4    5\n  -1.54509084290481938512e-02    2    1    4    6\n   1.85162490421416747310e-04    2    1    5    5\n  -1.53311833803164759869e-07    2    1    5    6\n   1.52062190012267691060e-03    2    1    6    6\n   5.45134723400841236796e-01    2    2    2    2\n  -4.45865178660848050934e-09    2    2    2    3\n  -1.10534183694212861937e-01    2    2    2    4\n  -1.07948178173939102493e-06    2    2    2    5\n   1.56916413808731920222e-03    2    2    2    6\n   4.96340106489763843722e-01    2    2    3    3\n  -9.23868047061742649982e-07    2    2    3    4\n   9.37214242346042641918e-02    2    2    3    5\n   5.95316018762721955480e-08    2    2    3    6\n   4.23218697766286788831e-01    2    2    4    4\n   3.00357743358146113085e-07    2    2    4    5\n  -7.84416084886365057305e-03    2    2    4    6\n   4.00570787417716178691e-01    2    2    5    5\n   4.85093679605135864874e-08    2    2    5    6\n   4.77445907034102279276e-01    2    2    6    6\n   2.35844510793618115929e-02    2    3    2    3\n  -8.24133402298759810917e-08    2    3    2    4\n   8.62105991189350724657e-03    2    3    2    5\n   1.28561349206646933262e-08    2    3    2    6\n  -4.58264100825349991067e-09    2    3    3    3\n  -8.26445459422343181588e-03    2    3    3    4\n  -8.27204255222502160241e-08    2    3    3    5\n   1.67990380282889077528e-04    2    3    3    6\n   2.94232875597707695661e-07    2    3    4    4\n  -1.52832787453195066002e-02    2    3    4    5\n  -1.88116472244651272450e-08    2    3    4    