{
  "references": {
    "FCI": -4.959000083263189,
    "UCCSD": -4.958847012310239,
    "statevector": -4.920985621748976,
    "ibm_cairo LinearExtrapolator(1,3,5)": {
      "mean": -4.8905896750035165,
      "stddev": 0.025243668130323516,
      "nsamples": 10
    },
    "ibm_cairo LinearExtrapolator(1,3,5) full noisy vqe": -4.769730928911656
  },
  "input": "&FCI\nNORB=4,\nNELEC=4,\nMS2=0,\nORBSYM=1,\nISYM=1,\n&END\n   5.65045614908177173952e-01    1    1    1    1\n  -2.56585654847695969937e-09    1    1    1    2\n   3.34596399639321695485e-02    1    1    1    3\n  -5.00344821854898452686e-07    1    1    1    4\n   5.18382492103906411529e-01    1    1    2    2\n  -3.08876079497470352374e-07    1    1    2    3\n  -2.92927311519740052326e-02    1    1    2    4\n   3.90536258246151457563e-01    1    1    3    3\n  -1.36082543317692569447e-06    1    1    3    4\n   4.59542551965588963458e-01    1    1    4    4\n   2.35195424274900304062e-02    1    2    1    2\n  -2.84506484021898066954e-08    1    2    1    3\n  -2.15602712328489621099e-03    1    2    1    4\n  -2.49953173676239589973e-09    1    2    2    2\n   2.20777416512568484819e-03    1    2    2    3\n  -2.51672444441919205281e-08    1    2    2    4\n  -2.65779936207418960878e-07    1    2    3    3\n  -1.47958995173570456022e-02    1    2    3    4\n   5.17589183970750121782e-07    1    2    4    4\n   9.82901164929718407226e-02    1    3    1    3\n  -1.57667763228783137114e-06    1    3    1    4\n   2.95884562955383151328e-02    1    3    2    2\n  -9.46707484237176547782e-07    1    3    2    3\n  -9.41088884081360682599e-02    1    3    2    4\n   2.67810615443713363054e-03    1    3    3    3\n  -1.41611298834149740555e-07    1    3    3    4\n   1.33871183218020241984e-02    1    3    4    4\n   1.44988073789498479044e-02    1    4    1    4\n  -4.40624433888621918698e-07    1    4    2    2\n  -1.19329211635205885422e-02    1    4    2    3\n   1.85447315007176147857e-06    1    4    2    4\n  -3.17599197875331560871e-08    1    4    3    3\n   8.70189721250367968775e-04    1    4    3    4\n  -2.15511265395290197545e-07    1    4    4    4\n   2.35195424274900234674e-02    2    1    2    1\n  -2.49953173673364930549e-09    2    1    2    2\n   2.20777416512568658291e-03    2    1    2    3\n  -2.51672444440640119356e-08    2    1    2    4\n  -2.65779936207313928792e-07    2    1    3    3\n  -1.47958995173570351939e-02    2    1    3    4\n   5.17589183970506176293e-07    2    1    4    4\n   5.65803365877123209948e-01    2    2    2    2\n  -3.58233956255774041926e-07    2    2    2    3\n  -3.41971161985531041383e-02    2    2    2    4\n   3.65914789624097402942e-01    2    2    3    3\n  -6.16315910600137920050e-07    2    2    3    4\n   4.95639520513479481245e-01    2    2    4    4\n   1.01261149129214383935e-02    2    3    2    3\n   1.09951241883911230241e-06    2    3    2    4\n  -2.93843996221797250829e-08    2    3    3    3\n  -6.62531373554747847303e-04    2    3    3    4\n  -1.12021060802998894218e-07    2    3    4    4\n   1.42474425171230573151e-01    2    4    2    4\n  -1.11450957983609652731e-03    2    4    3    3\n   1.35221560202381009823e-07    2    4    3    4\n  -1.37917716555056163452e-02    2    4    4    4\n   9.82901164929718129670e-02    3    1    3    1\n  -9.46707484236867168998e-07    3    1    3    2\n   2.67810615443703258290e-03    3    1    3    3\n  -1.41611298831088987000e-07    3    1    3    4\n   1.33871183218021681804e-02    3    1    4    4\n   1.01261149129214331893e-02    3    2    3    2\n  -2.93843996217320681702e-08    3    2    3    3\n  -6.62531373554737113701e-04    3    2    3    4\n  -1.12021060802141590997e-07    3    2    4    4\n   3.52870032855811754935e-01    3    3    3    3\n  -5.16516988908490536081e-07    3    3    3    4\n   3.53559802129604250354e-01    3    3    4    4\n   1.33184292611907405951e-02    3    4    3    4\n  -8.42687252622954637538e-07    3    4    4    4\n   1.44988073789498461696e-02    4    1    4    1\n   1.85447315007250305592e-06    4    1    4    2\n   8.70189721250369378237e-04    4    1    4    3\n  -2.15511265394481228141e-07    4    1    4    4\n   1.42474425171230462128e-01    4    2    4    2\n   1.35221560194168231306e-07    4    2    4    3\n  -1.37917716555057325717e-02    4    2    4    4\n   1.33184292611907440645e-02    4    3    4    3\n  -8.42687252624557753269e-07    4    3    4    4\n   4.66703565888497096115e-01    4    4    4    4\n  -2.01760311897303878936e+00    1    1    0    0\n   5.06538828540579591888e-09    1    2    0    0\n  -9.04287783898830160867e-02    1    3    0    0\n   1.35642644518775708061e-06    1    4    0    0\n   5.06538828537626970691e-09    2    1    0    0\n  -2.01828801799201684730e+00    2    2    0    0\n   9.47535466849279216201e-07    2    3    0    0\n   9.06265513792169075113e-02    2    4    0    0\n  -9.04287783898832797647e-02    3    1    0    0\n   9.47535466849148455490e-07    3    2    0    0\n  -1.03697643442876219488e+00    3    3    0    0\n   3.47711747413677357859e-06    3    4    0    0\n   1.35642644518796375665e-06    4    1    0    0\n   9.06265513792167132223e-02    4    2    0    0\n   3.47711747413358788768e-06    4    3    0    0\n  -1.36281046475213174496e+00    4    4    0    0\n   1.52301266424212542461e+02    0    0    0    0\n",
  "init_state": "OPENQASM 2.0;\ninclude \"qelib1.inc\";\nqreg q[6];\nx q[0];\nx q[3];\n",
  "evolution_ops": [
    [
      "IIIXZY",
      -0.25
    ]
  ],
  "optimal_point": [
    0.31783759216950697
  ],
  "eigenvalue_history": [
    -4.920985610303177
  ],
  "cnots": 4,
  "depth": 8,
  "constants": {
    "hf_in_pbe": -208.0476909811,
    "hf_in_pbe_effective": -4.91444240958416
  },
  "offset": -203.13324857151585,
  "results": [
    {
      "eigenvalue": -4.907207698455843,
      "metadata": [
        {
          "zne": {
            "noise_amplification": {
              "noise_amplifier": "<LocalFoldingAmplifier:{'gates_to_fold': None, 'noise_factor_relative_tolerance': 0.01, 'random_seed': None, 'sub_folding_option': 'from_first'}>",
              "noise_factors": [
                1,
                3,
                5
              ],
              "values": [
                -4.788377727318395,
                -4.529930867228034,
                -4.2964283085162345
              ],
              "variance": [
                0.141957452676232,
                0.3062510152500201,
                0.4083687317337792
              ],
              "shots": [
                8192,
                8192,
                8192
              ]
            },
            "extrapolation": {
              "extrapolator": "LinearExtrapolator"
            }
          }
        }
      ]
    },
    {
      "eigenvalue": -4.900016160612242,
      "metadata": [
        {
          "zne": {
            "noise_amplification": {
              "noise_amplifier": "<LocalFoldingAmplifier:{'gates_to_fold': None, 'noise_factor_relative_tolerance': 0.01, 'random_seed': None, 'sub_folding_option': 'from_first'}>",
              "noise_factors": [
                1,
                3,
                5
              ],
              "values": [
                -4.778972238627772,
                -4.527737581892436,
                -4.287479100476781
              ],
              "variance": [
                0.14387833998013416,
                0.2786993199891436,
                0.3662094097176323
              ],
              "shots": [
                8192,
                8192,
                8192
              ]
            },
            "extrapolation": {
              "extrapolator": "LinearExtrapolator"
            }
          }
        }
      ]
    },
    {
      "eigenvalue": -4.834568804514022,