{
  "references": {
    "FCI": -3.9844472997133877,
    "UCCSD": -3.9781608698637667,
    "statevector": -3.8922986367124874,
    "ibm_cairo LinearExtrapolator(1,3,5)": {
      "mean": -3.8469885016269436,
      "stddev": 0.04899761969108433,
      "nsamples": 10
    },
    "ibm_cairo LinearExtrapolator(1,3,5) full noisy vqe": -3.8165517415973804
  },
  "input": "&FCI\nNORB=4,\nNELEC=4,\nMS2=0,\nORBSYM=1,\nISYM=1,\n&END\n   5.25125028683879002678e-01    1    1    1    1\n   4.78977294870939124637e-09    1    1    1    2\n  -8.33597924258226569139e-02    1    1    1    3\n   7.66793112205605613155e-07    1    1    1    4\n   4.80460813229926841927e-01    1    1    2    2\n   6.63010367888184838877e-07    1    1    2    3\n   7.02403533573783545041e-02    1    1    2    4\n   4.58124787425270740826e-01    1    1    3    3\n  -3.31612466138898621384e-07    1    1    3    4\n   4.33826286636523617002e-01    1    1    4    4\n   2.13465259303122351087e-02    1    2    1    2\n   5.75293270448152362581e-08    1    2    1    3\n   6.45326942132954523013e-03    1    2    1    4\n   4.84202448304752310702e-09    1    2    2    2\n  -5.90398063062773283821e-03    1    2    2    3\n   5.72019862710918496701e-08    1    2    2    4\n  -3.16042273058079040446e-07    1    2    3    3\n  -1.74110808539516964677e-02    1    2    3    4\n   3.32471501373902052047e-07    1    2    4    4\n   1.84799136904637284484e-01    1    3    1    3\n  -1.59723809957115745334e-06    1    3    1    4\n  -6.59143876678938978042e-02    1    3    2    2\n  -1.57704261098197173795e-06    1    3    2    3\n  -1.56037489792279743250e-01    1    3    2    4\n   2.48473649080678329892e-02    1    3    3    3\n  -7.89620678175624946465e-08    1    3    3    4\n   1.63054572107121618918e-02    1    3    4    4\n   1.64723594224318765911e-02    1    4    1    4\n   6.04182497957327548737e-07    1    4    2    2\n  -1.62233709253916773274e-02    1    4    2    3\n   1.63009696342044996285e-06    1    4    2    4\n  -2.12638060074683431528e-07    1    4    3    3\n   2.37517854371203799083e-03    1    4    3    4\n  -2.19038778824528097983e-07    1    4    4    4\n   2.13465259303122281698e-02    2    1    2    1\n   4.84202448299585492442e-09    2    1    2    2\n  -5.90398063062772850140e-03    2    1    2    3\n   5.72019862711291191198e-08    2    1    2    4\n  -3.16042273057946903306e-07    2    1    3    3\n  -1.74110808539516999371e-02    2    1    3    4\n   3.32471501373808507846e-07    2    1    4    4\n   5.21360257512557545567e-01    2    2    2    2\n   7.31412845923317164377e-07    2    2    2    3\n   7.73805366399237526398e-02    2    2    2    4\n   4.25023853038139998173e-01    2    2    3    3\n   3.15178151789298344600e-07    2    2    3    4\n   4.70337243342708655192e-01    2    2    4    4\n   1.59959785079823897658e-02    2    3    2    3\n   1.60834183546852394011e-06    2    3    2    4\n  -2.28843897228928843242e-07    2    3    3    3\n  -2.79104095097126555028e-03    2    3    3    4\n  -1.37290547448349897577e-07    2    3    4    4\n   1.92304749406310898641e-01    2    4    2    4\n  -2.14497602724100268345e-02    2    4    3    3\n   3.19158642571302075000e-08    2    4    3    4\n  -2.33907972594532588551e-02    2    4    4    4\n   1.84799136904637228973e-01    3    1    3    1\n  -1.57704261098146097708e-06    3    1    3    2\n   2.48473649080677670697e-02    3    1    3    3\n  -7.89620678211422676398e-08    3    1    3    4\n   1.63054572107121514835e-02    3    1    4    4\n   1.59959785079824036436e-02    3    2    3    2\n  -2.28843897228805335251e-07    3    2    3    3\n  -2.79104095097127162181e-03    3    2    3    4\n  -1.37290547449135467696e-07    3    2    4    4\n   4.61113504170727384057e-01    3    3    3    3\n  -3.81044662424500566985e-08    3    3    3    4\n   4.30467889348272514383e-01    3    3    4    4\n   1.90676269731347228231e-02    3    4    3    4\n  -3.55846729066618684394e-08    3    4    4    4\n   1.64723594224318765911e-02    4    1    4    1\n   1.63009696342025789812e-06    4    1    4    2\n   2.37517854371203885819e-03    4    1    4    3\n  -2.19038778824450409180e-07    4    1    4    4\n   1.92304749406310926396e-01    4    2    4    2\n   3.19158642627080782764e-08    4    2    4    3\n  -2.33907972594531547716e-02    4    2    4    4\n   1.90676269731347297620e-02    4    3    4    3\n  -3.55846729083344276380e-08    4    3    4    4\n   4.77312236142107049197e-01    4    4    4    4\n  -1.68365203830744514235e+00    1    1    0    0\n  -9.63179743129915260240e-09    1    2    0    0\n   2.09284587130982829839e-01    1    3    0    0\n  -1.91795612185010604998e-06    1    4    0    0\n  -9.63179743205038479983e-09    2    1    0    0\n  -1.67815583732154993690e+00    2    2    0    0\n  -1.99990425465580984045e-06    2    3    0    0\n  -2.11407973933351034379e-01    2    4    0    0\n   2.09284587130982857595e-01    3    1    0    0\n  -1.99990425465516694244e-06    3    2    0    0\n  -1.35436348091881697542e+00    3    3    0    0\n   4.39723646109242488015e-08    3    4    0    0\n  -1.91795612185008445064e-06    4    1    0    0\n  -2.11407973933351200913e-01    4    2    0    0\n   4.39723646071140828465e-08    4    3    0    0\n  -1.38388412888605238926e+00    4    4    0    0\n   1.41470101682482237493e+02    0    0    0    0\n",
  "init_state": "OPENQASM 2.0;\ninclude \"qelib1.inc\";\nqreg q[6];\nx q[0];\nx q[3];\n",
  "evolution_ops": [
    [
      "IIIXZY",
      -0.25
    ],
    [
      "XZYIII",
      -0.25
    ]
  ],
  "optimal_point": [
    1.273514184766507,
    1.2723467345844452
  ],
  "eigenvalue_history": [
    -3.846351232074588,
    -3.892298660204599
  ],
  "cnots": 8,
  "depth": 8,
  "constants": {
    "hf_in_pbe": -207.715306985542,
    "hf_in_pbe_effective": -3.79798026400247
  },
  "offset": -203.91732672153952,
  "results": [
    {
      "eigenvalue": -3.829072536875229,
      "metadata": [
        {
          "zne": {
            "noise_amplification": {
              "noise_amplifier": "<LocalFoldingAmplifier:{'gates_to_fold': None, 'noise_factor_relative_tolerance': 0.01, 'random_seed': None, 'sub_folding_option': 'from_first'}>",
              "noise_factors": [
                1,
                3,
                5
              ],
              "values": [
                -3.7485048994434567,
                -3.5172254881633376,
                -3.3701190405831114
              ],
              "variance": [
                0.32234667646110843,
                0.4270606112507852,
                0.47577021204577225
              ],
              "shots": [
                8192,
                8192,
                8192
              ]
            },
            "extrapolation": {
              "extrapolator": "LinearExtrapolator"
            }
          }
        }
      ]
    },
    {
      "eigenvalue": -3.8437024158010153,
      "metadata": [
        {
          "zne": {
            "noise_amplification": {
              "noise_amplifier": "<LocalFoldingAmplifier:{'gates_to_fold': None, 'noise_factor_relative_tolerance': 0.01, 'random_seed': None, 'sub_folding_option': 'from_first'}>",
              "noise_factors": [
                1,
                3,
                5
              ],
              "values": [
                -3.7410147149155955,
                -3.5082059361428533,
                -3.3083172097723974
              ],
              "variance": [
                0.3238868301153747,
                0.4319164178811309,
                0.4821109287272886
              ],
              "shots": [
                8192,
                8192,
                8192
              ]
            },
            "extrapolation": {
              "extrapolator": "LinearExtrapolator"
            }
          }
        }
      ]
    },
    {
      "eigenvalue": -3.7697710252648062,