{
  "references": {
    "FCI": -3.932732840420269,
    "UCCSD": -3.921445776681304,
    "statevector": -3.869585357023494
  },
  "input": "&FCI\nNORB=4,\nNELEC=4,\nMS2=0,\nORBSYM=1,\nISYM=1,\n&END\n   5.68496013365170860254e-01    1    1    1    1\n   2.98111378844096280527e-08    1    1    1    2\n  -1.29188245193240458519e-01    1    1    1    3\n  -2.62202108757050760191e-06    1    1    1    4\n   5.14767051272172371235e-01    1    1    2    2\n   2.27134508036748970433e-06    1    1    2    3\n  -1.10553698623871890505e-01    1    1    2    4\n   3.87046929080243296006e-01    1    1    3    3\n   4.60757230770029990990e-07    1    1    3    4\n   3.67743893555044887300e-01    1    1    4    4\n   2.59247113256497012379e-02    1    2    1    2\n   1.75036817810304465940e-07    1    2    1    3\n  -9.90420330719389389873e-03    1    2    1    4\n   2.94427983812484867857e-08    1    2    2    2\n  -9.54799604740613067078e-03    1    2    2    3\n  -2.22519113075125332545e-07    1    2    2    4\n  -5.48169294845265293081e-07    1    2    3    3\n   1.32377744472271883375e-02    1    2    3    4\n   5.34751646835302476597e-07    1    2    4    4\n   1.57522783892138723560e-01    1    3    1    3\n   2.96043498503546592909e-06    1    3    1    4\n  -1.07281866595211952675e-01    1    3    2    2\n  -3.01730556795325116713e-06    1    3    2    3\n   1.35144965989549392660e-01    1    3    2    4\n   7.56845690413557037335e-02    1    3    3    3\n   2.02567554722899859763e-07    1    3    3    4\n   6.26073133509564838661e-02    1    3    4    4\n   1.28370688012396615141e-02    1    4    1    4\n  -2.18050062199320219354e-06    1    4    2    2\n   1.27151532066784745539e-02    1    4    2    3\n   3.02407568480993192321e-06    1    4    2    4\n   1.31838885952428700948e-06    1    4    3    3\n   6.26531555987361842008e-03    1    4    3    4\n   1.55885295419862650751e-06    1    4    4    4\n   2.59247113256496838907e-02    2    1    2    1\n   2.94427983812553159888e-08    2    1    2    2\n  -9.54799604740612893605e-03    2    1    2    3\n  -2.22519113075112521171e-07    2    1    2    4\n  -5.48169294845286363025e-07    2    1    3    3\n   1.32377744472271987458e-02    2    1    3    4\n   5.34751646835337310827e-07    2    1    4    4\n   5.64790943016828306256e-01    2    2    2    2\n   2.62430249258936187283e-06    2    2    2    3\n  -1.27487929049483722510e-01    2    2    2    4\n   3.62531864580775964324e-01    2    2    3    3\n  -6.19158758503124482652e-07    2    2    3    4\n   3.96214382999535374985e-01    2    2    4    4\n   1.26012044103882402818e-02    2    3    2    3\n  -3.07968733292270827431e-06    2    3    2    4\n  -1.57906282142118879609e-06    2    3    3    3\n   6.46874262966699951211e-03    2    3    3    4\n  -1.29003938184728785861e-06    2    3    4    4\n   1.63720130030092059226e-01    2    4    2    4\n   6.54133403070159408221e-02    2    4    3    3\n  -5.30814336772592282825e-08    2    4    3    4\n   7.79387026370872981751e-02    2    4    4    4\n   1.57522783892138723560e-01    3    1    3    1\n  -3.01730556795374286975e-06    3    1    3    2\n   7.56845690413555510778e-02    3    1    3    3\n   2.02567554720857451568e-07    3    1    3    4\n   6.26073133509564561106e-02    3    1    4    4\n   1.26012044103882576290e-02    3    2    3    2\n  -1.57906282142106470576e-06    3    2    3    3\n   6.46874262966700558364e-03    3    2    3    4\n  -1.29003938184686624796e-06    3    2    4    4\n   4.75203337893627286714e-01    3    3    3    3\n   1.88832154777627235498e-08    3    3    3    4\n   4.38386804557952591832e-01    3    3    4    4\n   2.13317418142173892415e-02    3    4    3    4\n   3.46102774692569302490e-08    3    4    4    4\n   1.28370688012396615141e-02    4    1    4    1\n   3.02407568481038296825e-06    4    1    4    2\n   6.26531555987361408327e-03    4    1    4    3\n   1.55885295419974946144e-06    4    1    4    4\n   1.63720130030091948203e-01    4    2    4    2\n  -5.30814336763832903359e-08    4    2    4    3\n   7.79387026370872010306e-02    4    2    4    4\n   2.13317418142173649553e-02    4    3    4    3\n   3.46102774715336754019e-08    4    3    4    4\n   4.87754699380043177381e-01    4    4    4    4\n  -1.71854647126095194665e+00    1    1    0    0\n  -5.92539362655397750712e-08    1    2    0    0\n   3.34203982336258142993e-01    1    3    0    0\n   6.76050321848224839528e-06    1    4    0    0\n  -5.92539362656732423174e-08    2    1    0    0\n  -1.71314370404896809674e+00    2    2    0    0\n  -6.99195583551414319760e-06    2    3    0    0\n   3.38691122990033677276e-01    2    4    0    0\n   3.34203982336258031971e-01    3    1    0    0\n  -6.99195583551402546002e-06    3    2    0    0\n  -1.16760257211812068512e+00    3    3    0    0\n   1.97550707576639743881e-07    3    4    0    0\n   6.76050321848172492892e-06    4    1    0    0\n   3.38691122990034121365e-01    4    2    0    0\n   1.97550707575701231376e-07    4    3    0    0\n  -1.18645523546325026842e+00    4    4    0    0\n   1.37059798779524413703e+02    0    0    0    0\n",
  "init_state": "OPENQASM 2.0;\ninclude \"qelib1.inc\";\nqreg q[6];\nx q[0];\nx q[3];\n",
  "evolution_ops": [
    [
      "IIIXZY",
      -0.25
    ],
    [
      "XZYIII",
      -0.25
    ],
    [
      "IYXIII",
      0.5
    ],
    [
      "IIIIYX",
      0.5
    ]
  ],
  "optimal_point": [
    -0.2767287555887217,
    -3.4182993155949104,
    -0.4239138138853359,
    0.49243339378378126
  ],
  "eigenvalue_history": [
    -3.760864593935745,
    -3.7931579231056727,
    -3.8066860682624406,
    -3.869585357023494
  ],
  "cnots": 12,
  "depth": 14,
  "constants": {
    "hf_in_pbe": -207.531437972925,
    "hf_in_pbe_effective": -3.72287461180045
  },
  "offset": -203.80856336112456,
  "results": [
    {
      "eigenvalue": -3.839144204421461,
      "metadata": [
        {
          "zne": {
            "noise_amplification": {
              "noise_amplifier": "<LocalFoldingAmplifier:{'gates_to_fold': None, 'noise_factor_relative_tolerance': 0.01, 'random_seed': None, 'sub_folding_option': 'from_first'}>",
              "noise_factors": [
                1,
                3,
                5,
                7,
                9
              ],
              "values": [
                -3.6263364074256943,
                -3.3852307510356647,
                -3.119059121522528,
                -3.016924582337178,
                -3.0601751724731603
              ],
              "variance": [
                0.5466446873604942,
                0.626512140771836,
                0.6531058331048568,
                0.6732547353517808,
                0.6841702814543609
              ],
              "shots": [
                8192,
                8192,
                8192,
                8192,
                8192
              ]
            },
            "extrapolation": {
              "extrapolator": "QuadraticExtrapolator"
            }
          }
        }
      ]
    }
  ],
  "iterations": 4
}