{
  "references": {
    "FCI": -9.892642280917975,
    "UCCSD": -9.891613384046344,
    "statevector": -9.868782730320609
  },
  "input": "&FCI\nNORB=6,\nNELEC=6,\nMS2=0,\nORBSYM=1,\nISYM=1,\n&END\n   6.39633696177091648494e-01    1    1    1    1\n   4.17217383137716131554e-08    1    1    1    2\n  -4.17926497222642070670e-04    1    1    1    3\n  -5.04853048446117676218e-03    1    1    1    4\n   9.92703469981997932263e-08    1    1    1    5\n  -1.96786752638274317628e-02    1    1    1    6\n   5.00165679880592572992e-01    1    1    2    2\n   1.63696432975625245123e-08    1    1    2    3\n   3.09517432568019833369e-06    1    1    2    4\n  -1.17147794850457009908e-01    1    1    2    5\n  -6.04174427206088788503e-07    1    1    2    6\n   4.98625678977118624857e-01    1    1    3    3\n  -1.15287504937471627087e-01    1    1    3    4\n  -3.19210419893351340744e-06    1    1    3    5\n   1.77579345516127896920e-02    1    1    3    6\n   4.42108574429340317469e-01    1    1    4    4\n   1.38950716551868448233e-07    1    1    4    5\n  -5.81083095464461629742e-02    1    1    4    6\n   4.66561713568230562732e-01    1    1    5    5\n   3.97503493556746151198e-07    1    1    5    6\n   1.39446365378740000374e-01    1    1    6    6\n   3.37788400691339321669e-02    1    2    1    2\n   2.17985037657584006158e-09    1    2    1    3\n   5.36574093147556544956e-07    1    2    1    4\n  -2.06324082814193093816e-02    1    2    1    5\n  -1.23764193611020617819e-07    1    2    1    6\n   6.75461120178465382878e-09    1    2    2    2\n   6.17650238578902023107e-06    1    2    2    3\n   1.12048187641930363403e-04    1    2    2    4\n  -4.56144326976014455328e-08    1    2    2    5\n   7.89383301369401060854e-04    1    2    2    6\n   7.88901500427610705093e-09    1    2    3    3\n  -3.82864872111950815760e-08    1    2    3    4\n   9.46890978149499205462e-05    1    2    3    5\n   6.96619970909653508026e-09    1    2    3    6\n  -2.26580907930520394945e-08    1    2    4    4\n   4.51956169453863261694e-04    1    2    4    5\n  -4.82209587387245634853e-08    1    2    4    6\n  -1.72022849013424320190e-08    1    2    5    5\n   1.89373121108404721992e-03    1    2    5    6\n   1.42800504545977807215e-08    1    2    6    6\n   3.35343244265127668480e-02    1    3    1    3\n  -1.99955912668073228222e-02    1    3    1    4\n  -5.62047480195322566026e-07    1    3    1    5\n   3.57050747029601794891e-03    1    3    1    6\n  -5.31721987899829541058e-05    1    3    2    2\n  -1.22888220749759513821e-09    1    3    2    3\n  -1.83768382617662987190e-08    1    3    2    4\n   3.74937667786264807682e-04    1    3    2    5\n   3.52675533923552448875e-09    1    3    2    6\n  -2.71203416236448945542e-05    1    3    3    3\n   6.28679436559725045297e-04    1    3    3    4\n   9.42932885619064885493e-09    1    3    3    5\n   7.22457989157576727784e-04    1    3    3    6\n   9.70915502212790380507e-04    1    3    4    4\n   1.81160420196488102671e-10    1    3    4    5\n   1.77033334590373753019e-03    1    3    4    6\n  -9.95651816147502023453e-05    1    3    5    5\n   5.36155964204728579965e-08    1    3    5    6\n  -4.65692233488439438337e-04    1    3    6    6\n   3.32262184869046225955e-02    1    4    1    4\n   1.51215046075253440366e-08    1    4    1    5\n  -5.89028264762301526775e-03    1    4    1    6\n  -2.65577910606057485815e-03    1    4    2    2\n  -9.21110842527567692757e-09    1    4    2    3\n  -7.53408741540951642931e-08    1    4    2    4\n   2.46440854348104919011e-03    1    4    2    5\n  -1.60498441110941626434e-08    1    4    2    6\n  -2.43896476120336038948e-03    1    4    3    3\n   2.76765772242997757507e-03    1    4    3    4\n   5.90511523314870711493e-08    1    4    3    5\n   7.26481548039997239441e-04    1    4    3    6\n  -1.00449378554307651619e-03    1    4    4    4\n  -8.63498211207116594046e-09    1    4    4    5\n   2.10983819740227958317e-03    1    4    4    6\n  -2.14260833946709099498e-03    1    4    5    5\n  -2.50914042661480546175e-09    1    4    5    6\n   7.40834716536269231174e-04    1    4    6    6\n   3.56641518771410662159e-02    1    5    1    5\n   3.57164237340521717792e-08    1    5    1    6\n   3.32571778622065612592e-08    1    5    2    2\n   1.03987522108406698859e-04    1    5    2    3\n   3.22712940812638307986e-04    1    5    2    4\n  -6.74725364690039650768e-08    1    5    2    5\n   1.18074891759117027445e-03    1    5    2    6\n   5.21174967189291289376e-08    1    5    3    3\n  -4.82933025691246183056e-08    1    5    3    4\n  -2.13719114431779696648e-05    1    5    3    5\n   4.23233125273066248828e-08    1    5    3    6\n   2.76311656164486693629e-08    1    5    4    4\n   2.25301422608447087523e-04    1    5    4    5\n  -1.10035606847081645276e-08    1    5    4    6\n   2.01637566480650297803e-08    1    5    5    5\n   1.61761017237295099368e-03    1    5    5    6\n  -1.91088266212910369351e-08    1    5    6    6\n   3.14950128762229736995e-03    1    6    1    6\n  -9.68989365036180931579e-03    1    6    2    2\n   7.32768513722663816447e-10    1    6    2    3\n  -2.67960999926649275874e-07    1    6    2    4\n   1.03624081116032423083e-02    1    6    2    5\n   6.82752157220841856367e-08    1    6    2    6\n  -9.59201504118496403595e-03    1    6    3    3\n   1.00258186871616077063e-02    1    6    3    4\n   2.84724641538731402140e-07    1    6    3    5\n  -2.00062135583229522284e-03    1    6    3    6\n  -5.97274265507286537813e-03    1    6    4    4\n  -4.66583485688031762733e-09    1    6    4    5\n   2.36843235097058350119e-03    1    6    4    6\n  -7.17022549607033120311e-03    1    6    5    5\n  -1.53652866965020212862e-08    1    6    5    6\n   5.49165911350254099671e-03    1    6    6    6\n   3.37788400691339321669e-02    2    1    2    1\n   6.75461120210020007141e-09    2    1    2    2\n   6.17650238579731268362e-06    2    1    2    3\n   1.12048187641931949049e-04    2    1    2    4\n  -4.56144326969206361840e-08    2    1    2    5\n   7.89383301369399000870e-04    2    1    2    6\n   7.88901500442777227060e-09    2    1    3    3\n  -3.82864872112094612837e-08    2    1    3    4\n   9.46890978149515468495e-05    2    1    3    5\n   6.96619970911272135048e-09    2    1    3    6\n  -2.26580907928353578786e-08    2    1    4    4\n   4.51956169453859466986e-04    2    1    4    5\n  -4.82209587386638947504e-08    2    1    4    6\n  -1.72022849014148930407e-08    2    1    5    5\n   1.89373121108405632722e-03    2    1    5    6\n   1.42800504546087921498e-08    2    1    6    6\n   5.39951075881279995983e-01    2    2    2    2\n   1.05502384704956488616e-08    2    2    2    3\n   1.14918606888833746291e-06    2    2    2    4\n  -4.08750970946144404072e-02    2    2    2    5\n  -8.31530151159713356614e-08    2    2    2    6\n   4.96086764160203919083e-01    2    2    3    3\n  -3.69103179325781793896e-02    2    2    3    4\n  -9.62077047653879926107e-07    2    2    3    5\n   2.06994320901312915673e-03    2    2    3    6\n   4.40405769682991554692e-01    2    2    4    4\n  -8.57258608908873149558e-07    2    2    4    5\n  -5.63551344559621511521e-02    2    2    4    6\n   5.03759151133487126373e-01    2    2    5    5\n   6.37885077366635920397e-07    2    2    5    6\n   1.50198932737504148305e-01    2    2    6    6\n   2.15447506976413419300e-02    2    3    2    3\n  -2.95098206260387043581e-03    2    3    2    4\n  -9.23206305166920345649e-08    2    3    2    5\n   2.12342456647769586408e-04    2    3    2    6\n   1.01925592080640489206e-08    2    3    3    3\n   5.93019982004697260814e-08    2    3    3    4\n  -2.65523575590293457738e-03    2    3    3    5\n  -5.73007843244389060572e-09    2    3    3    6\n  -9.29613331145400336166e-07    2    3    4    4\n   1.81530266333507876719e-02    2    3    4    5\n   2.01877480284381593558e-07    2    3    4    