{
  "references": {
    "FCI": -8.143274916044943,
    "UCCSD": -8.12318878408884,
    "statevector": -8.056762600456262
  },
  "input": "&FCI\nNORB=6,\nNELEC=6,\nMS2=0,\nORBSYM=1,\nISYM=1,\n&END\n   5.39437559115460540937e-01    1    1    1    1\n   1.86276902365393510650e-04    1    1    1    2\n  -1.57529292325016369814e-07    1    1    1    3\n  -8.41259928269444184554e-04    1    1    1    4\n   3.56443414579042552708e-08    1    1    1    5\n   3.16413696717058948171e-02    1    1    1    6\n   3.65549435158210422880e-01    1    1    2    2\n  -1.07634408237389553589e-08    1    1    2    3\n   7.84393160140844369899e-02    1    1    2    4\n   1.62256685690758053686e-06    1    1    2    5\n  -4.55282365711168722500e-03    1    1    2    6\n   3.67294565827452235141e-01    1    1    3    3\n  -1.63267860640117275516e-06    1    1    3    4\n   8.10960110826377672533e-02    1    1    3    5\n   1.59048403773276721498e-07    1    1    3    6\n   4.52909120296086598056e-01    1    1    4    4\n   2.82134700457448085904e-08    1    1    4    5\n  -1.22090048048528517638e-02    1    1    4    6\n   4.58799072046775224809e-01    1    1    5    5\n   2.83700246515903811316e-07    1    1    5    6\n   3.38492967624590801456e-01    1    1    6    6\n   2.21163741207702838065e-02    1    2    1    2\n  -3.06176479071087821108e-09    1    2    1    3\n   1.52515419733734586272e-02    1    2    1    4\n   3.14459467605907598659e-07    1    2    1    5\n  -6.50823862821811962610e-04    1    2    1    6\n  -5.95415896046896475462e-04    1    2    2    2\n   1.11526652347410214183e-08    1    2    2    3\n   5.51769214927339077953e-04    1    2    2    4\n   1.52560695040395250186e-08    1    2    2    5\n  -2.55493130577080828150e-03    1    2    2    6\n  -5.41490736266658475098e-04    1    2    3    3\n  -4.19986886950738047134e-08    1    2    3    4\n   4.77723659172395588406e-04    1    2    3    5\n   1.98594341716300232024e-10    1    2    3    6\n   2.76577080063292819658e-04    1    2    4    4\n   4.12558538852055144789e-09    1    2    4    5\n   1.06723330549124729993e-02    1    2    4    6\n   5.50802731410184035128e-05    1    2    5    5\n   2.19131383587072227592e-07    1    2    5    6\n  -1.53899955709605666503e-03    1    2    6    6\n   2.24670664091012155239e-02    1    3    1    3\n  -3.19350197728715875434e-07    1    3    1    4\n   1.57797001710112787254e-02    1    3    1    5\n  -6.90839897770828206440e-08    1    3    1    6\n   1.77057344086350905149e-07    1    3    2    2\n  -3.15739488755395944475e-05    1    3    2    3\n  -2.16492395353227066543e-07    1    3    2    4\n   8.56767145253099836159e-05    1    3    2    5\n   5.48125096295837755143e-09    1    3    2    6\n   1.97093473851534158381e-07    1    3    3    3\n  -7.99823420231970168975e-05    1    3    3    4\n  -2.40607006730668223097e-07    1    3    3    5\n  -2.34881484791378937829e-03    1    3    3    6\n  -1.05083626188870847137e-07    1    3    4    4\n   2.22270715959723613785e-05    1    3    4    5\n  -2.17248333724619564880e-07    1    3    4    6\n  -8.43755953896567688743e-08    1    3    5    5\n   1.09664192532277580266e-02    1    3    5    6\n   2.31514954507496254060e-07    1    3    6    6\n   4.04272151676029617429e-02    1    4    1    4\n   1.92768791028186880887e-09    1    4    1    5\n  -1.71560974623285946057e-03    1    4    1    6\n  -8.87951460504817218118e-04    1    4    2    2\n  -2.86320434922012950558e-08    1    4    2    3\n   4.45971021938778298174e-04    1    4    2    4\n   7.31561250061948435090e-09    1    4    2    5\n   7.83509148535695837401e-03    1    4    2    6\n  -1.07648395050351686382e-03    1    4    3    3\n  -3.72627081261844507410e-08    1    4    3    4\n   1.96802632342772047640e-04    1    4    3    5\n  -1.63489881485512464739e-07    1    4    3    6\n  -4.75710294608198145175e-04    1    4    4    4\n   4.33202686125519658991e-09    1    4    4    5\n   1.21943936168354746113e-02    1    4    4    6\n  -8.21857479483414400667e-04    1    4    5    5\n   8.66655200279626445382e-10    1    4    5    6\n  -2.38185092095580600025e-03    1    4    6    6\n   4.13397164926621665804e-02    1    5    1    5\n   5.36618978437573827804e-08    1    5    1    6\n   9.83554186585130499244e-09    1    5    2    2\n   7.77520729073417411108e-05    1    5    2    3\n   2.55464590614316137378e-08    1    5    2    4\n   6.97541835369880266213e-05    1    5    2    5\n   1.59358901134226269771e-07    1    5    2    6\n  -4.45513306548020614386e-08    1    5    3    3\n   7.19587840734578354241e-06    1    5    3    4\n   7.70530734843814705853e-09    1    5    3    5\n   8.08470422910162814234e-03    1    5    3    6\n   3.26187110193535312080e-08    1    5    4    4\n  -7.57404662309632770384e-05    1    5    4    5\n   4.50897698949835332632e-10    1    5    4    6\n   6.34662901390233063342e-08    1    5    5    5\n   1.23712159863378495794e-02    1    5    5    6\n   4.92846205648961777501e-08    1    5    6    6\n   4.64070691907387117281e-02    1    6    1    6\n  -6.03331147454074095959e-02    1    6    2    2\n  -1.20217765789392553149e-08    1    6    2    3\n   6.30677689413471215252e-02    1    6    2    4\n   1.28652222437780785207e-06    1    6    2    5\n  -2.20523286520754200832e-03    1    6    2    6\n  -5.92808868811857403447e-02    1    6    3    3\n  -1.30924199630019438300e-06    1    6    3    4\n   6.40992743442882206839e-02    1    6    3    5\n   1.07126142238590084746e-07    1    6    3    6\n   2.32417996395713130631e-02    1    6    4    4\n   3.20863440479732899463e-08    1    6    4    5\n  -1.78928677664415150886e-03    1    6    4    6\n   2.22192314830625577138e-02    1    6    5    5\n   1.06290456887985554889e-07    1    6    5    6\n  -7.00337029823734635858e-02    1    6    6    6\n   2.21163741207702872760e-02    2    1    2    1\n  -5.95415896046932470974e-04    2    1    2    2\n   1.11526652346857591359e-08    2    1    2    3\n   5.51769214927360653576e-04    2    1    2    4\n   1.52560695036855380385e-08    2    1    2    5\n  -2.55493130577079960788e-03    2    1    2    6\n  -5.41490736266679074939e-04    2    1    3    3\n  -4.19986886952706075247e-08    2    1    3    4\n   4.77723659172374012782e-04    2    1    3    5\n   1.98594341786295841868e-10    2    1    3    6\n   2.76577080063260673064e-04    2    1    4    4\n   4.12558538794138274404e-09    2    1    4    5\n   1.06723330549124695299e-02    2    1    4    6\n   5.50802731409793519058e-05    2    1    5    5\n   2.19131383587276150774e-07    2    1    5    6\n  -1.53899955709604950929e-03    2    1    6    6\n   5.68496013365170860254e-01    2    2    2    2\n   2.98111378844096280527e-08    2    2    2    3\n  -1.29188245193240458519e-01    2    2    2    4\n  -2.62202108757050760191e-06    2    2    2    5\n   1.93028005742801734949e-03    2    2    2    6\n   5.14767051272172371235e-01    2    2    3    3\n   2.27134508036748970433e-06    2    2    3    4\n  -1.10553698623871890505e-01    2    2    3    5\n  -6.61852907482156482669e-08    2    2    3    6\n   3.87046929080243296006e-01    2    2    4    4\n   4.60757230770029990990e-07    2    2    4    5\n  -7.83521798574799040182e-03    2    2    4    6\n   3.67743893555044887300e-01    2    2    5    5\n  -1.30889193366406084758e-08    2    2    5    6\n   4.90453224504980633824e-01    2    2    6    6\n   2.59247113256497012379e-02    2    3    2    3\n   1.75036817810304465940e-07    2    3    2    4\n  -9.90420330719389389873e-03    2    3    2    5\n  -1.13184364682806437229e-08    2    3    2    6\n   2.94427983812484867857e-08    2    3    3    3\n  -9.54799604740613067078e-03    2    3    3    4\n  -2.22519113075125332545e-07    2    3    3    5\n   2.00130569018107639647e-04    2    3    3    6\n  -5.48169294845265293081e-07    2    3    4    4\n   1.32377744472271883375e-02    2    3    4    5\n   2.27651424706539874728e-08    2    3    4    