{
  "references": {
    "FCI": -3.9184660102678888,
    "UCCSD": -3.9126960817700116,
    "statevector": -3.849518583219359,
    "ibm_cairo LinearExtrapolator(1,3,5)": {
      "mean": -3.795203987880196,
      "stddev": 0.025843558810948474,
      "nsamples": 10
    },
    "ibm_cairo LinearExtrapolator(1,3,5) full noisy vqe": -3.7696109939005953
  },
  "input": "&FCI\nNORB=4,\nNELEC=4,\nMS2=0,\nORBSYM=1,\nISYM=1,\n&END\n   5.81242530997988615660e-01    1    1    1    1\n   4.05441239995265411128e-07    1    1    1    2\n   1.38058094779361539839e-01    1    1    1    3\n  -3.49398026119726638978e-05    1    1    1    4\n   5.24745710742053561582e-01    1    1    2    2\n  -3.05478050173045099082e-05    1    1    2    3\n  -1.18817300681084495051e-01    1    1    2    4\n   3.60827948823573607662e-01    1    1    3    3\n  -4.89606653482915754188e-06    1    1    3    4\n   3.43239494990093596538e-01    1    1    4    4\n   2.73444314455680639875e-02    1    2    1    2\n  -2.31104502240735977628e-06    1    2    1    3\n  -1.03286131981496359655e-02    1    2    1    4\n   4.00180014613007986294e-07    1    2    2    2\n   1.00029927914491549579e-02    1    2    2    3\n  -2.88400022681021244095e-06    1    2    2    4\n  -6.25366991091881502430e-06    1    2    3    3\n  -1.19789283721995314103e-02    1    2    3    4\n   5.98247700936149061520e-06    1    2    4    4\n   1.49025472982214080009e-01    1    3    1    3\n  -3.49724072589334216386e-05    1    3    1    4\n   1.15653986065023334229e-01    1    3    2    2\n  -3.58901153129183769688e-05    1    3    2    3\n  -1.28646072526928334501e-01    1    3    2    4\n  -8.59836703235465349415e-02    1    3    3    3\n   2.47537399631903300723e-06    1    3    3    4\n  -7.21891710491326388244e-02    1    3    4    4\n   1.17254536038046055374e-02    1    4    1    4\n  -2.93112196967669545820e-05    1    4    2    2\n  -1.16274050254670750087e-02    1    4    2    3\n   3.57194543541671248642e-05    1    4    2    4\n   1.87199858646958433779e-05    1    4    3    3\n  -6.83335421352964430403e-03    1    4    3    4\n   2.20909940536481354679e-05    1    4    4    4\n   2.73444314455680431708e-02    2    1    2    1\n   4.00180014612900042533e-07    2    1    2    2\n   1.00029927914491584273e-02    2    1    2    3\n  -2.88400022681018279480e-06    2    1    2    4\n  -6.25366991091869813376e-06    2    1    3    3\n  -1.19789283721995296755e-02    2    1    3    4\n   5.98247700936145419278e-06    2    1    4    4\n   5.77668696757938970876e-01    2    2    2    2\n  -3.52854106578303440339e-05    2    2    2    3\n  -1.37021444887220511522e-01    2    2    2    4\n   3.38809923228450826649e-01    2    2    3    3\n   7.32731860745690944954e-06    2    2    3    4\n   3.69178032718784021604e-01    2    2    4    4\n   1.15351335388541205440e-02    2    3    2    3\n   3.66476921407385048302e-05    2    3    2    4\n   2.24936167671079903789e-05    2    3    3    3\n   7.01558643700476037425e-03    2    3    3    4\n   1.87714639698821914103e-05    2    3    4    4\n   1.54862288362246497408e-01    2    4    2    4\n   7.47340364350582153641e-02    2    4    3    3\n   1.05266699720883674192e-06    2    4    3    4\n   8.87775523714467024172e-02    2    4    4    4\n   1.49025472982214080009e-01    3    1    3    1\n  -3.58901153129191901204e-05    3    1    3    2\n  -8.59836703235464100414e-02    3    1    3    3\n   2.47537399631657449410e-06    3    1    3    4\n  -7.21891710491326527022e-02    3    1    4    4\n   1.15351335388541240135e-02    3    2    3    2\n   2.24936167671083088633e-05    3    2    3    3\n   7.01558643700475343535e-03    3    2    3    4\n   1.87714639698820186155e-05    3    2    4    4\n   4.79650549028664385798e-01    3    3    3    3\n   1.22823358768364910209e-08    3    3    3    4\n   4.41141243469090837959e-01    3    3    4    4\n   2.20520379146322345609e-02    3    4    3    4\n   5.83188743756802222558e-08    3    4    4    4\n   1.17254536038046090068e-02    4    1    4    1\n   3.57194543541670299965e-05    4    1    4    2\n  -6.83335421352964603875e-03    4    1    4    3\n   2.20909940536479999426e-05    4    1    4    4\n   1.54862288362246636186e-01    4    2    4    2\n   1.05266699720795815700e-06    4    2    4    3\n   8.87775523714469799730e-02    4    2    4    4\n   2.20520379146322310915e-02    4    3    4    3\n   5.83188743770892483287e-08    4    3    4    4\n   4.91664260750136361544e-01    4    4    4    4\n  -1.72479964816217457013e+00    1    1    0    0\n  -8.05621254608389864452e-07    1    2    0    0\n  -3.59363074117958980480e-01    1    3    0    0\n   9.06782417786961458979e-05    1    4    0    0\n  -8.05621254607925055122e-07    2    1    0    0\n  -1.71952661912482884787e+00    2    2    0    0\n   9.40699756700315932630e-05    2    3    0    0\n   3.64327433051240157091e-01    2    4    0    0\n  -3.59363074117959202525e-01    3    1    0    0\n   9.40699756700318914186e-05    3    2    0    0\n  -1.09420552339650156703e+00    3    3    0    0\n  -3.18721926345622110540e-06    3    4    0    0\n   9.06782417786967964192e-05    4    1    0    0\n   3.64327433051239935047e-01    4    2    0    0\n  -3.18721926345708169088e-06    4    3    0    0\n  -1.11048004368808972409e+00    4    4    0    0\n   1.35301044659400417913e+02    0    0    0    0\n",
  "init_state": "OPENQASM 2.0;\ninclude \"qelib1.inc\";\nqreg q[6];\nx q[0];\nx q[3];\n",
  "evolution_ops": [
    [
      "IIIXZY",
      -0.25
    ],
    [
      "IIIIYX",
      0.5
    ],
    [
      "IYXIII",
      0.5
    ]
  ],
  "optimal_point": [
    2.424849034292487,
    1.232887020357707,
    -0.8452201362183978
  ],
  "eigenvalue_history": [
    -3.7197426607848763,
    -3.758082276387132,
    -3.8495183918668356
  ],
  "cnots": 8,
  "depth": 14,
  "constants": {
    "hf_in_pbe": -207.48769343338,
    "hf_in_pbe_effective": -3.685447326741
  },
  "offset": -203.802246106639,
  "results": [
    {
      "eigenvalue": -3.8200675373294213,
      "metadata": [
        {
          "zne": {
            "noise_amplification": {
              "noise_amplifier": "<LocalFoldingAmplifier:{'gates_to_fold': None, 'noise_factor_relative_tolerance': 0.01, 'random_seed': None, 'sub_folding_option': 'from_first'}>",
              "noise_factors": [
                1,
                3,
                5
              ],
              "values": [
                -3.728720549347633,
                -3.4794893339271753,
                -3.310102805854978
              ],
              "variance": [
                0.6218563016584693,
                0.6650547151641996,
                0.7157305983529907
              ],
              "shots": [
                8192,
                8192,
                8192
              ]
            },
            "extrapolation": {
              "extrapolator": "LinearExtrapolator"
            }
          }
        }
      ]
    },
    {
      "eigenvalue": -3.8308228440052097,
      "metadata": [
        {
          "zne": {
            "noise_amplification": {
              "noise_amplifier": "<LocalFoldingAmplifier:{'gates_to_fold': None, 'noise_factor_relative_tolerance': 0.01, 'random_seed': None, 'sub_folding_option': 'from_first'}>",
              "noise_factors": [
                1,
                3,
                5
              ],
              "values": [
                -3.7221364128974996,
                -3.4510542291002726,
                -3.244423231201219
              ],
              "variance": [
                0.6271274819927182,
                0.6704510966622269,
                0.7194899944681654
              ],
              "shots": [
                8192,
                8192,
                8192
              ]
            },
            "extrapolation": {
              "extrapolator": "LinearExtrapolator"
            }
          }
        }
      ]
    },
    {
      "eigenvalue": -3.8323672242544156,