{
  "references": {
    "FCI": -8.001083405783923,
    "UCCSD": -7.985527808154731,
    "statevector": -7.962004171253655
  },
  "input": "&FCI\nNORB=6,\nNELEC=6,\nMS2=0,\nORBSYM=1,\nISYM=1,\n&END\n   5.55547094666125507167e-01    1    1    1    1\n   6.33248749491057804761e-05    1    1    1    2\n   1.75963565962360410696e-07    1    1    1    3\n  -8.68050518213736230222e-04    1    1    1    4\n  -2.58600982311154073932e-08    1    1    1    5\n  -2.99943238886603985582e-02    1    1    1    6\n   3.44909323041211579586e-01    1    1    2    2\n   6.26519595290781607675e-08    1    1    2    3\n   9.04194086406088087804e-02    1    1    2    4\n  -9.14728212442792064569e-06    1    1    2    5\n   5.15517099442334460202e-03    1    1    2    6\n   3.46774086612783583039e-01    1    1    3    3\n   9.27554368505807631850e-06    1    1    3    4\n   9.32663618715083853061e-02    1    1    3    5\n   4.75185041273282017852e-07    1    1    3    6\n   4.58729354442744097220e-01    1    1    4    4\n  -3.59465412891119326768e-08    1    1    4    5\n   1.33241301611559635754e-02    1    1    4    6\n   4.64474119995627099389e-01    1    1    5    5\n  -3.16270604704803760376e-08    1    1    5    6\n   3.10686101584337459602e-01    1    1    6    6\n   1.95463037890232886606e-02    1    2    1    2\n   1.12977240741242777414e-08    1    2    1    3\n   1.68106095352847130509e-02    1    2    1    4\n  -1.70039707894388549468e-06    1    2    1    5\n   8.65990320756943217362e-04    1    2    1    6\n  -4.51062738347757566631e-04    1    2    2    2\n  -1.16099782750217965479e-08    1    2    2    3\n   3.43321834598846794412e-04    1    2    2    4\n  -3.59281043841544183726e-08    1    2    2    5\n   2.50051763098616116818e-03    1    2    2    6\n  -4.17624658344824630819e-04    1    2    3    3\n   6.54679587030508929619e-08    1    2    3    4\n   2.83673906259506423706e-04    1    2    3    5\n  -3.89363550635945845584e-09    1    2    3    6\n   1.53676588089630484276e-04    1    2    4    4\n  -1.05227313134149187504e-08    1    2    4    5\n  -8.71391853400290024301e-03    1    2    4    6\n  -3.05734311824449193407e-05    1    2    5    5\n   8.76600976340728156262e-07    1    2    5    6\n  -1.26225352202930288757e-03    1    2    6    6\n   1.99110024593444102925e-02    1    3    1    3\n   1.72796976278683412152e-06    1    3    1    4\n   1.73667790653179512916e-02    1    3    1    5\n   7.35843386244634408622e-09    1    3    1    6\n  -1.99441455514806801223e-07    1    3    2    2\n  -2.33417359798075805134e-05    1    3    2    3\n   2.25306405909794997669e-07    1    3    2    4\n   5.65640564619843282698e-05    1    3    2    5\n   1.21600681731669983751e-09    1    3    2    6\n  -2.24487419314622845965e-07    1    3    3    3\n  -6.66886992571605796611e-05    1    3    3    4\n   2.45025438207605485124e-07    1    3    3    5\n   2.34475073995627164916e-03    1    3    3    6\n   1.16504656424098232592e-07    1    3    4    4\n   3.31282873171166522558e-06    1    3    4    5\n  -8.89660269721162590748e-07    1    3    4    6\n   8.23569923790749031416e-08    1    3    5    5\n  -8.94946126634590770343e-03    1    3    5    6\n  -2.94085832788095259715e-07    1    3    6    6\n   4.18484853966478512199e-02    1    4    1    4\n  -6.29761348064098135022e-09    1    4    1    5\n   1.99888792403862336836e-03    1    4    1    6\n  -8.11486706572808443386e-04    1    4    2    2\n   3.47910339174190600492e-08    1    4    2    3\n   3.02715119022681580525e-04    1    4    2    4\n  -1.73219697336797503192e-08    1    4    2    5\n  -6.30487776061554577173e-03    1    4    2    6\n  -9.50317295098970652237e-04    1    4    3    3\n   5.32496550530871972893e-08    1    4    3    4\n   8.65951554986818224438e-05    1    4    3    5\n  -6.51223122869650235703e-07    1    4    3    6\n  -5.04569960519380355211e-04    1    4    4    4\n  -1.61503335357512368819e-08    1    4    4    5\n  -1.06027498966283478116e-02    1    4    4    6\n  -8.27341934153743067092e-04    1    4    5    5\n   8.46256423718717941204e-09    1    4    5    6\n  -2.13681668239973279050e-03    1    4    6    6\n   4.27643498426377721700e-02    1    5    1    5\n   8.71675710652032221466e-09    1    5    1    6\n   1.76801522739280056680e-08    1    5    2    2\n   5.06783913444689072163e-05    1    5    2    3\n  -4.12740010604036994196e-08    1    5    2    4\n   4.76876341980609892799e-05    1    5    2    5\n   6.31133058584903291798e-07    1    5    2    6\n   7.99729768980290586468e-08    1    5    3    3\n  -7.01050692165824545804e-06    1    5    3    4\n  -1.94130854914462500084e-08    1    5    3    5\n  -6.50142316895486148398e-03    1    5    3    6\n  -3.06707450093728946220e-08    1    5    4    4\n  -8.69785963298586007556e-05    1    5    4    5\n   7.96133524546829377338e-09    1    5    4    6\n  -4.88557945822630456173e-08    1    5    5    5\n  -1.07385080751459804915e-02    1    5    5    6\n   2.45687820990862217121e-08    1    5    6    6\n   3.36370176767566905762e-02    1    6    1    6\n   5.37854608276576717785e-02    1    6    2    2\n  -5.10974967717293262058e-08    1    6    2    3\n  -5.12831871822252427506e-02    1    6    2    4\n   5.12739848558875368714e-06    1    6    2    5\n  -1.71316168548085148889e-03    1    6    2    6\n   5.29911897890157773672e-02    1    6    3    3\n  -5.24405872073818463824e-06    1    6    3    4\n  -5.20916242140277846451e-02    1    6    3    5\n  -1.80874846583922445219e-07    1    6    3    6\n  -2.02752631896034665737e-02    1    6    4    4\n   1.30839087790295394007e-07    1    6    4    5\n  -1.38850236116093645258e-03    1    6    4    6\n  -1.93725497466389062762e-02    1    6    5    5\n  -4.00779421401454901829e-08    1    6    5    6\n   6.16097863059337780278e-02    1    6    6    6\n   1.95463037890232643745e-02    2    1    2    1\n  -4.51062738347769872325e-04    2    1    2    2\n  -1.16099782750111821662e-08    2    1    2    3\n   3.43321834598902251353e-04    2    1    2    4\n  -3.59281043839942431188e-08    2    1    2    5\n   2.50051763098615986713e-03    2    1    2    6\n  -4.17624658344848483267e-04    2    1    3    3\n   6.54679587029953328945e-08    2    1    3    4\n   2.83673906259506748966e-04    2    1    3    5\n  -3.89363550639947910823e-09    2    1    3    6\n   1.53676588089687350680e-04    2    1    4    4\n  -1.05227313137029049894e-08    2    1    4    5\n  -8.71391853400289156939e-03    2    1    4    6\n  -3.05734311824439503351e-05    2    1    5    5\n   8.76600976341301385809e-07    2    1    5    6\n  -1.26225352202929985181e-03    2    1    6    6\n   5.75784119386805404162e-01    2    2    2    2\n  -1.49820412491238570790e-07    2    2    2    3\n  -1.34200928598640439882e-01    2    2    2    4\n   1.33615724823411510152e-05    2    2    2    5\n  -1.84848637168509534121e-03    2    2    2    6\n   5.20500219189882096238e-01    2    2    3    3\n  -1.16371093834563387712e-05    2    2    3    4\n  -1.15192263172599076992e-01    2    2    3    5\n  -1.34631766063664037549e-07    2    2    3    6\n   3.72939391862732505523e-01    2    2    4    4\n  -2.04996951810655635184e-06    2    2    4    5\n   8.09276881461590096023e-03    2    2    4    6\n   3.54616573291215764208e-01    2    2    5    5\n  -2.45418239923986738625e-07    2    2    5    6\n   4.91153162946067256556e-01    2    2    6    6\n   2.67175194253265538280e-02    2    3    2    3\n  -8.94706807551488653640e-07    2    3    2    4\n  -1.01660219564727073716e-02    2    3    2    5\n  -1.96096065716108059204e-08    2    3    2    6\n  -1.47783306065585091584e-07    2    3    3    3\n  -9.82587792293390833998e-03    2    3    3    4\n   1.11333556499432418567e-06    2    3    3    5\n  -1.92712489539372466233e-04    2    3    3    6\n   2.55885998116790370376e-06    2    3    4    4\n   1.25311833115341643430e-02    2    3    4    5\n   8.07319323510145456217e-08    2    3    4    