{
  "references": {
    "FCI": -5.799337649439635,
    "UCCSD": -5.7993376453799375,
    "statevector": -5.799332615039203
  },
  "input": "&FCI\nNORB=4,\nNELEC=4,\nMS2=0,\nORBSYM=1,\nISYM=1,\n&END\n   6.17243733474637013003e-01    1    1    1    1\n   4.09835000542122305232e-09    1    1    1    2\n   5.85007602733247363902e-07    1    1    1    3\n  -4.07181162741354738151e-07    1    1    1    4\n   5.47807727491954499222e-01    1    1    2    2\n   3.26042845655157443457e-03    1    1    2    3\n  -2.72508732820699820648e-03    1    1    2    4\n   1.71913780460705351016e-01    1    1    3    3\n  -2.38837595792544821194e-02    1    1    3    4\n   1.63160287532737174887e-01    1    1    4    4\n   3.17493326857115759632e-02    1    2    1    2\n  -8.23011171932828662981e-04    1    2    1    3\n   7.32038888005616373254e-04    1    2    1    4\n   1.45080915612957486659e-08    1    2    2    2\n   2.71619711410005825132e-07    1    2    2    3\n  -1.81098801232429432677e-07    1    2    2    4\n   2.63972087997205536901e-08    1    2    3    3\n  -4.28846061436333918834e-09    1    2    3    4\n   2.54601839049997460420e-08    1    2    4    4\n   1.32401211788788788180e-03    1    3    1    3\n  -1.03026479300790535509e-03    1    3    1    4\n   1.47552963810189111717e-06    1    3    2    2\n   1.88371807263453632604e-08    1    3    2    3\n  -1.37210601739767492791e-08    1    3    2    4\n  -2.70366952864177277442e-07    1    3    3    3\n   3.16580392964022265079e-08    1    3    3    4\n  -3.17063297010355246147e-07    1    3    4    4\n   8.74598215641434048248e-04    1    4    1    4\n  -9.90084762305243620291e-07    1    4    2    2\n  -1.29031050189533483783e-08    1    4    2    3\n   9.79424172228790432786e-09    1    4    2    4\n   1.47528703879907042079e-07    1    4    3    3\n  -2.25300945016915803089e-08    1    4    3    4\n   2.01135825392023268249e-07    1    4    4    4\n   3.17493326857116175965e-02    2    1    2    1\n   1.45080915612554914398e-08    2    1    2    2\n   2.71619711410039653510e-07    2    1    2    3\n  -1.81098801232435944242e-07    2    1    2    4\n   2.63972087991102664516e-08    2    1    3    3\n  -4.28846061433284600223e-09    2    1    3    4\n   2.54601839049751820865e-08    2    1    4    4\n   8.44253227871749611921e-01    2    2    2    2\n   6.71935725667970832481e-03    2    2    2    3\n  -5.07421709074207510221e-03    2    2    2    4\n   1.47835696115117903870e-01    2    2    3    3\n  -1.98466112706194505733e-02    2    2    3    4\n   1.37662512867485847812e-01    2    2    4    4\n   2.03553537470465987017e-03    2    3    2    3\n  -1.15093719222687882603e-03    2    3    2    4\n  -1.31232807782416722488e-03    2    3    3    3\n   1.07392223760891100323e-04    2    3    3    4\n  -1.38132846872032733453e-03    2    3    4    4\n   6.73455432368223793141e-04    2    4    2    4\n   8.68936346854993894341e-04    2    4    3    3\n  -3.04068708819709351550e-05    2    4    3    4\n   1.38175327005507150857e-03    2    4    4    4\n   1.32401211788788679760e-03    3    1    3    1\n   1.88371807263942893392e-08    3    1    3    2\n  -2.70366952863616329873e-07    3    1    3    3\n   3.16580392959833687154e-08    3    1    3    4\n  -3.17063297011267077114e-07    3    1    4    4\n   2.03553537470465856912e-03    3    2    3    2\n  -1.31232807782417199537e-03    3    2    3    3\n   1.07392223760896697517e-04    3    2    3    4\n  -1.38132846872034771753e-03    3    2    4    4\n   3.73106871999560496533e-01    3    3    3    3\n   6.15528349776501681329e-03    3    3    3    4\n   3.85251245652004081776e-01    3    3    4    4\n   2.22578442308950623374e-02    3    4    3    4\n   3.33806216000034905456e-03    3    4    4    4\n   8.74598215641432638785e-04    4    1    4    1\n   9.79424172208167331190e-09    4    1    4    2\n  -2.25300945013066038344e-08    4    1    4    3\n   2.01135825391151247830e-07    4    1    4    4\n   6.73455432368228672051e-04    4    2    4    2\n  -3.04068708819791005526e-05    4    2    4    3\n   1.38175327005510685356e-03    4    2    4    4\n   2.22578442308950658068e-02    4    3    4    3\n   3.33806216000057630333e-03    4    3    4    4\n   5.43848399905774382290e-01    4    4    4    4\n  -2.32257071511049817403e+00    1    1    0    0\n  -1.86064415666623579454e-08    1    2    0    0\n  -3.26444716752921022985e-06    1    3    0    0\n   2.20625188611967994377e-06    1    4    0    0\n  -1.86064415666720392673e-08    2    1    0    0\n  -2.37171019538049598907e+00    2    2    0    0\n  -1.40632253417156266595e-02    2    3    0    0\n   1.12564306351616884305e-02    2    4    0    0\n  -3.26444716752872953866e-06    3    1    0    0\n  -1.40632253417156613540e-02    3    2    0    0\n  -2.42899325948629507543e-01    3    3    0    0\n   8.52795397145130334993e-02    3    4    0    0\n   2.20625188612090094176e-06    4    1    0    0\n   1.12564306351616971041e-02    4    2    0    0\n   8.52795397145129224770e-02    4    3    0    0\n  -1.88837854210425676316e-01    4    4    0    0\n   1.62254730656001015632e+02    0    0    0    0\n",
  "init_state": "OPENQASM 2.0;\ninclude \"qelib1.inc\";\nqreg q[6];\nx q[0];\nx q[3];\n",
  "evolution_ops": [
    [
      "ZXZIYZ",
      0.125
    ]
  ],
  "optimal_point": [
    0.0
  ],
  "eigenvalue_history": [
    -5.799332615039203
  ],
  "cnots": 8,
  "depth": 11,
  "constants": {
    "hf_in_pbe": -207.224453532253,
    "hf_in_pbe_effective": -5.79933261503921
  },
  "offset": -201.42512091721377,
  "results": [
    {
      "eigenvalue": -5.980524350007787,
      "metadata": [
        {
          "zne": {
            "noise_amplification": {
              "noise_amplifier": "<LocalFoldingAmplifier:{'gates_to_fold': None, 'noise_factor_relative_tolerance': 0.01, 'random_seed': None, 'sub_folding_option': 'from_first'}>",
              "noise_factors": [
                1,
                3,
                5,
                7,
                9
              ],
              "values": [
                -5.416742144518845,
                -4.672207276045522,
                -3.8223839494005993,
                -3.187935210539472,
                -2.9280936147150336
              ],
              "variance": [
                0.6278353331589172,
                1.37757365463109,
                1.7259121414032692,
                1.786859335212678,
                1.7970855492434534
              ],
              "shots": [
                8192,
                8192,
                8192,
                8192,
                8192
              ]
            },
            "extrapolation": {
              "extrapolator": "QuadraticExtrapolator"
            }
          }
        }
      ]
    }
  ],
  "iterations": 1
}