{
  "references": {
    "FCI": -5.318315049921659,
    "UCCSD": -5.318315022881847,
    "statevector": -5.318249882707373,
    "ibm_cairo LinearExtrapolator(1,3,5)": {
      "mean": -5.245491198786153,
      "stddev": 0.09228061528082629,
      "nsamples": 10
    },
    "ibm_cairo LinearExtrapolator(1,3,5) full noisy vqe": -5.157668219411356
  },
  "input": "&FCI\nNORB=4,\nNELEC=4,\nMS2=0,\nORBSYM=1,\nISYM=1,\n&END\n   5.81603661970051755148e-01    1    1    1    1\n  -5.50424024683128829736e-09    1    1    1    2\n   5.61478748892572013100e-07    1    1    1    3\n  -2.76075717263204155078e-07    1    1    1    4\n   5.23866199426360812375e-01    1    1    2    2\n  -5.78601494871742137727e-03    1    1    2    3\n   3.07768396785044941882e-03    1    1    2    4\n   2.51887480007529085402e-01    1    1    3    3\n  -5.43821538943627530438e-02    1    1    3    4\n   1.63108742000828005336e-01    1    1    4    4\n   3.27222822006213928669e-02    1    2    1    2\n   5.95149439577383394286e-04    1    2    1    3\n  -3.14135768795738117010e-04    1    2    1    4\n  -4.78663953950750098937e-08    1    2    2    2\n   3.59625848332371729780e-07    1    2    2    3\n  -1.90156417624930243938e-07    1    2    2    4\n  -1.64704248189627426482e-08    1    2    3    3\n   4.42702295981569282027e-09    1    2    3    4\n  -9.07061388322885018545e-09    1    2    4    4\n   4.75750064744010891377e-03    1    3    1    3\n  -2.31409298424941310690e-03    1    3    1    4\n   1.87252808555780866498e-06    1    3    2    2\n  -4.61440011249254183320e-08    1    3    2    3\n   1.88495728900496702611e-08    1    3    2    4\n  -1.94883118101054620587e-07    1    3    3    3\n  -3.86477801806069448860e-08    1    3    3    4\n  -2.88482383895181491255e-07    1    3    4    4\n   1.14580235294298995660e-03    1    4    1    4\n  -9.75549895862038413973e-07    1    4    2    2\n   2.33431739253198266545e-08    1    4    2    3\n  -9.83450604418306799883e-09    1    4    2    4\n   8.85732738377414386251e-08    1    4    3    3\n   1.31572364145777604913e-08    1    4    3    4\n   1.51354108374532890410e-07    1    4    4    4\n   3.27222822006213581725e-02    2    1    2    1\n  -4.78663953951659865262e-08    2    1    2    2\n   3.59625848332343089478e-07    2    1    2    3\n  -1.90156417624962351780e-07    2    1    2    4\n  -1.64704248188954035289e-08    2    1    3    3\n   4.42702296000331061809e-09    2    1    3    4\n  -9.07061388316871084619e-09    2    1    4    4\n   7.78251647732660867263e-01    2    2    2    2\n  -1.09139502668595209794e-02    2    2    2    3\n   4.96075416621503430259e-03    2    2    2    4\n   2.36748732944379897125e-01    2    2    3    3\n  -5.57729519686461852612e-02    2    2    3    4\n   1.45141599910839191878e-01    2    2    4    4\n   1.26141542744704036882e-02    2    3    2    3\n  -5.86756404945387114586e-03    2    3    2    4\n   2.28784793676050811004e-03    2    3    3    3\n   4.01230498487638136129e-04    2    3    3    4\n   3.14721242846964033638e-03    2    3    4    4\n   2.79139313187100161773e-03    2    4    2    4\n  -8.52088238846435770853e-04    2    4    3    3\n  -2.95120422061565398323e-05    2    4    3    4\n  -2.21756697329889484668e-03    2    4    4    4\n   4.75750064744010891377e-03    3    1    3    1\n  -4.61440011250621876832e-08    3    1    3    2\n  -1.94883118100457885876e-07    3    1    3    3\n  -3.86477801810359670738e-08    3    1    3    4\n  -2.88482383895042154335e-07    3    1    4    4\n   1.26141542744704036882e-02    3    2    3    2\n   2.28784793676049900274e-03    3    2    3    3\n   4.01230498487638515600e-04    3    2    3    4\n   3.14721242846965638257e-03    3    2    4    4\n   3.21722741875024975666e-01    3    3    3    3\n  -3.08721709515103566110e-03    3    3    3    4\n   3.30303667948223134143e-01    3    3    4    4\n   3.04723147521118106762e-02    3    4    3    4\n   1.70911364081458086450e-02    3    4    4    4\n   1.14580235294299104080e-03    4    1    4    1\n  -9.83450604424844504573e-09    4    1    4    2\n   1.31572364150652279524e-08    4    1    4    3\n   1.51354108374999182047e-07    4    1    4    4\n   2.79139313187100161773e-03    4    2    4    2\n  -2.95120422061543782042e-05    4    2    4    3\n  -2.21756697329889614773e-03    4    2    4    4\n   3.04723147521118696568e-02    4    3    4    3\n   1.70911364081458259923e-02    4    3    4    4\n   4.88852393895960579684e-01    4    4    4    4\n  -2.09443880911455826421e+00    1    1    0    0\n   5.33706356421747613132e-08    1    2    0    0\n  -3.94690907167683505867e-06    1    3    0    0\n   2.03701909136319422508e-06    1    4    0    0\n   5.33706356423864467581e-08    2    1    0    0\n  -2.25958173687909313898e+00    2    2    0    0\n   2.30811296038718402612e-02    2    3    0    0\n  -1.14302578707117259010e-02    2    4    0    0\n  -3.94690907167358922842e-06    3    1    0    0\n   2.30811296038717708723e-02    3    2    0    0\n  -5.74269109756180284876e-01    3    3    0    0\n   2.12128554692314647001e-01    3    4    0    0\n   2.03701909136229552313e-06    4    1    0    0\n  -1.14302578707116686552e-02    4    2    0    0\n   2.12128554692314619246e-01    4    3    0    0\n  -2.00955507061645860523e-01    4    4    0    0\n   1.55066384354955346225e+02    0    0    0    0\n",
  "init_state": "OPENQASM 2.0;\ninclude \"qelib1.inc\";\nqreg q[6];\nx q[0];\nx q[3];\n",
  "evolution_ops": [
    [
      "ZXZIYZ",
      0.125
    ]
  ],
  "optimal_point": [
    -0.0562487242511503
  ],
  "eigenvalue_history": [
    -5.318250086883595
  ],
  "cnots": 8,
  "depth": 11,
  "constants": {
    "hf_in_pbe": -207.957303105795,
    "hf_in_pbe_effective": -5.31816554898039
  },
  "offset": -202.6391375568146,
  "results": [
    {
      "eigenvalue": -5.297513600848157,
      "metadata": [
        {
          "zne": {
            "noise_amplification": {
              "noise_amplifier": "<LocalFoldingAmplifier:{'gates_to_fold': None, 'noise_factor_relative_tolerance': 0.01, 'random_seed': None, 'sub_folding_option': 'from_first'}>",
              "noise_factors": [
                1,
                3,
                5
              ],
              "values": [
                -5.052018408154809,
                -4.612830762490454,
                -4.11147982915929
              ],
              "variance": [
                0.36961692300570914,
                0.8227457074485357,
                1.10939317085924
              ],
              "shots": [
                8192,
                8192,
                8192
              ]
            },
            "extrapolation": {
              "extrapolator": "LinearExtrapolator"
            }
          }
        }
      ]
    },
    {
      "eigenvalue": -5.354888080204551,
      "metadata": [
        {
          "zne": {
            "noise_amplification": {
              "noise_amplifier": "<LocalFoldingAmplifier:{'gates_to_fold': None, 'noise_factor_relative_tolerance': 0.01, 'random_seed': None, 'sub_folding_option': 'from_first'}>",
              "noise_factors": [
                1,
                3,
                5
              ],
              "values": [
                -5.0327828533618275,
                -4.481129348465709,
                -3.8184075050224044
              ],
              "variance": [
                0.39089809155892263,
                0.9133864904919,
                1.185747398690875
              ],
              "shots": [
                8192,
                8192,
                8192
              ]
            },
            "extrapolation": {
              "extrapolator": "LinearExtrapolator"
            }
          }
        }
      ]
    },
    {
      "eigenvalue": -5.408373924578996,