{
  "references": {
    "FCI": -10.23441767509862,
    "UCCSD": -10.233858791624684,
    "statevector": -10.183245738759451
  },
  "input": "&FCI\nNORB=6,\nNELEC=6,\nMS2=0,\nORBSYM=1,\nISYM=1,\n&END\n   6.86536274371354005019e-01    1    1    1    1\n   6.27720388903533522973e-04    1    1    1    2\n   2.67836054051168334872e-09    1    1    1    3\n  -7.33406758632965810607e-03    1    1    1    4\n   1.52441754010038469153e-07    1    1    1    5\n   1.38968034427292101707e-02    1    1    1    6\n   5.06110398779015979720e-01    1    1    2    2\n   6.56670459223192004301e-08    1    1    2    3\n   1.22173085354583169093e-01    1    1    2    4\n  -7.59175685374483584788e-06    1    1    2    5\n   3.50587337824680364551e-02    1    1    2    6\n   5.07173249325491903861e-01    1    1    3    3\n  -6.99235217065559258777e-06    1    1    3    4\n  -1.29613743634943795469e-01    1    1    3    5\n  -3.44178491020152472492e-06    1    1    3    6\n   4.16745799726123189455e-01    1    1    4    4\n  -4.05745488793425113441e-07    1    1    4    5\n   9.18457512320927510485e-02    1    1    4    6\n   4.69811101978458822703e-01    1    1    5    5\n   3.95595336121499011051e-06    1    1    5    6\n   1.51574662601751397606e-01    1    1    6    6\n   3.33627551332143501561e-02    1    2    1    2\n   1.07067328988478784359e-08    1    2    1    3\n   2.23104297239911410211e-02    1    2    1    4\n  -1.41447336252716843046e-06    1    2    1    5\n   7.01057222246666104926e-03    1    2    1    6\n   3.35634403083796906342e-06    1    2    2    2\n  -9.23200625628541247684e-11    1    2    2    3\n   8.18788317331211419267e-04    1    2    2    4\n  -4.20770086726022507800e-08    1    2    2    5\n  -3.60771343967496106644e-04    1    2    2    6\n   8.53916181996634347497e-07    1    2    3    3\n  -3.06364658959479251973e-08    1    2    3    4\n  -5.00551129026204663468e-04    1    2    3    5\n  -1.56960028951932928271e-08    1    2    3    6\n  -1.16153462671945832164e-03    1    2    4    4\n   4.75660046116801297644e-08    1    2    4    5\n   8.86503934392742615721e-04    1    2    4    6\n   1.02048672355359141845e-04    1    2    5    5\n  -5.67808399505773076735e-08    1    2    5    6\n   2.30989372426566657529e-04    1    2    6    6\n   3.35315272403360134512e-02    1    3    1    3\n  -1.27839494624508474431e-06    1    3    1    4\n  -2.41633545417819263490e-02    1    3    1    5\n  -6.82681639040217057032e-07    1    3    1    6\n   6.13903516945775221325e-09    1    3    2    2\n   5.16621564148523898795e-06    1    3    2    3\n  -1.04683843512419462734e-08    1    3    2    4\n  -1.25981045025032231113e-04    1    3    2    5\n  -4.40260928836802672881e-09    1    3    2    6\n   4.88060788016094476890e-09    1    3    3    3\n   1.92260442281596660415e-04    1    3    3    4\n  -1.84608610022656516180e-09    1    3    3    5\n  -5.48990952887858096876e-04    1    3    3    6\n   6.82269081341422022857e-08    1    3    4    4\n   5.50947384026233754825e-04    1    3    4    5\n  -4.10733072159639292834e-08    1    3    4    6\n  -2.99753297564353399009e-08    1    3    5    5\n  -1.05752752031718750235e-03    1    3    5    6\n  -3.14536947618472540432e-08    1    3    6    6\n   3.19038227230840909510e-02    1    4    1    4\n  -4.52079446097373475935e-08    1    4    1    5\n   9.81294607458116016629e-03    1    4    1    6\n  -3.37326828780850967657e-03    1    4    2    2\n  -1.06721552562030127529e-08    1    4    2    3\n  -3.18549054913309015111e-03    1    4    2    4\n   1.86219415407960268233e-07    1    4    2    5\n  -2.67838215054493587741e-04    1    4    2    6\n  -3.62888500429087547741e-03    1    4    3    3\n   1.82744436939609921212e-07    1    4    3    4\n   3.02016312632825880552e-03    1    4    3    5\n   4.88923094620128186590e-08    1    4    3    6\n  -9.01318053563344209062e-04    1    4    4    4\n  -8.18644893285125681366e-09    1    4    4    5\n  -2.22378399342024971747e-03    1    4    4    6\n  -2.91139871806714821412e-03    1    4    5    5\n  -5.67162099454319774841e-08    1    4    5    6\n   9.63590286182006107094e-04    1    4    6    6\n   3.75918120104870578935e-02    1    5    1    5\n   4.38868381279319082033e-07    1    5    1    6\n   5.33592086083308653780e-08    1    5    2    2\n  -1.36289095645973450371e-04    1    5    2    3\n   8.92088952878454375312e-08    1    5    2    4\n   6.63644444590615859188e-05    1    5    2    5\n  -1.50532967471478948070e-08    1    5    2    6\n   7.55651464274326797340e-08    1    5    3    3\n   3.80855272449084002965e-04    1    5    3    4\n  -8.46036636995425440601e-08    1    5    3    5\n  -6.19763738082296732589e-04    1    5    3    6\n   2.84983392899885391907e-08    1    5    4    4\n   3.71131284187426217433e-04    1    5    4    5\n   3.56167089665325342532e-08    1    5    4    6\n   3.51081264003539866866e-08    1    5    5    5\n  -1.14529679860780517729e-03    1    5    5    6\n  -7.79928640348904371818e-08    1    5    6    6\n   4.15819482855534286458e-03    1    6    1    6\n   6.78681978708740602652e-03    1    6    2    2\n   1.67512569807635680470e-10    1    6    2    3\n   5.34855247362771117625e-03    1    6    2    4\n  -3.36669663209999960099e-07    1    6    2    5\n   1.84510485599527962117e-03    1    6    2    6\n   6.76092458140563606211e-03    1    6    3    3\n  -3.01356254476124747253e-07    1    6    3    4\n  -5.84593415345454475718e-03    1    6    3    5\n  -1.80825465634575033666e-07    1    6    3    6\n   3.50443489851367953949e-03    1    6    4    4\n  -2.30828105434376459502e-09    1    6    4    5\n   2.44152943023446004564e-03    1    6    4    6\n   5.11419846520416287311e-03    1    6    5    5\n   8.66146863790907180496e-08    1    6    5    6\n  -3.18777114054768877238e-03    1    6    6    6\n   3.33627551332143362783e-02    2    1    2    1\n   3.35634403074147295249e-06    2    1    2    2\n  -9.23200625962657074682e-11    2    1    2    3\n   8.18788317331180302665e-04    2    1    2    4\n  -4.20770086731254259738e-08    2    1    2    5\n  -3.60771343967501256604e-04    2    1    2    6\n   8.53916181879017046507e-07    2    1    3    3\n  -3.06364658962624655883e-08    2    1    3    4\n  -5.00551129026229925378e-04    2    1    3    5\n  -1.56960028954297804555e-08    2    1    3    6\n  -1.16153462671954072101e-03    2    1    4    4\n   4.75660046138317522691e-08    2    1    4    5\n   8.86503934392702825501e-04    2    1    4    6\n   1.02048672355353707282e-04    2    1    5    5\n  -5.67808399511702307366e-08    2    1    5    6\n   2.30989372426563919919e-04    2    1    6    6\n   5.50762447407144528633e-01    2    2    2    2\n   3.10902984262948920747e-08    2    2    2    3\n   3.72550872049983439194e-02    2    2    2    4\n  -2.09396137096670264654e-06    2    2    2    5\n   6.10088705947875366981e-03    2    2    2    6\n   5.06477885300980812389e-01    2    2    3    3\n  -1.83332543451673882830e-06    2    2    3    4\n  -3.09807956967241872326e-02    2    2    3    5\n  -5.38659673529896359514e-07    2    2    3    6\n   4.45989151598211952532e-01    2    2    4    4\n  -2.38400375377946927968e-06    2    2    4    5\n   9.66890849649749695160e-02    2    2    4    6\n   4.66386728725678767482e-01    2    2    5    5\n   3.08687862539795969570e-06    2    2    5    6\n   1.68435971910893766967e-01    2    2    6    6\n   2.23989968320648276390e-02    2    3    2    3\n  -8.50786203247440559499e-08    2    3    2    4\n  -2.35034415040892737114e-03    2    3    2    5\n  -2.22400571154562528619e-08    2    3    2    6\n   3.16029459712751782989e-08    2    3    3    3\n   2.53920814445012920507e-03    2    3    3    4\n  -2.02552565174578821723e-07    2    3    3    5\n   4.37115776126305224242e-04    2    3    3    6\n  -1.77801689170397366891e-06    2    3    4    4\n  -1.70661552851297665390e-02    2    3    4    5\n  -7.65463220108595560367e-07    2    3    4    