{
  "references": {
    "FCI": -9.585914466202155,
    "UCCSD": -9.584134807430104,
    "statevector": -9.505959923980376
  },
  "input": "&FCI\nNORB=6,\nNELEC=6,\nMS2=0,\nORBSYM=1,\nISYM=1,\n&END\n   5.95487485840381580715e-01    1    1    1    1\n  -3.87166136227875531225e-08    1    1    1    2\n  -3.62279207420113601688e-04    1    1    1    3\n  -3.73500633086050384118e-03    1    1    1    4\n   7.82510940115128723774e-08    1    1    1    5\n   2.94826356733959918377e-02    1    1    1    6\n   4.93589118438531093691e-01    1    1    2    2\n  -1.35427239068652952492e-09    1    1    2    3\n  -1.51334251485696741087e-06    1    1    2    4\n   1.00433243095466889772e-01    1    1    2    5\n  -1.96861274965307221250e-07    1    1    2    6\n   4.91039664500393990831e-01    1    1    3    3\n  -1.00548231119650138821e-01    1    1    3    4\n  -1.53850921509560401476e-06    1    1    3    5\n  -9.92037113090092452505e-03    1    1    3    6\n   4.45427134483444009394e-01    1    1    4    4\n   1.05891190045084737539e-07    1    1    4    5\n   4.51828796544266469981e-02    1    1    4    6\n   4.58929585816862106729e-01    1    1    5    5\n  -1.87336252382684924529e-07    1    1    5    6\n   1.51624672871187388123e-01    1    1    6    6\n   3.39367425853982634942e-02    1    2    1    2\n   2.01884207621444984486e-10    1    2    1    3\n  -2.43533542443768285335e-07    1    2    1    4\n   1.63934594201148448045e-02    1    2    1    5\n  -4.56296945506278698282e-08    1    2    1    6\n  -1.14094743417426029856e-08    1    2    2    2\n   9.60013790232678811869e-06    1    2    2    3\n   6.47127536019565538592e-05    1    2    2    4\n  -4.74293506364911488101e-08    1    2    2    5\n  -1.29337549104514728908e-03    1    2    2    6\n  -1.21187072047105671024e-08    1    2    3    3\n   4.05518956772390794866e-08    1    2    3    4\n  -8.93536850056957039677e-05    1    2    3    5\n   6.01530968883807681367e-09    1    2    3    6\n   8.71852500273086497205e-09    1    2    4    4\n  -4.02152978598885866603e-04    1    2    4    5\n  -5.41009271506442958967e-08    1    2    4    6\n   1.78033848500012722970e-08    1    2    5    5\n   3.67764157288251718886e-03    1    2    5    6\n  -1.69842963095800636352e-08    1    2    6    6\n   3.35421815106574372489e-02    1    3    1    3\n  -1.61891839779899904261e-02    1    3    1    4\n  -2.50879564121900151554e-07    1    3    1    5\n  -2.03680993876780751586e-03    1    3    1    6\n  -1.10775103806872151431e-04    1    3    2    2\n   1.31385794888654294941e-09    1    3    2    3\n   1.33505097192986869522e-08    1    3    2    4\n  -3.70625757577694393743e-04    1    3    2    5\n   2.23736649769681962265e-09    1    3    2    6\n  -6.56533216209318891843e-05    1    3    3    3\n   5.92731387609179006908e-04    1    3    3    4\n   4.51134325258887437149e-09    1    3    3    5\n  -1.29751221812918139838e-03    1    3    3    6\n   8.57189794748379365989e-04    1    3    4    4\n  -6.37351603964877277269e-09    1    3    4    5\n  -3.54297419137552908885e-03    1    3    4    6\n  -1.03226706371864270927e-04    1    3    5    5\n  -5.84590420275063636841e-08    1    3    5    6\n  -1.10047785840340314224e-03    1    3    6    6\n   3.22572566527436488393e-02    1    4    1    4\n   1.16349440916392057925e-08    1    4    1    5\n   4.24027467283388196512e-03    1    4    1    6\n  -2.17305497419324582242e-03    1    4    2    2\n   7.34654509505641805743e-09    1    4    2    3\n   4.04581357972139210179e-08    1    4    2    4\n  -2.19963658763238202945e-03    1    4    2    5\n  -2.93155847749239991406e-08    1    4    2    6\n  -1.93667814095807556095e-03    1    4    3    3\n   2.54957387340348871213e-03    1    4    3    4\n   2.51101282034946518298e-08    1    4    3    5\n  -2.09084046379989525050e-03    1    4    3    6\n  -8.45894701101742663499e-04    1    4    4    4\n  -8.55825637691926401493e-09    1    4    4    5\n  -2.96564036646659607427e-03    1    4    4    6\n  -1.64040909294158152205e-03    1    4    5    5\n   1.08362801791875586178e-09    1    4    5    6\n   1.03064097796481715891e-04    1    4    6    6\n   3.34624743462094489943e-02    1    5    1    5\n  -8.02011490500685170236e-09    1    5    1    6\n   2.95712804518874555535e-08    1    5    2    2\n  -9.69549981375452795546e-05    1    5    2    3\n  -2.97133160229125638067e-04    1    5    2    4\n   6.85021664329403043213e-08    1    5    2    5\n   2.43256736503340374039e-03    1    5    2    6\n   4.36232388719126567799e-08    1    5    3    3\n  -5.28718102439100896600e-08    1    5    3    4\n   1.85833391078991628525e-06    1    5    3    5\n  -4.53621333815392864869e-08    1    5    3    6\n   2.32283638814411538991e-08    1    5    4    4\n   1.67838944340876155105e-04    1    5    4    5\n   7.72897597824959173377e-09    1    5    4    6\n   1.40036712735963091233e-08    1    5    5    5\n  -2.79064489815111739165e-03    1    5    5    6\n  -1.60581242411086402237e-08    1    5    6    6\n   6.21550308889293450648e-03    1    6    1    6\n   1.53643263215845291697e-02    1    6    2    2\n   1.41497886345465230644e-09    1    6    2    3\n  -2.96314915505680707138e-07    1    6    2    4\n   2.00714863768886829509e-02    1    6    2    5\n  -6.15282098206514813270e-08    1    6    2    6\n   1.49038402585772444819e-02    1    6    3    3\n  -1.97631293761057064140e-02    1    6    3    4\n  -3.09723292093204091453e-07    1    6    3    5\n  -3.07385260218996907849e-03    1    6    3    6\n   9.12833842604359249617e-03    1    6    4    4\n   1.03804050632399076943e-08    1    6    4    5\n   2.64544298482780352796e-03    1    6    4    6\n   9.93759273590150669919e-03    1    6    5    5\n  -8.67938178549523619383e-09    1    6    5    6\n  -8.76641241734659078244e-03    1    6    6    6\n   3.39367425853982357387e-02    2    1    2    1\n  -1.14094743415732476813e-08    2    1    2    2\n   9.60013790232334069460e-06    2    1    2    3\n   6.47127536019547378206e-05    2    1    2    4\n  -4.74293506369108734878e-08    2    1    2    5\n  -1.29337549104514425331e-03    2    1    2    6\n  -1.21187072047056106362e-08    2    1    3    3\n   4.05518956768336484899e-08    2    1    3    4\n  -8.93536850056894698053e-05    2    1    3    5\n   6.01530968879958313668e-09    2    1    3    6\n   8.71852500275550833686e-09    2    1    4    4\n  -4.02152978598888143427e-04    2    1    4    5\n  -5.41009271505288876576e-08    2    1    4    6\n   1.78033848506227397086e-08    2    1    5    5\n   3.67764157288251588782e-03    2    1    5    6\n  -1.69842963096493085787e-08    2    1    6    6\n   5.30882638330742562260e-01    2    2    2    2\n  -3.07849275002134480984e-09    2    2    2    3\n  -7.43622384703745945388e-07    2    2    2    4\n   4.75148020254112304905e-02    2    2    2    5\n  -1.84357803437279715690e-08    2    2    2    6\n   4.87526078519540995160e-01    2    2    3    3\n  -4.23530363299793946585e-02    2    2    3    4\n  -6.21193930733903737580e-07    2    2    3    5\n  -6.33123624675264833062e-04    2    2    3    6\n   4.45591730955366971401e-01    2    2    4    4\n  -4.69992116198968397996e-07    2    2    4    5\n   4.51994139970293348774e-02    2    2    4    6\n   4.98813516581519067472e-01    2    2    5    5\n  -3.08588320898601034016e-07    2    2    5    6\n   1.59195366413143413187e-01    2    2    6    6\n   2.09662816878381091934e-02    2    3    2    3\n  -3.55569069633108417877e-03    2    3    2    4\n  -5.00716920245953165922e-08    2    3    2    5\n  -1.52716822342985325805e-04    2    3    2    6\n  -3.01540870481106941795e-09    2    3    3    3\n  -4.98470090338730617978e-08    2    3    3    4\n   3.04552055121557960216e-03    2    3    3    5\n  -4.98827370242558402260e-09    2    3    3    6\n   5.38629881618398735174e-07    2    3    4    4\n  -1.84284886666413079415e-02    2    3    4    5\n   9.34620953301688045765e-08    2    3    4    