{
  "references": {
    "FCI": -4.7086798777969,
    "UCCSD": -4.708322125487889,
    "statevector": -4.661426106486887
  },
  "input": "&FCI\nNORB=4,\nNELEC=4,\nMS2=0,\nORBSYM=1,\nISYM=1,\n&END\n   5.50762447407144528633e-01    1    1    1    1\n   3.10902984262948920747e-08    1    1    1    2\n   3.72550872049983439194e-02    1    1    1    3\n  -2.09396137096670264654e-06    1    1    1    4\n   5.06477885300980812389e-01    1    1    2    2\n  -1.83332543451673882830e-06    1    1    2    3\n  -3.09807956967241872326e-02    1    1    2    4\n   4.45989151598211952532e-01    1    1    3    3\n  -2.38400375377946927968e-06    1    1    3    4\n   4.66386728725678767482e-01    1    1    4    4\n   2.23989968320648276390e-02    1    2    1    2\n  -8.50786203247440559499e-08    1    2    1    3\n  -2.35034415040892737114e-03    1    2    1    4\n   3.16029459712751782989e-08    1    2    2    2\n   2.53920814445012920507e-03    1    2    2    3\n  -2.02552565174578821723e-07    1    2    2    4\n  -1.77801689170397366891e-06    1    2    3    3\n  -1.70661552851297665390e-02    1    2    3    4\n   2.21073173755272552472e-06    1    2    4    4\n   1.32885000282327081500e-01    1    3    1    3\n  -7.66977882414880767728e-06    1    3    1    4\n   3.31632413208147666661e-02    1    3    2    2\n  -6.86524056015507108328e-06    1    3    2    3\n  -1.16426973629830912693e-01    1    3    2    4\n   1.11113287629668686801e-02    1    3    3    3\n  -9.72366661576357086045e-08    1    3    3    4\n   1.48194605045049877107e-02    1    3    4    4\n   1.56566500106824768590e-02    1    4    1    4\n  -1.88130639043247446590e-06    1    4    2    2\n  -1.42683474745922533183e-02    1    4    2    3\n   8.35985133959449598163e-06    1    4    2    4\n  -4.82680108995806766669e-07    1    4    3    3\n   8.17597690963006739663e-04    1    4    3    4\n  -8.34149538171156460157e-07    1    4    4    4\n   2.23989968320647998834e-02    2    1    2    1\n   3.16029459712909013480e-08    2    1    2    2\n   2.53920814445012747035e-03    2    1    2    3\n  -2.02552565174372145684e-07    2    1    2    4\n  -1.77801689170412655835e-06    2    1    3    3\n  -1.70661552851297700084e-02    2    1    3    4\n   2.21073173755266750296e-06    2    1    4    4\n   5.51799579046441612817e-01    2    2    2    2\n  -2.18081989684564011667e-06    2    2    2    3\n  -3.67227060475410552187e-02    2    2    2    4\n   4.14950102164253820103e-01    2    2    3    3\n   1.57069588203726960216e-06    2    2    3    4\n   5.04121339623275876995e-01    2    2    4    4\n   1.31120789400756727894e-02    2    3    2    3\n   7.47354265315569919428e-06    2    3    2    4\n  -6.32167975887357580461e-07    2    3    3    3\n  -9.32259712112834906285e-04    2    3    3    4\n  -8.39224286078356638733e-07    2    3    4    4\n   1.58506899529315015140e-01    2    4    2    4\n  -8.21912450319841648982e-03    2    4    3    3\n  -6.29924222135411432735e-11    2    4    3    4\n  -1.42041924567191894108e-02    2    4    4    4\n   1.32885000282327081500e-01    3    1    3    1\n  -6.86524056015601976018e-06    3    1    3    2\n   1.11113287629668565371e-02    3    1    3    3\n  -9.72366661603953419467e-08    3    1    3    4\n   1.48194605045050224051e-02    3    1    4    4\n   1.31120789400756849324e-02    3    2    3    2\n  -6.32167975887623337048e-07    3    2    3    3\n  -9.32259712112834906285e-04    3    2    3    4\n  -8.39224286078427154226e-07    3    2    4    4\n   4.01885845668631336292e-01    3    3    3    3\n  -3.44561281433781345981e-07    3    3    3    4\n   4.00809085662304442899e-01    3    3    4    4\n   1.61931728680229959638e-02    3    4    3    4\n  -3.92694306574208883232e-07    3    4    4    4\n   1.56566500106824595118e-02    4    1    4    1\n   8.35985133959500081326e-06    4    1    4    2\n   8.17597690963005004940e-04    4    1    4    3\n  -8.34149538171750653769e-07    4    1    4    4\n   1.58506899529315015140e-01    4    2    4    2\n  -6.29924265477557948146e-11    4    2    4    3\n  -1.42041924567193594137e-02    4    2    4    4\n   1.61931728680229994333e-02    4    3    4    3\n  -3.92694306574083098839e-07    4    3    4    4\n   4.83930474396461529629e-01    4    4    4    4\n  -1.92953931988141347276e+00    1    1    0    0\n  -6.26932443987521842608e-08    1    2    0    0\n  -1.01042361702177674321e-01    1    3    0    0\n   5.65402158664913359620e-06    1    4    0    0\n  -6.26932443982282546783e-08    2    1    0    0\n  -1.93053490818648643135e+00    2    2    0    0\n   5.76239214555993946494e-06    2    3    0    0\n   9.63339532905811979369e-02    2    4    0    0\n  -1.01042361702177702076e-01    3    1    0    0\n   5.76239214555894504826e-06    3    2    0    0\n  -1.23863922842656637435e+00    3    3    0    0\n   1.43037957251786610724e-06    3    4    0    0\n   5.65402158665304688842e-06    4    1    0    0\n   9.63339532905814338593e-02    4    2    0    0\n   1.43037957251207451946e-06    4    3    0    0\n  -1.41494272107911500669e+00    4    4    0    0\n   1.49914890410452898095e+02    0    0    0    0\n",
  "init_state": "OPENQASM 2.0;\ninclude \"qelib1.inc\";\nqreg q[6];\nx q[0];\nx q[3];\n",
  "evolution_ops": [
    [
      "IIIXZY",
      -0.25
    ],
    [
      "XZYIII",
      -0.25
    ]
  ],
  "optimal_point": [
    0.14538608650794485,
    0.3034647846254705
  ],
  "eigenvalue_history": [
    -4.648964489557493,
    -4.661426106486887
  ],
  "cnots": 8,
  "depth": 8,
  "constants": {
    "hf_in_pbe": -208.052453145746,
    "hf_in_pbe_effective": -4.63647288214242
  },
  "offset": -203.4159802636036,
  "results": [
    {
      "eigenvalue": -4.632033056253158,
      "metadata": [
        {
          "zne": {
            "noise_amplification": {
              "noise_amplifier": "<LocalFoldingAmplifier:{'gates_to_fold': None, 'noise_factor_relative_tolerance': 0.01, 'random_seed': None, 'sub_folding_option': 'from_first'}>",
              "noise_factors": [
                1,
                3,
                5,
                7,
                9
              ],
              "values": [
                -4.4541287318820135,
                -4.16931832812159,
                -3.9440031428278104,
                -3.7698950622785667,
                -3.705256486942223
              ],
              "variance": [
                0.2106329198959306,
                0.4188199979419145,
                0.5034121262023838,
                0.5503210876117764,
                0.5720152552902782
              ],
              "shots": [
                8192,
                8192,
                8192,
                8192,
                8192
              ]
            },
            "extrapolation": {
              "extrapolator": "QuadraticExtrapolator"
            }
          }
        }
      ]
    }
  ],
  "iterations": 2
}