{
  "references": {
    "FCI": -7.765997855716884,
    "UCCSD": -7.762185532338603,
    "statevector": -7.7519748314948185
  },
  "input": "&FCI\nNORB=6,\nNELEC=6,\nMS2=0,\nORBSYM=1,\nISYM=1,\n&END\n   5.80114065143112367373e-01    1    1    1    1\n   2.46421251088547012612e-04    1    1    1    2\n  -1.53195632066865766140e-07    1    1    1    3\n  -8.40705580257250961913e-04    1    1    1    4\n   8.92318255564723386065e-08    1    1    1    5\n  -1.66451227253198233424e-02    1    1    1    6\n   3.11244980322753161950e-01    1    1    2    2\n  -8.62719520192955578940e-07    1    1    2    3\n  -1.06763825468691730958e-01    1    1    2    4\n   1.06162106622012587819e-04    1    1    2    5\n  -7.46032093432156661467e-03    1    1    2    6\n   3.13225505982575536112e-01    1    1    3    3\n   1.08369567037244055366e-04    1    1    3    4\n   1.09864077732613113492e-01    1    1    3    5\n   5.23901890796431675212e-06    1    1    3    6\n   4.66600665919178536623e-01    1    1    4    4\n  -1.67670244773078663011e-07    1    1    4    5\n   1.85834192112437519839e-02    1    1    4    6\n   4.72173019185006370702e-01    1    1    5    5\n  -5.96385961668607786574e-06    1    1    5    6\n   2.51791553833178083366e-01    1    1    6    6\n   1.55587956428298243572e-02    1    2    1    2\n  -1.36236795089906990455e-07    1    2    1    3\n  -1.87341680258554035832e-02    1    2    1    4\n   1.86457169492929078220e-05    1    2    1    5\n  -1.41221499201816137054e-03    1    2    1    6\n   1.49966147361686133899e-04    1    2    2    2\n   5.13101274742611553873e-09    1    2    2    3\n   2.96569619685666879954e-06    1    2    2    4\n   1.57037632972827102180e-08    1    2    2    5\n   1.84509906729850422721e-03    1    2    2    6\n   1.62850661449599412459e-04    1    2    3    3\n  -2.82841723392744633721e-08    1    2    3    4\n   3.39012349028152028393e-05    1    2    3    5\n   4.25289924970520961638e-08    1    2    3    6\n   5.77311373126210785169e-05    1    2    4    4\n   4.55403969800649144613e-08    1    2    4    5\n   5.33494371818083856079e-03    1    2    4    6\n   2.14616518172469281089e-04    1    2    5    5\n  -5.27787956246720143903e-06    1    2    5    6\n   9.14355022207269602444e-04    1    2    6    6\n   1.59316908426156492173e-02    1    3    1    3\n   1.90415771746190721732e-05    1    3    1    4\n   1.93197597625224988527e-02    1    3    1    5\n   9.68717465144133320785e-07    1    3    1    6\n  -1.83535688917366820661e-07    1    3    2    2\n   3.44385743385140134196e-06    1    3    2    3\n  -9.17314088893902330162e-08    1    3    2    4\n  -1.07285843520478049100e-05    1    3    2    5\n   4.12687105908686680703e-08    1    3    2    6\n  -2.13943998347356716403e-07    1    3    3    3\n  -4.65260076574204280760e-05    1    3    3    4\n   5.91614682374920239856e-08    1    3    3    5\n   1.77046718461135307518e-03    1    3    3    6\n  -4.29620026514331660300e-08    1    3    4    4\n  -9.13906280354972961949e-06    1    3    4    5\n  -5.41868595120139210280e-06    1    3    4    6\n  -1.45588032954751189294e-07    1    3    5    5\n  -5.46289823475066497332e-03    1    3    5    6\n  -6.98057037071639548966e-07    1    3    6    6\n   4.36688401037089932166e-02    1    4    1    4\n  -4.26737856113163336849e-08    1    4    1    5\n   3.01026218652670303141e-03    1    4    1    6\n  -7.17224781900611995170e-04    1    4    2    2\n  -5.25869522762077405199e-08    1    4    2    3\n  -1.71812961029954564375e-04    1    4    2    4\n   5.89052327291088994616e-08    1    4    2    5\n   3.76296328628138339323e-03    1    4    2    6\n  -7.79827498371817961868e-04    1    4    3    3\n   1.18270183302676677174e-07    1    4    3    4\n   5.36476075564178322199e-06    1    4    3    5\n  -3.85058768691661462800e-06    1    4    3    6\n  -4.62812201816179436421e-04    1    4    4    4\n  -1.23174330208805024354e-07    1    4    4    5\n  -7.15502053882938280488e-03    1    4    4    6\n  -7.70407453735753042570e-04    1    4    5    5\n   7.28820887149215414038e-08    1    4    5    6\n  -1.95690473480282685348e-03    1    4    6    6\n   4.45849730705344740600e-02    1    5    1    5\n  -9.56126177038440712541e-07    1    5    1    6\n   1.83804627197354012073e-07    1    5    2    2\n  -9.43156702362007550778e-06    1    5    2    3\n   9.96360846713754861972e-08    1    5    2    4\n  -6.14415427028468428102e-06    1    5    2    5\n  -3.69636812852496972914e-06    1    5    2    6\n   2.38549836033854863970e-07    1    5    3    3\n  -1.51377103743824333341e-05    1    5    3    4\n  -5.28300336786039772722e-08    1    5    3    5\n  -3.85934670627287356240e-03    1    5    3    6\n  -1.93378040302279204348e-08    1    5    4    4\n  -8.26966322909349239997e-05    1    5    4    5\n   6.44117251352820040472e-08    1    5    4    6\n   1.84647396812598046502e-07    1    5    5    5\n  -7.18811020395830006097e-03    1    5    5    6\n   6.09813152522725132848e-07    1    5    6    6\n   1.54866325956782083240e-02    1    6    1    6\n   3.88988328294658028406e-02    1    6    2    2\n   3.42307750936334774025e-07    1    6    2    3\n   3.02261215301113383980e-02    1    6    2    4\n  -2.97211844163826661319e-05    1    6    2    5\n   9.73430530221447540447e-04    1    6    2    6\n   3.85051651987524598542e-02    1    6    3    3\n  -3.05545876320605777816e-05    1    6    3    4\n  -3.06079170645018085184e-02    1    6    3    5\n  -6.73226537037043912411e-07    1    6    3    6\n  -1.02382756721719724025e-02    1    6    4    4\n   8.95213099633876787427e-07    1    6    4    5\n  -5.10638116340936774884e-04    1    6    4    6\n  -9.34024400919821091993e-03    1    6    5    5\n   1.61584542066391190430e-07    1    6    5    6\n   3.17716452286019301887e-02    1    6    6    6\n   1.55587956428298330308e-02    2    1    2    1\n   1.49966147361690579128e-04    2    1    2    2\n   5.13101274743141776645e-09    2    1    2    3\n   2.96569619685050663485e-06    2    1    2    4\n   1.57037632974542840206e-08    2    1    2    5\n   1.84509906729850401037e-03    2    1    2    6\n   1.62850661449568837958e-04    2    1    3    3\n  -2.82841723394137440436e-08    2    1    3    4\n   3.39012349028664923783e-05    2    1    3    5\n   4.25289924967534442580e-08    2    1    3    6\n   5.77311373126375448374e-05    2    1    4    4\n   4.55403969792553362522e-08    2    1    4    5\n   5.33494371818084029552e-03    2    1    4    6\n   2.14616518172504544765e-04    2    1    5    5\n  -5.27787956246828733527e-06    2    1    5    6\n   9.14355022207274156093e-04    2    1    6    6\n   5.85338696322920015724e-01    2    2    2    2\n   1.63652366481900356411e-06    2    2    2    3\n   1.41189639184519100112e-01    2    2    2    4\n  -1.38619692538547486637e-04    2    2    2    5\n   1.81600465582293672459e-03    2    2    2    6\n   5.27881612114997178509e-01    2    2    3    3\n  -1.21618889517576960228e-04    2    2    3    4\n  -1.21798112620068649248e-01    2    2    3    5\n  -8.50144852668509940082e-07    2    2    3    6\n   3.50319532092278618229e-01    2    2    4    4\n  -1.80600186753524969644e-05    2    2    4    5\n   1.07279981954156514168e-02    2    2    4    6\n   3.33285635877119901238e-01    2    2    5    5\n  -4.13388948968666824265e-06    2    2    5    6\n   4.27113561693621579529e-01    2    2    6    6\n   2.78453001914470560374e-02    2    3    2    3\n  -9.06521095412304145746e-06    2    3    2    4\n  -1.04331387152720757305e-02    2    3    2    5\n  -1.09051682066395856048e-07    2    3    2    6\n   1.61637015691959936909e-06    2    3    3    3\n   1.01203406544010023754e-02    2    3    3    4\n  -1.13204775624385250478e-05    2    3    3    5\n   1.99709736884109973062e-04    2    3    3    6\n  -2.34912681431588669944e-05    2    3    4    4\n  -1.15436940016011655580e-02    2    3    4    5\n  -8.59809591577080654876e-07    2    3    4    