{
  "references": {
    "FCI": -3.9466595233122987,
    "UCCSD": -3.932628654975484,
    "statevector": -3.868577874167637
  },
  "input": "&FCI\nNORB=4,\nNELEC=4,\nMS2=0,\nORBSYM=1,\nISYM=1,\n&END\n   5.34308952046769869426e-01    1    1    1    1\n   5.12191755912687314169e-09    1    1    1    2\n   9.88188022269052279700e-02    1    1    1    3\n  -8.07685983622552475624e-07    1    1    1    4\n   4.87692654403774128458e-01    1    1    2    2\n  -6.93272825246656620188e-07    1    1    2    3\n  -8.35633118296572607875e-02    1    1    2    4\n   4.41555444197631596914e-01    1    1    3    3\n  -2.83722371210537953725e-07    1    1    3    4\n   4.17865253417157578308e-01    1    1    4    4\n   2.24104940331140527199e-02    1    2    1    2\n  -5.99516244258065254845e-08    1    2    1    3\n  -7.70894208232186708279e-03    1    2    1    4\n   5.15895599967967110774e-09    1    2    2    2\n   7.27616138763808283085e-03    1    2    2    3\n  -6.31257962554807607636e-08    1    2    2    4\n  -2.63529667234660142631e-07    1    2    3    3\n  -1.64104837294012165239e-02    1    2    3    4\n   2.76599869367165624715e-07    1    2    4    4\n   1.80210568293402817464e-01    1    3    1    3\n  -1.37942205545375845140e-06    1    3    1    4\n   8.00610340392454572500e-02    1    3    2    2\n  -1.36098599248041822048e-06    1    3    2    3\n  -1.52703184265442604151e-01    1    3    2    4\n  -4.12289276724560199705e-02    1    3    3    3\n   7.35378008604109018102e-08    1    3    3    4\n  -3.15342935551763264845e-02    1    3    4    4\n   1.56401106106878601265e-02    1    4    1    4\n  -6.53166683778938171725e-07    1    4    2    2\n  -1.54436087312176707764e-02    1    4    2    3\n   1.40563185528587634610e-06    1    4    2    4\n   3.01792628783431633896e-07    1    4    3    3\n  -3.77502861393496551637e-03    1    4    3    4\n   3.43134848697843538349e-07    1    4    4    4\n   2.24104940331140457810e-02    2    1    2    1\n   5.15895599975516374634e-09    2    1    2    2\n   7.27616138763809323919e-03    2    1    2    3\n  -6.31257962554720786758e-08    2    1    2    4\n  -2.63529667234806255815e-07    2    1    3    3\n  -1.64104837294012199933e-02    2    1    3    4\n   2.76599869367263086443e-07    2    1    4    4\n   5.30821791266104736629e-01    2    2    2    2\n  -7.86075854301432401134e-07    2    2    2    3\n  -9.46831026564527444833e-02    2    2    2    4\n   4.10519421674225726271e-01    2    2    3    3\n   2.55454303934310659303e-07    2    2    3    4\n   4.52482349227067093267e-01    2    2    4    4\n   1.52614401797656288468e-02    2    3    2    3\n   1.38596300155047028587e-06    2    3    2    4\n   3.35841942470333756738e-07    2    3    3    3\n   4.06333897564964841714e-03    2    3    3    4\n   2.47246717770438136294e-07    2    3    4    4\n   1.87084551425855810658e-01    2    4    2    4\n   3.53946253928521734067e-02    2    4    3    3\n  -9.65098958720778568707e-09    2    4    3    4\n   4.15278173281633453118e-02    2    4    4    4\n   1.80210568293403011753e-01    3    1    3    1\n  -1.36098599248082225519e-06    3    1    3    2\n  -4.12289276724561171150e-02    3    1    3    3\n   7.35378008595227877650e-08    3    1    3    4\n  -3.15342935551763958735e-02    3    1    4    4\n   1.52614401797656271120e-02    3    2    3    2\n   3.35841942469708593483e-07    3    2    3    3\n   4.06333897564965795812e-03    3    2    3    4\n   2.47246717770804160406e-07    3    2    4    4\n   4.62903506861562008545e-01    3    3    3    3\n  -4.49373508887530783307e-08    3    3    3    4\n   4.30599084467614912075e-01    3    3    4    4\n   1.95296549462276904097e-02    3    4    3    4\n  -4.19625832689869320070e-08    3    4    4    4\n   1.56401106106878566571e-02    4    1    4    1\n   1.40563185528564785897e-06    4    1    4    2\n  -3.77502861393496681741e-03    4    1    4    3\n   3.43134848698007174526e-07    4    1    4    4\n   1.87084551425855616369e-01    4    2    4    2\n  -9.65098959173057104849e-09    4    2    4    3\n   4.15278173281633661285e-02    4    2    4    4\n   1.95296549462276973486e-02    4    3    4    3\n  -4.19625832716381848366e-08    4    3    4    4\n   4.77439159498628196143e-01    4    4    4    4\n  -1.68478096353914397199e+00    1    1    0    0\n  -1.02808735580920198460e-08    1    2    0    0\n  -2.51664708917757717899e-01    1    3    0    0\n   2.05089355492761737677e-06    1    4    0    0\n  -1.02808735584332434292e-08    2    1    0    0\n  -1.67966387923348747790e+00    2    2    0    0\n   2.11266988036535889305e-06    2    3    0    0\n   2.54100784233445786686e-01    2    4    0    0\n  -2.51664708917758050966e-01    3    1    0    0\n   2.11266988036638083830e-06    3    2    0    0\n  -1.31331760571522937475e+00    3    3    0    0\n   6.30770806367758136079e-08    3    4    0    0\n   2.05089355492598302669e-06    4    1    0    0\n   2.54100784233445509130e-01    4    2    0    0\n   6.30770806374487812845e-08    4    3    0    0\n  -1.33851199558768274578e+00    4    4    0    0\n   1.40229723085639506053e+02    0    0    0    0\n",
  "init_state": "OPENQASM 2.0;\ninclude \"qelib1.inc\";\nqreg q[6];\nx q[0];\nx q[3];\n",
  "evolution_ops": [
    [
      "IIIXZY",
      -0.25
    ],
    [
      "XZYIII",
      -0.25
    ],
    [
      "IYXIII",
      0.5
    ],
    [
      "YXZXXZ",
      0.125
    ]
  ],
  "optimal_point": [
    -0.3905977562378816,
    1.3245800296825192,
    0.8766257450866144,
    -4.142169117294608
  ],
  "eigenvalue_history": [
    -3.806270339311237,
    -3.850552421600793,
    -3.853146604949557,
    -3.868577874167637
  ],
  "cnots": 20,
  "depth": 28,
  "constants": {
    "hf_in_pbe": -207.652569016422,
    "hf_in_pbe_effective": -3.75780931268352
  },
  "offset": -203.8947597037385,
  "results": [
    {
      "eigenvalue": -3.527117167359253,
      "metadata": [
        {
          "zne": {
            "noise_amplification": {
              "noise_amplifier": "<LocalFoldingAmplifier:{'gates_to_fold': None, 'noise_factor_relative_tolerance': 0.01, 'random_seed': None, 'sub_folding_option': 'from_first'}>",
              "noise_factors": [
                1,
                3,
                5,
                7,
                9
              ],
              "values": [
                -3.438935801977255,
                -3.1814744237963715,
                -3.145995375119664,
                -3.142426317035596,
                -3.1191340710631374
              ],
              "variance": [
                0.5445709648778815,
                0.5795550772012946,
                0.5836863361243566,
                0.5847512936717418,
                0.5852725354504161
              ],
              "shots": [
                8192,
                8192,
                8192,
                8192,
                8192
              ]
            },
            "extrapolation": {
              "extrapolator": "QuadraticExtrapolator"
            }
          }
        }
      ]
    }
  ],
  "iterations": 4
}