{
  "references": {
    "FCI": -8.300263013782796,
    "UCCSD": -8.27605451159897,
    "statevector": -8.221799434726812
  },
  "input": "&FCI\nNORB=6,\nNELEC=6,\nMS2=0,\nORBSYM=1,\nISYM=1,\n&END\n   5.21396304428543455600e-01    1    1    1    1\n   2.31317290941557041377e-04    1    1    1    2\n  -1.26366474915112009708e-07    1    1    1    3\n  -8.00701312976628029432e-04    1    1    1    4\n  -2.40217819042036755551e-08    1    1    1    5\n   2.77728482398221857008e-02    1    1    1    6\n   3.89054784787719765138e-01    1    1    2    2\n  -4.82744705807831059215e-09    1    1    2    3\n   6.21827561358278269044e-02    1    1    2    4\n  -8.16872821407504742802e-07    1    1    2    5\n  -4.05450226784230798732e-03    1    1    2    6\n   3.90597979883005208546e-01    1    1    3    3\n  -8.12339546615968210108e-07    1    1    3    4\n  -6.45850135891197080218e-02    1    1    3    5\n   1.23375938691525869896e-07    1    1    3    6\n   4.45716166017094794771e-01    1    1    4    4\n  -3.03050000015490965865e-08    1    1    4    5\n  -1.15633835391528421582e-02    1    1    4    6\n   4.51836916665424914719e-01    1    1    5    5\n  -3.02102758760906727484e-07    1    1    5    6\n   3.67363215474429516405e-01    1    1    6    6\n   2.50363988667850027869e-02    1    2    1    2\n  -2.43251864983508476941e-09    1    2    1    3\n   1.30043411062927757871e-02    1    2    1    4\n  -1.69507190092273054222e-07    1    2    1    5\n  -4.28286900384254023890e-04    1    2    1    6\n  -6.91067642388711739221e-04    1    2    2    2\n   9.66807260154988427450e-09    1    2    2    3\n   7.58342934191352704282e-04    1    2    2    4\n  -1.56937217280915569280e-08    1    2    2    5\n  -2.24853310387558959563e-03    1    2    2    6\n  -6.27213993010654769639e-04    1    2    3    3\n  -4.22560771122803046017e-08    1    2    3    4\n  -6.67904278836777107360e-04    1    2    3    5\n   9.18889931813555666614e-10    1    2    3    6\n   3.99867098061476567133e-04    1    2    4    4\n  -7.05555670667292531725e-10    1    2    4    5\n   1.28931309315424361128e-02    1    2    4    6\n   1.08827378536364573311e-04    1    2    5    5\n  -1.67884223294512255256e-07    1    2    5    6\n  -1.84085036350589074765e-03    1    2    6    6\n   2.53596921560217958280e-02    1    3    1    3\n  -1.71882297934956921516e-07    1    3    1    4\n  -1.34889909183072542048e-02    1    3    1    5\n  -9.76887911910315176189e-08    1    3    1    6\n   1.66544503224426127863e-07    1    3    2    2\n  -3.45569618882897347089e-05    1    3    2    3\n  -2.24356505907213426744e-07    1    3    2    4\n  -1.15406725657351237613e-04    1    3    2    5\n   6.55151785101138284992e-09    1    3    2    6\n   1.82829972876289208163e-07    1    3    3    3\n  -9.25411188669330274370e-05    1    3    3    4\n   2.48940998377546432083e-07    1    3    3    5\n  -1.97945653805970062447e-03    1    3    3    6\n  -9.42739349888476897039e-08    1    3    4    4\n  -5.81093606941274136803e-05    1    3    4    5\n  -1.63486994368061297545e-07    1    3    4    6\n  -8.03961988604364273611e-08    1    3    5    5\n  -1.32520039731206101807e-02    1    3    5    6\n   2.21551944691844764943e-07    1    3    6    6\n   3.84793190320457390019e-02    1    4    1    4\n  -2.05520883706465507180e-09    1    4    1    5\n  -1.43045427690586396396e-03    1    4    1    6\n  -9.99948144238945509782e-04    1    4    2    2\n  -3.00261847713207611082e-08    1    4    2    3\n   6.84998650702446274484e-04    1    4    2    4\n  -5.50167720272008574034e-09    1    4    2    5\n   9.60479498529723599298e-03    1    4    2    6\n  -1.23947830955399183536e-03    1    4    3    3\n  -3.68967709989908786054e-08    1    4    3    4\n  -3.96826429272072124434e-04    1    4    3    5\n  -1.25343165211844424849e-07    1    4    3    6\n  -3.94969096591184221350e-04    1    4    4    4\n  -3.44486695360050397545e-10    1    4    4    5\n   1.36245450140538900546e-02    1    4    4    6\n  -7.87642411851921238168e-04    1    4    5    5\n  -1.40497819707906776888e-09    1    4    5    6\n  -2.71722235100651078946e-03    1    4    6    6\n   3.93849064936339227083e-02    1    5    1    5\n  -4.70730521518707615632e-08    1    5    1    6\n  -2.87557400517271963599e-08    1    5    2    2\n  -1.06332355055084275936e-04    1    5    2    3\n  -6.44828489970973477391e-09    1    5    2    4\n   8.74194423071926191970e-05    1    5    2    5\n  -1.24001548164203559614e-07    1    5    2    6\n   2.92697999710864798727e-08    1    5    3    3\n  -3.55323181285640239744e-05    1    5    3    4\n  -1.35983742604215291815e-08    1    5    3    5\n  -9.91588375777745917317e-03    1    5    3    6\n  -2.43832155154970251909e-08    1    5    4    4\n  -4.79812559657528592467e-05    1    5    4    5\n  -1.06233208570816676958e-09    1    5    4    6\n  -4.99514545957931953858e-08    1    5    5    5\n   1.38388831074006991850e-02    1    5    5    6\n  -8.52796186101065266391e-08    1    5    6    6\n   6.21439068649835349434e-02    1    6    1    6\n  -6.55453899726563954387e-02    1    6    2    2\n  -8.51670527678378458432e-09    1    6    2    3\n   7.61307999752440373031e-02    1    6    2    4\n  -9.81757914538801338336e-07    1    6    2    5\n  -2.87389327444233233511e-03    1    6    2    6\n  -6.41736302945219022620e-02    1    6    3    3\n  -9.92569118087664763582e-07    1    6    3    4\n  -7.73918417658573526419e-02    1    6    3    5\n   1.26038799094025600368e-07    1    6    3    6\n   2.40581141125812032755e-02    1    6    4    4\n  -2.62302079907185875979e-08    1    6    4    5\n  -2.20204162813138204502e-03    1    6    4    6\n   2.28174313223261891748e-02    1    6    5    5\n  -1.48889226897321773016e-07    1    6    5    6\n  -7.35963605864515674204e-02    1    6    6    6\n   2.50363988667850201342e-02    2    1    2    1\n  -6.91067642388680731039e-04    2    1    2    2\n   9.66807260150281438893e-09    2    1    2    3\n   7.58342934191321370839e-04    2    1    2    4\n  -1.56937217277827141571e-08    2    1    2    5\n  -2.24853310387559393244e-03    2    1    2    6\n  -6.27213993010641108691e-04    2    1    3    3\n  -4.22560771125331373190e-08    2    1    3    4\n  -6.67904278836747291800e-04    2    1    3    5\n   9.18889932008159004704e-10    2    1    3    6\n   3.99867098061472230324e-04    2    1    4    4\n  -7.05555669803793727197e-10    2    1    4    5\n   1.28931309315424343781e-02    2    1    4    6\n   1.08827378536337142996e-04    2    1    5    5\n  -1.67884223295140700763e-07    2    1    5    6\n  -1.84085036350585757106e-03    2    1    6    6\n   5.58896124869097343790e-01    2    2    2    2\n   1.76893723983467902440e-08    2    2    2    3\n  -1.22279446515857759259e-01    2    2    2    4\n   1.56613711427266189769e-06    2    2    2    5\n   1.99116185646210606952e-03    2    2    2    6\n   5.07163422007831710125e-01    2    2    3    3\n   1.34832338375423888222e-06    2    2    3    4\n   1.04274467111500346306e-01    2    2    3    5\n  -6.73546199161599455825e-08    2    2    3    6\n   4.03501034394606161726e-01    2    2    4    4\n  -3.26362223617411456610e-07    2    2    4    5\n  -8.13769370563312971489e-03    2    2    4    6\n   3.82913211655271312761e-01    2    2    5    5\n  -1.63164982628305965055e-08    2    2    5    6\n   4.80292642313040529789e-01    2    2    6    6\n   2.49243089136158627039e-02    2    3    2    3\n   1.03879494201922905751e-07    2    3    2    4\n   9.47233274098779887140e-03    2    3    2    5\n  -1.22448555934743987068e-08    2    3    2    6\n   1.74847200999571975516e-08    2    3    3    3\n  -9.09846442749308315090e-03    2    3    3    4\n   1.35157708807733898667e-07    2    3    3    5\n   2.09209956557521121806e-04    2    3    3    6\n  -3.66738627123270725909e-07    2    3    4    4\n  -1.41362353958599720055e-02    2    3    4    5\n   1.93570104494207155672e-08    2    3    4    