{
  "references": {
    "FCI": -3.9270453906197935,
    "UCCSD": -3.919990117979485,
    "statevector": -3.86090983005153
  },
  "input": "&FCI\nNORB=4,\nNELEC=4,\nMS2=0,\nORBSYM=1,\nISYM=1,\n&END\n   5.75784119386805404162e-01    1    1    1    1\n  -1.49820412491238570790e-07    1    1    1    2\n  -1.34200928598640439882e-01    1    1    1    3\n   1.33615724823411510152e-05    1    1    1    4\n   5.20500219189882096238e-01    1    1    2    2\n  -1.16371093834563387712e-05    1    1    2    3\n  -1.15192263172599076992e-01    1    1    2    4\n   3.72939391862732505523e-01    1    1    3    3\n  -2.04996951810655635184e-06    1    1    3    4\n   3.54616573291215764208e-01    1    1    4    4\n   2.67175194253265538280e-02    1    2    1    2\n  -8.94706807551488653640e-07    1    2    1    3\n  -1.01660219564727073716e-02    1    2    1    4\n  -1.47783306065585091584e-07    1    2    2    2\n  -9.82587792293390833998e-03    1    2    2    3\n   1.11333556499432418567e-06    1    2    2    4\n   2.55885998116790370376e-06    1    2    3    3\n   1.25311833115341643430e-02    1    2    3    4\n  -2.47383708425964544194e-06    1    2    4    4\n   1.52596434667367719662e-01    1    3    1    3\n  -1.40772589844544460542e-05    1    3    1    4\n  -1.11972276004032991747e-01    1    3    2    2\n   1.44108279095416204682e-05    1    3    2    3\n   1.31348939858376673184e-01    1    3    2    4\n   8.15489842667495162809e-02    1    3    3    3\n  -9.73128928493371236203e-07    1    3    3    4\n   6.80304752282133579078e-02    1    3    4    4\n   1.22118599867138948739e-02    1    4    1    4\n   1.11637393868285810596e-05    1    4    2    2\n   1.21033685965537037704e-02    1    4    2    3\n  -1.43794656840295349387e-05    1    4    2    4\n  -6.97466595742429359658e-06    1    4    3    3\n   6.60580348053660046381e-03    1    4    3    4\n  -8.23837804342865356758e-06    1    4    4    4\n   2.67175194253265538280e-02    2    1    2    1\n  -1.47783306065633981267e-07    2    1    2    2\n  -9.82587792293390313580e-03    2    1    2    3\n   1.11333556499432545622e-06    2    1    2    4\n   2.55885998116774149695e-06    2    1    3    3\n   1.25311833115341643430e-02    2    1    3    4\n  -2.47383708425961748985e-06    2    1    4    4\n   5.72133547719756663241e-01    2    2    2    2\n  -1.34470913125516244933e-05    2    2    2    3\n  -1.32888567947091890131e-01    2    2    2    4\n   3.49832607304916443081e-01    2    2    3    3\n   2.97584577318240714352e-06    2    2    3    4\n   3.81672471948384162133e-01    2    2    4    4\n   1.20015773046924234535e-02    2    3    2    3\n   1.47153189243391816301e-05    2    3    2    4\n   8.37643477739338604513e-06    2    3    3    3\n   6.79742222158855741165e-03    2    3    3    4\n   6.93539394916399456331e-06    2    3    4    4\n   1.58603568757353652341e-01    2    4    2    4\n   7.06882085302142498806e-02    2    4    3    3\n   3.65901527999417663047e-07    2    4    3    4\n   8.41125593713168140386e-02    2    4    4    4\n   1.52596434667367747418e-01    3    1    3    1\n   1.44108279095417593816e-05    3    1    3    2\n   8.15489842667494746475e-02    3    1    3    3\n  -9.73128928493942136409e-07    3    1    3    4\n   6.80304752282134411745e-02    3    1    4    4\n   1.20015773046924182493e-02    3    2    3    2\n   8.37643477739376551589e-06    3    2    3    3\n   6.79742222158855047276e-03    3    2    3    4\n   6.93539394916405809078e-06    3    2    4    4\n   4.77874601488108674552e-01    3    3    3    3\n  -9.51323439601671754385e-09    3    3    3    4\n   4.40100941583038141047e-01    3    3    4    4\n   2.17403467967922647830e-02    3    4    3    4\n  -4.68196273716423381876e-09    3    4    4    4\n   1.22118599867139070170e-02    4    1    4    1\n  -1.43794656840293740024e-05    4    1    4    2\n   6.60580348053660046381e-03    4    1    4    3\n  -8.23837804342853328890e-06    4    1    4    4\n   1.58603568757353458052e-01    4    2    4    2\n   3.65901528002789965908e-07    4    2    4    3\n   8.41125593713167585275e-02    4    2    4    4\n   2.17403467967922647830e-02    4    3    4    3\n  -4.68196273791293153479e-09    4    3    4    4\n   4.90126547170620541216e-01    4    4    4    4\n  -1.72315400978130650600e+00    1    1    0    0\n   2.97603718556688534149e-07    1    2    0    0\n   3.48319602683772489016e-01    1    3    0    0\n  -3.45757156910049410136e-05    1    4    0    0\n   2.97603718556713521621e-07    2    1    0    0\n  -1.71780280294053433465e+00    2    2    0    0\n   3.58266032719122890686e-05    2    3    0    0\n   3.53107072335817007147e-01    2    4    0    0\n   3.48319602683772155949e-01    3    1    0    0\n   3.58266032719122484110e-05    3    2    0    0\n  -1.12839633751400580941e+00    3    3    0    0\n  -1.21369257027290116730e-06    3    4    0    0\n  -3.45757156910041752959e-05    4    1    0    0\n   3.53107072335816951636e-01    4    2    0    0\n  -1.21369257027183305876e-06    4    3    0    0\n  -1.14585595957907759868e+00    4    4    0    0\n   1.36150534727610676100e+02    0    0    0    0\n",
  "init_state": "OPENQASM 2.0;\ninclude \"qelib1.inc\";\nqreg q[6];\nx q[0];\nx q[3];\n",
  "evolution_ops": [
    [
      "IIIXZY",
      -0.25
    ],
    [
      "IIIIYX",
      0.5
    ],
    [
      "IYXIII",
      0.5
    ]
  ],
  "optimal_point": [
    -3.5716106508376178,
    -0.37988880811015424,
    0.6262915452756876
  ],
  "eigenvalue_history": [
    -3.741227321099545,
    -3.773462080880197,
    -3.86090983005153
  ],
  "cnots": 8,
  "depth": 14,
  "constants": {
    "hf_in_pbe": -207.507133821608,
    "hf_in_pbe_effective": -3.70543012042825
  },
  "offset": -203.80170370117975,
  "results": [
    {
      "eigenvalue": -3.7602959442327575,
      "metadata": [
        {
          "zne": {
            "noise_amplification": {
              "noise_amplifier": "<LocalFoldingAmplifier:{'gates_to_fold': None, 'noise_factor_relative_tolerance': 0.01, 'random_seed': None, 'sub_folding_option': 'from_first'}>",
              "noise_factors": [
                1,
                3,
                5,
                7,
                9
              ],
              "values": [
                -3.628634647823566,
                -3.3572655872530865,
                -3.2084105300631482,
                -3.0341186518548713,
                -2.945246990293041
              ],
              "variance": [
                0.5468658617299644,
                0.6139699596882419,
                0.6485261252803561,
                0.6927681423598371,
                0.7027820082908489
              ],
              "shots": [
                8192,
                8192,
                8192,
                8192,
                8192
              ]
            },
            "extrapolation": {
              "extrapolator": "QuadraticExtrapolator"
            }
          }
        }
      ]
    }
  ],
  "iterations": 3
}