{
  "references": {
    "FCI": -3.9083068567950328,
    "UCCSD": -3.905453798519397,
    "statevector": -3.836676712028693,
    "ibm_cairo LinearExtrapolator(1,3,5)": {
      "mean": -3.7877144053835665,
      "stddev": 0.025945716947937528,
      "nsamples": 10
    },
    "ibm_cairo LinearExtrapolator(1,3,5) full noisy vqe": -3.7221867433422617
  },
  "input": "&FCI\nNORB=4,\nNELEC=4,\nMS2=0,\nORBSYM=1,\nISYM=1,\n&END\n   5.85338696322920015724e-01    1    1    1    1\n   1.63652366481900356411e-06    1    1    1    2\n   1.41189639184519100112e-01    1    1    1    3\n  -1.38619692538547486637e-04    1    1    1    4\n   5.27881612114997178509e-01    1    1    2    2\n  -1.21618889517576960228e-04    1    1    2    3\n  -1.21798112620068649248e-01    1    1    2    4\n   3.50319532092278618229e-01    1    1    3    3\n  -1.80600186753524969644e-05    1    1    3    4\n   3.33285635877119901238e-01    1    1    4    4\n   2.78453001914470560374e-02    1    2    1    2\n  -9.06521095412304145746e-06    1    2    1    3\n  -1.04331387152720757305e-02    1    2    1    4\n   1.61637015691959936909e-06    1    2    2    2\n   1.01203406544010023754e-02    1    2    2    3\n  -1.13204775624385250478e-05    1    2    2    4\n  -2.34912681431588669944e-05    1    2    3    3\n  -1.15436940016011655580e-02    1    2    3    4\n   2.22730336285985173377e-05    1    2    4    4\n   1.46467195960913981745e-01    1    3    1    3\n  -1.33438463720773198284e-04    1    3    1    4\n   1.18689034132884022044e-01    1    3    2    2\n  -1.37197742578304139301e-04    1    3    2    3\n  -1.26763175815492817877e-01    1    3    2    4\n  -8.94826050781532406075e-02    1    3    3    3\n   9.58482181723187268347e-06    1    3    3    4\n  -7.55112518237751051409e-02    1    3    4    4\n   1.13435575587240867340e-02    1    4    1    4\n  -1.16695063907174602933e-04    1    4    2    2\n  -1.12535129273939552702e-02    1    4    2    3\n   1.36267553064134042508e-04    1    4    2    4\n   7.56790217005718864919e-05    1    4    3    3\n  -6.99031184314111327105e-03    1    4    3    4\n   8.91986979020858083630e-05    1    4    4    4\n   2.78453001914470664457e-02    2    1    2    1\n   1.61637015691964150898e-06    2    1    2    2\n   1.01203406544010006407e-02    2    1    2    3\n  -1.13204775624385352122e-05    2    1    2    4\n  -2.34912681431587755149e-05    2    1    3    3\n  -1.15436940016011620885e-02    2    1    3    4\n   2.22730336285985478309e-05    2    1    4    4\n   5.81843998540039653022e-01    2    2    2    2\n  -1.40368943180070322296e-04    2    2    2    3\n  -1.40352526016546158560e-01    2    2    2    4\n   3.29152687175663871688e-01    2    2    3    3\n   2.76643454479194540394e-05    2    2    3    4\n   3.58336932017208342760e-01    2    2    4    4\n   1.11690422811098755140e-02    2    3    2    3\n   1.40075144540572710467e-04    2    3    2    4\n   9.09214616427688582896e-05    2    3    3    3\n   7.16495689946825432132e-03    2    3    3    4\n   7.63298239183732182790e-05    2    3    4    4\n   1.52157913668434785492e-01    2    4    2    4\n   7.79687338476713481805e-02    2    4    3    3\n   4.42563618839244138765e-06    2    4    3    4\n   9.24528164673019542397e-02    2    4    4    4\n   1.46467195960914009500e-01    3    1    3    1\n  -1.37197742578303515885e-04    3    1    3    2\n  -8.94826050781531018297e-02    3    1    3    3\n   9.58482181723317711421e-06    3    1    3    4\n  -7.55112518237749802408e-02    3    1    4    4\n   1.11690422811098772488e-02    3    2    3    2\n   9.09214616427691022351e-05    3    2    3    3\n   7.16495689946825605604e-03    3    2    3    4\n   7.63298239183724728900e-05    3    2    4    4\n   4.80751343647580209328e-01    3    3    3    3\n   1.63173071346687853164e-07    3    3    3    4\n   4.41670818931808428776e-01    3    3    4    4\n   2.22911313334612573578e-02    3    4    3    4\n   4.13218310849292779170e-07    3    4    4    4\n   1.13435575587240884687e-02    4    1    4    1\n   1.36267553064134205138e-04    4    1    4    2\n  -6.99031184314111327105e-03    4    1    4    3\n   8.91986979020861065186e-05    4    1    4    4\n   1.52157913668434979781e-01    4    2    4    2\n   4.42563618839103446593e-06    4    2    4    3\n   9.24528164673020375064e-02    4    2    4    4\n   2.22911313334612608272e-02    4    3    4    3\n   4.13218310850810503393e-07    4    3    4    4\n   4.92569425256393800261e-01    4    4    4    4\n  -1.72451433162442424596e+00    1    1    0    0\n  -3.25289382173801742168e-06    1    2    0    0\n  -3.68447366795885966617e-01    1    3    0    0\n   3.60689342790458862022e-04    1    4    0    0\n  -3.25289382173834352936e-06    2    1    0    0\n  -1.71932333016940752657e+00    2    2    0    0\n   3.74541511261102021222e-04    2    3    0    0\n   3.73515612541411523573e-01    2    4    0    0\n  -3.68447366795886077639e-01    3    1    0    0\n   3.74541511261101750171e-04    3    2    0    0\n  -1.06406922796116498731e+00    3    3    0    0\n  -1.25719727253314881741e-05    3    4    0    0\n   3.60689342790458645181e-04    4    1    0    0\n   3.73515612541411079484e-01    4    2    0    0\n  -1.25719727253350321600e-05    4    3    0    0\n  -1.07933485695592379372e+00    4    4    0    0\n   1.34504979867940818394e+02    0    0    0    0\n",
  "init_state": "OPENQASM 2.0;\ninclude \"qelib1.inc\";\nqreg q[6];\nx q[0];\nx q[3];\n",
  "evolution_ops": [
    [
      "IIIXZY",
      -0.25
    ],
    [
      "IIIIYX",
      0.5
    ],
    [
      "IYXIII",
      0.5
    ]
  ],
  "optimal_point": [
    2.5226083830912946,
    1.2789292198342859,
    -0.8407576292547257
  ],
  "eigenvalue_history": [
    -3.69791449691163,
    -3.7421879353567493,
    -3.836676400280915
  ],
  "cnots": 8,
  "depth": 14,
  "constants": {
    "hf_in_pbe": -207.471929354206,
    "hf_in_pbe_effective": -3.66465678064761
  },
  "offset": -203.80727257355838,
  "results": [
    {
      "eigenvalue": -3.7964580251095166,
      "metadata": [
        {
          "zne": {
            "noise_amplification": {
              "noise_amplifier": "<LocalFoldingAmplifier:{'gates_to_fold': None, 'noise_factor_relative_tolerance': 0.01, 'random_seed': None, 'sub_folding_option': 'from_first'}>",
              "noise_factors": [
                1,
                3,
                5
              ],
              "values": [
                -3.6968230634700205,
                -3.4121032510111484,
                -3.229923305568133
              ],
              "variance": [
                0.6442261611080011,
                0.6928768181651374,
                0.7156013510768713
              ],
              "shots": [
                8192,
                8192,
                8192
              ]
            },
            "extrapolation": {
              "extrapolator": "LinearExtrapolator"
            }
          }
        }
      ]
    },
    {
      "eigenvalue": -3.822424873061382,
      "metadata": [
        {
          "zne": {
            "noise_amplification": {
              "noise_amplifier": "<LocalFoldingAmplifier:{'gates_to_fold': None, 'noise_factor_relative_tolerance': 0.01, 'random_seed': None, 'sub_folding_option': 'from_first'}>",
              "noise_factors": [
                1,
                3,
                5
              ],
              "values": [
                -3.708222452557584,
                -3.4520038651610663,
                -3.229161773431261
              ],
              "variance": [
                0.6436195111561547,
                0.6806574936826114,
                0.7060417737713441
              ],
              "shots": [
                8192,
                8192,
                8192
              ]
            },
            "extrapolation": {
              "extrapolator": "LinearExtrapolator"
            }
          }
        }
      ]
    },
    {
      "eigenvalue": -3.809165795171821,