{
  "references": {
    "FCI": -5.590955108724963,
    "UCCSD": -5.5909338395632275,
    "statevector": -5.589047026972104
  },
  "input": "N          2.59528       -0.24859       -0.00000\nC          1.75143        0.06433       -0.00000\nC          0.32319        0.58355       -0.00000\nH          0.17907        1.22644       -0.90096\nH          0.17907        1.22645        0.90095\nC         -0.72869       -0.58886        0.00001\nH         -0.56446       -1.22636       -0.89892\nH         -0.56446       -1.22635        0.89895\nC         -2.19490       -0.04017        0.00001\nH         -2.92082       -0.88160        0.00001\nH         -2.38105        0.58323        0.90131\nH         -2.38105        0.58322       -0.90131\n",
  "init_state": "OPENQASM 2.0;\ninclude \"qelib1.inc\";\nqreg q[6];\nx q[0];\nx q[3];\n",
  "evolution_ops": [
    [
      "XXXYXX",
      0.125
    ]
  ],
  "optimal_point": [
    -0.6899376484737503
  ],
  "eigenvalue_history": [
    -5.589047026972104
  ],
  "cnots": 10,
  "depth": 13,
  "constants": {
    "nuclear_repulsion_energy": -207.08843263898441,
    "ProjectionTransformer": 5.5781500248474885
  },
  "offset": -201.51028261413694,
  "results": [
    {
      "eigenvalue": -5.5570546725181895,
      "metadata": [
        {
          "zne": {
            "noise_amplification": {
              "noise_amplifier": "<LocalFoldingAmplifier:{'gates_to_fold': None, 'noise_factor_relative_tolerance': 0.01, 'random_seed': None, 'sub_folding_option': 'from_first'}>",
              "noise_factors": [
                1,
                3,
                5,
                7,
                9
              ],
              "values": [
                -5.263063525365645,
                -4.825531562072392,
                -4.413616421435791,
                -4.201621777535261,
                -4.080931302278717
              ],
              "variance": [
                0.34998002919866844,
                0.6367352429482082,
                0.7746421961720663,
                0.8158658649018895,
                0.8442164501241841
              ],
              "shots": [
                8192,
                8192,
                8192,
                8192,
                8192
              ]
            },
            "extrapolation": {
              "extrapolator": "QuadraticExtrapolator"
            }
          }
        }
      ]
    }
  ],
  "iterations": 1
}