{
  "references": {
    "FCI": -5.590955108724963,
    "UCCSD": -5.5909338395632275,
    "statevector": -5.589047026972104
  },
  "input": "N          2.59528       -0.24859       -0.00000\nC          1.75143        0.06433       -0.00000\nC          0.32319        0.58355       -0.00000\nH          0.17907        1.22644       -0.90096\nH          0.17907        1.22645        0.90095\nC         -0.72869       -0.58886        0.00001\nH         -0.56446       -1.22636       -0.89892\nH         -0.56446       -1.22635        0.89895\nC         -2.19490       -0.04017        0.00001\nH         -2.92082       -0.88160        0.00001\nH         -2.38105        0.58323        0.90131\nH         -2.38105        0.58322       -0.90131\n",
  "init_state": "OPENQASM 2.0;\ninclude \"qelib1.inc\";\nqreg q[6];\nx q[0];\nx q[3];\n",
  "evolution_ops": [
    [
      "XXXYXX",
      0.125
    ]
  ],
  "optimal_point": [
    -0.6899376484737503
  ],
  "eigenvalue_history": [
    -5.589047026972104
  ],
  "cnots": 10,
  "depth": 13,
  "constants": {
    "nuclear_repulsion_energy": -207.08843263898433,
    "ProjectionTransformer": 5.57815002536911
  },
  "offset": -201.51028261361523,
  "iterations": 1
}