{
  "references": {
    "FCI": -12.063641063005345,
    "UCCSD": -12.063549708582926,
    "statevector": -12.052874864214226
  },
  "input": "N          2.54840       -0.23120       -0.00000\nC          1.79831        0.04694       -0.00000\nC          0.37007        0.56616       -0.00000\nH          0.22595        1.20906       -0.90096\nH          0.22596        1.20907        0.90095\nC         -0.68181       -0.60624        0.00001\nH         -0.51758       -1.24375       -0.89892\nH         -0.51758       -1.24374        0.89895\nC         -2.14801       -0.05755        0.00001\nH         -2.87394       -0.89898        0.00001\nH         -2.33417        0.56585        0.90131\nH         -2.33417        0.56584       -0.90131\n",
  "init_state": "OPENQASM 2.0;\ninclude \"qelib1.inc\";\nqreg q[10];\nx q[0];\nx q[2];\nx q[3];\nx q[4];\nx q[6];\n",
  "evolution_ops": [
    [
      "ZXXXZIYXXZ",
      0.125
    ]
  ],
  "optimal_point": [
    -0.3899492742077527
  ],
  "eigenvalue_history": [
    -12.052874864214226
  ],
  "cnots": 16,
  "depth": 19,
  "constants": {
    "nuclear_repulsion_energy": -206.59525842238637,
    "ProjectionTransformer": 12.047806080604325
  },
  "offset": -194.54745234178205,
  "iterations": 1
}