{
  "references": {
    "FCI": -4.035193706871366,
    "UCCSD": -4.029020947256359,
    "statevector": -4.011596525891932
  },
  "input": "N          2.97033       -0.38766       -0.00000\nC          1.37639        0.20340       -0.00000\nC         -0.05185        0.72262       -0.00000\nH         -0.19597        1.36551       -0.90096\nH         -0.19597        1.36552        0.90095\nC         -1.10373       -0.44978        0.00001\nH         -0.93951       -1.08729       -0.89892\nH         -0.93950       -1.08728        0.89895\nC         -2.56994        0.09890        0.00001\nH         -3.29587       -0.74253        0.00001\nH         -2.75609        0.72231        0.90131\nH         -2.75610        0.72229       -0.90131\n",
  "init_state": "OPENQASM 2.0;\ninclude \"qelib1.inc\";\nqreg q[6];\nx q[0];\nx q[3];\n",
  "evolution_ops": [
    [
      "IIIXZY",
      -0.25
    ],
    [
      "XZYIII",
      -0.25
    ],
    [
      "YXZXXZ",
      0.125
    ],
    [
      "IIIYXZ",
      0.5
    ],
    [
      "IYXZXX",
      0.125
    ]
  ],
  "optimal_point": [
    -0.7430883816017638,
    0.78191029299567,
    -2.310037749211803,
    -0.16462955016997796,
    -2.9121886766709366
  ],
  "eigenvalue_history": [
    -3.8910517336052686,
    -3.9394239777487665,
    -3.956265631997676,
    -3.959543778297294,
    -4.011596525891932
  ],
  "cnots": 30,
  "depth": 39,
  "constants": {
    "nuclear_repulsion_energy": -207.0834351567061,
    "ProjectionTransformer": 3.8399466028109916
  },
  "offset": -203.2434885538951,
  "iterations": 5
}