{
  "references": {
    "FCI": -4.763454908681624,
    "UCCSD": -4.762954680586331,
    "statevector": -4.687530462020946
  },
  "input": "N          2.73593       -0.30074       -0.00000\nC          1.61079        0.11648       -0.00000\nC          0.18255        0.63570       -0.00000\nH          0.03843        1.27859       -0.90096\nH          0.03843        1.27860        0.90095\nC         -0.86933       -0.53671        0.00001\nH         -0.70510       -1.17421       -0.89892\nH         -0.70510       -1.17420        0.89895\nC         -2.33554        0.01198        0.00001\nH         -3.06146       -0.82945        0.00001\nH         -2.52169        0.63539        0.90131\nH         -2.52169        0.63537       -0.90131\n",
  "init_state": "OPENQASM 2.0;\ninclude \"qelib1.inc\";\nqreg q[6];\nx q[0];\nx q[3];\n",
  "evolution_ops": [
    [
      "IIIXZY",
      -0.25
    ]
  ],
  "optimal_point": [
    -0.3248832926137215
  ],
  "eigenvalue_history": [
    -4.687530462020946
  ],
  "cnots": 4,
  "depth": 8,
  "constants": {
    "nuclear_repulsion_energy": -207.42177967939918,
    "ProjectionTransformer": 4.670504211305321
  },
  "offset": -202.75127546809387,
  "results": [
    {
      "eigenvalue": -4.722262615389923,
      "metadata": [
        {
          "zne": {
            "noise_amplification": {
              "noise_amplifier": "<LocalFoldingAmplifier:{'gates_to_fold': None, 'noise_factor_relative_tolerance': 0.01, 'random_seed': None, 'sub_folding_option': 'from_first'}>",
              "noise_factors": [
                1,
                3,
                5,
                7,
                9
              ],
              "values": [
                -4.5026950842451825,
                -4.154330608060015,
                -3.9043475676043276,
                -3.7457444395117103,
                -3.7191151019015622
              ],
              "variance": [
                0.22582035924105137,
                0.4175145694338369,
                0.4936363062091973,
                0.5136639398379309,
                0.5493385999474991
              ],
              "shots": [
                8192,
                8192,
                8192,
                8192,
                8192
              ]
            },
            "extrapolation": {
              "extrapolator": "QuadraticExtrapolator"
            }
          }
        }
      ]
    }
  ],
  "iterations": 1
}