{
  "references": {
    "FCI": -4.36507707323226,
    "UCCSD": -4.363348847517512,
    "statevector": -4.347987014190967
  },
  "input": "N          2.82969       -0.33551       -0.00000\nC          1.51703        0.15125       -0.00000\nC          0.08879        0.67047       -0.00000\nH         -0.05533        1.31336       -0.90096\nH         -0.05533        1.31337        0.90095\nC         -0.96309       -0.50194        0.00001\nH         -0.79886       -1.13944       -0.89892\nH         -0.79886       -1.13943        0.89895\nC         -2.42930        0.04675        0.00001\nH         -3.15522       -0.79468        0.00001\nH         -2.61545        0.67015        0.90131\nH         -2.61545        0.67014       -0.90131\n",
  "init_state": "OPENQASM 2.0;\ninclude \"qelib1.inc\";\nqreg q[6];\nx q[0];\nx q[3];\n",
  "evolution_ops": [
    [
      "IIIXZY",
      -0.25
    ],
    [
      "XZYIII",
      -0.25
    ],
    [
      "XXXYXX",
      0.125
    ],
    [
      "ZXZIYZ",
      0.125
    ]
  ],
  "optimal_point": [
    1.3499743605095045,
    0.9162864514568569,
    -2.9184716372609176,
    -2.1606259763720805
  ],
  "eigenvalue_history": [
    -4.256225334756794,
    -4.286744421659381,
    -4.308906252372876,
    -4.347987014190967
  ],
  "cnots": 26,
  "depth": 32,
  "constants": {
    "nuclear_repulsion_energy": -207.31180670245382,
    "ProjectionTransformer": 4.225544467685836
  },
  "offset": -203.086262234768,
  "iterations": 4
}