{
  "references": {
    "FCI": -8.949684709341344,
    "UCCSD": -8.941181543283873,
    "statevector": -8.844827397280712
  },
  "input": "N          2.97033       -0.38766       -0.00000\nC          1.37639        0.20340       -0.00000\nC         -0.05185        0.72262       -0.00000\nH         -0.19597        1.36551       -0.90096\nH         -0.19597        1.36552        0.90095\nC         -1.10373       -0.44978        0.00001\nH         -0.93951       -1.08729       -0.89892\nH         -0.93950       -1.08728        0.89895\nC         -2.56994        0.09890        0.00001\nH         -3.29587       -0.74253        0.00001\nH         -2.75609        0.72231        0.90131\nH         -2.75610        0.72229       -0.90131\n",
  "init_state": "OPENQASM 2.0;\ninclude \"qelib1.inc\";\nqreg q[10];\nx q[0];\nx q[2];\nx q[3];\nx q[4];\nx q[6];\n",
  "evolution_ops": [
    [
      "ZXXZIIYXZI",
      0.125
    ],
    [
      "IIIIIIYXZI",
      0.5
    ],
    [
      "IIYXZIIIII",
      0.5
    ],
    [
      "IIIIIIIYXZ",
      0.5
    ]
  ],
  "optimal_point": [
    -2.3726499387303477,
    0.1947256620227479,
    0.03005132746554658,
    -0.08064315507913455
  ],
  "eigenvalue_history": [
    -8.78630111582252,
    -8.794867445688178,
    -8.821205853180642,
    -8.844827397280712
  ],
  "cnots": 24,
  "depth": 30,
  "constants": {
    "nuclear_repulsion_energy": -207.08343515670586,
    "ProjectionTransformer": 8.701827688490583
  },
  "offset": -198.38160746821526,
  "iterations": 4
}