{
  "references": {
    "FCI": -4.035193706871366,
    "UCCSD": -4.029020947256359,
    "statevector": -3.9394239777487665
  },
  "input": "N          2.97033       -0.38766       -0.00000\nC          1.37639        0.20340       -0.00000\nC         -0.05185        0.72262       -0.00000\nH         -0.19597        1.36551       -0.90096\nH         -0.19597        1.36552        0.90095\nC         -1.10373       -0.44978        0.00001\nH         -0.93951       -1.08729       -0.89892\nH         -0.93950       -1.08728        0.89895\nC         -2.56994        0.09890        0.00001\nH         -3.29587       -0.74253        0.00001\nH         -2.75609        0.72231        0.90131\nH         -2.75610        0.72229       -0.90131\n",
  "init_state": "OPENQASM 2.0;\ninclude \"qelib1.inc\";\nqreg q[6];\nx q[0];\nx q[3];\n",
  "evolution_ops": [
    [
      "IIIXZY",
      -0.25
    ],
    [
      "XZYIII",
      -0.25
    ]
  ],
  "optimal_point": [
    -0.7430883816017638,
    0.78191029299567
  ],
  "eigenvalue_history": [
    -3.8910517336052686,
    -3.9394239777487665
  ],
  "cnots": 8,
  "depth": 8,
  "constants": {
    "nuclear_repulsion_energy": -207.08343515670586,
    "ProjectionTransformer": 3.839946602994295
  },
  "offset": -203.24348855371156,
  "results": [
    {
      "eigenvalue": -3.810714882666817,
      "metadata": [
        {
          "zne": {
            "noise_amplification": {
              "noise_amplifier": "<LocalFoldingAmplifier:{'gates_to_fold': None, 'noise_factor_relative_tolerance': 0.01, 'random_seed': None, 'sub_folding_option': 'from_first'}>",
              "noise_factors": [
                1,
                3,
                5,
                7,
                9
              ],
              "values": [
                -3.638730656625209,
                -3.4544159512198704,
                -3.234122732412758,
                -3.132533936301427,
                -3.1674946977995755
              ],
              "variance": [
                0.3205866704568128,
                0.4584513955490128,
                0.5155874355312782,
                0.5322775209667432,
                0.5624826441906767
              ],
              "shots": [
                8192,
                8192,
                8192,
                8192,
                8192
              ]
            },
            "extrapolation": {
              "extrapolator": "QuadraticExtrapolator"
            }
          }
        }
      ]
    }
  ],
  "iterations": 2
}