{
  "references": {
    "FCI": -4.36507707323226,
    "UCCSD": -4.363348847517512,
    "statevector": -4.286744421659381
  },
  "input": "N          2.82969       -0.33551       -0.00000\nC          1.51703        0.15125       -0.00000\nC          0.08879        0.67047       -0.00000\nH         -0.05533        1.31336       -0.90096\nH         -0.05533        1.31337        0.90095\nC         -0.96309       -0.50194        0.00001\nH         -0.79886       -1.13944       -0.89892\nH         -0.79886       -1.13943        0.89895\nC         -2.42930        0.04675        0.00001\nH         -3.15522       -0.79468        0.00001\nH         -2.61545        0.67015        0.90131\nH         -2.61545        0.67014       -0.90131\n",
  "init_state": "OPENQASM 2.0;\ninclude \"qelib1.inc\";\nqreg q[6];\nx q[0];\nx q[3];\n",
  "evolution_ops": [
    [
      "IIIXZY",
      -0.25
    ],
    [
      "XZYIII",
      -0.25
    ]
  ],
  "optimal_point": [
    1.3499743605095045,
    0.9162864514568569
  ],
  "eigenvalue_history": [
    -4.256225334756794,
    -4.286744421659381
  ],
  "cnots": 8,
  "depth": 8,
  "constants": {
    "nuclear_repulsion_energy": -207.31180670245388,
    "ProjectionTransformer": 4.2255444680879055
  },
  "offset": -203.08626223436596,
  "results": [
    {
      "eigenvalue": -4.241299336147025,
      "metadata": [
        {
          "zne": {
            "noise_amplification": {
              "noise_amplifier": "<LocalFoldingAmplifier:{'gates_to_fold': None, 'noise_factor_relative_tolerance': 0.01, 'random_seed': None, 'sub_folding_option': 'from_first'}>",
              "noise_factors": [
                1,
                3,
                5,
                7,
                9
              ],
              "values": [
                -4.006661275528792,
                -3.736763759262398,
                -3.4137309443502706,
                -3.2777186502903137,
                -3.2741621765411897
              ],
              "variance": [
                0.3444849334800728,
                0.4778363146029366,
                0.5367949966415656,
                0.5560181785116332,
                0.5790699098076645
              ],
              "shots": [
                8192,
                8192,
                8192,
                8192,
                8192
              ]
            },
            "extrapolation": {
              "extrapolator": "QuadraticExtrapolator"
            }
          }
        }
      ]
    }
  ],
  "iterations": 2
}