{
  "references": {
    "FCI": -4.219451724846653,
    "UCCSD": -4.216942723311733,
    "statevector": -4.197266000829078
  },
  "input": "N          2.87657       -0.35289       -0.00000\nC          1.47015        0.16863       -0.00000\nC          0.04191        0.68785       -0.00000\nH         -0.10221        1.33074       -0.90096\nH         -0.10221        1.33076        0.90095\nC         -1.00997       -0.48455        0.00001\nH         -0.84575       -1.12206       -0.89892\nH         -0.84574       -1.12205        0.89895\nC         -2.47618        0.06414        0.00001\nH         -3.20210       -0.77730        0.00001\nH         -2.66233        0.68754        0.90131\nH         -2.66233        0.68752       -0.90131\n",
  "init_state": "OPENQASM 2.0;\ninclude \"qelib1.inc\";\nqreg q[6];\nx q[0];\nx q[3];\n",
  "evolution_ops": [
    [
      "IIIXZY",
      -0.25
    ],
    [
      "XZYIII",
      -0.25
    ],
    [
      "ZXZIYZ",
      0.125
    ],
    [
      "XXXYXX",
      0.125
    ]
  ],
  "optimal_point": [
    -0.3427027958982283,
    0.0714458220293598,
    -2.1839987084424677,
    -2.123428281105254
  ],
  "eigenvalue_history": [
    -4.094356375876102,
    -4.132321889978399,
    -4.154899830350944,
    -4.197266000829078
  ],
  "cnots": 26,
  "depth": 31,
  "constants": {
    "nuclear_repulsion_energy": -207.23468648948207,
    "ProjectionTransformer": 4.055955397888772
  },
  "offset": -203.1787310915933,
  "iterations": 4
}