{
  "references": {
    "FCI": -9.97208044157518,
    "UCCSD": -9.970173249553707,
    "statevector": -9.931638126135846
  },
  "input": "N          2.78281       -0.31812       -0.00000\nC          1.56391        0.13386       -0.00000\nC          0.13567        0.65308       -0.00000\nH         -0.00845        1.29598       -0.90096\nH         -0.00845        1.29599        0.90095\nC         -0.91621       -0.51932        0.00001\nH         -0.75198       -1.15683       -0.89892\nH         -0.75198       -1.15681        0.89895\nC         -2.38242        0.02937        0.00001\nH         -3.10834       -0.81206        0.00001\nH         -2.56857        0.65277        0.90131\nH         -2.56857        0.65276       -0.90131\n",
  "init_state": "OPENQASM 2.0;\ninclude \"qelib1.inc\";\nqreg q[10];\nx q[0];\nx q[2];\nx q[3];\nx q[4];\nx q[6];\n",
  "evolution_ops": [
    [
      "ZXXZIIYXZI",
      0.125
    ],
    [
      "IZXXZIIYXZ",
      0.125
    ]
  ],
  "optimal_point": [
    -1.4934718825397078,
    -1.4315295756750195
  ],
  "eigenvalue_history": [
    -9.888759701290642,
    -9.931638126135846
  ],
  "cnots": 24,
  "depth": 29,
  "constants": {
    "nuclear_repulsion_energy": -207.37889973004573,
    "ProjectionTransformer": 9.844114676709465
  },
  "offset": -197.53478505333626,
  "iterations": 2
}