{
  "references": {
    "FCI": -3.98869184131495,
    "UCCSD": -3.9660754969926146,
    "statevector": -3.9250936561464997
  },
  "input": "N          3.06409       -0.42243       -0.00000\nC          1.28263        0.23817       -0.00000\nC         -0.14561        0.75739       -0.00000\nH         -0.28974        1.40028       -0.90096\nH         -0.28973        1.40029        0.90095\nC         -1.19749       -0.41502        0.00001\nH         -1.03327       -1.05252       -0.89892\nH         -1.03327       -1.05251        0.89895\nC         -2.66370        0.13367        0.00001\nH         -3.38963       -0.70776        0.00001\nH         -2.84985        0.75708        0.90131\nH         -2.84986        0.75706       -0.90131\n",
  "init_state": "OPENQASM 2.0;\ninclude \"qelib1.inc\";\nqreg q[6];\nx q[0];\nx q[3];\n",
  "evolution_ops": [
    [
      "IIIXZY",
      -0.25
    ],
    [
      "XZYIII",
      -0.25
    ],
    [
      "IYXIII",
      0.5
    ],
    [
      "IIIIYX",
      0.5
    ]
  ],
  "optimal_point": [
    0.3642177648154892,
    0.4902174179426853,
    -0.11190964620593419,
    -1.7371778006556624
  ],
  "eigenvalue_history": [
    -3.837991739600146,
    -3.8784265479095508,
    -3.884159353142956,
    -3.9250936561464997
  ],
  "cnots": 12,
  "depth": 14,
  "constants": {
    "nuclear_repulsion_energy": -206.9702502715828,
    "ProjectionTransformer": 3.7918610337499223
  },
  "offset": -203.1783892378329,
  "results": [
    {
      "eigenvalue": -3.765297943074816,
      "metadata": [
        {
          "zne": {
            "noise_amplification": {
              "noise_amplifier": "<LocalFoldingAmplifier:{'gates_to_fold': None, 'noise_factor_relative_tolerance': 0.01, 'random_seed': None, 'sub_folding_option': 'from_first'}>",
              "noise_factors": [
                1,
                3,
                5,
                7,
                9
              ],
              "values": [
                -3.5656612660942053,
                -3.3227640367229188,
                -3.117643841484751,
                -3.0283842375093046,
                -3.1190641000873462
              ],
              "variance": [
                0.463176500199448,
                0.5790959664121019,
                0.6083006648218591,
                0.6156962114481723,
                0.6408193670019181
              ],
              "shots": [
                8192,
                8192,
                8192,
                8192,
                8192
              ]
            },
            "extrapolation": {
              "extrapolator": "QuadraticExtrapolator"
            }
          }
        }
      ]
    }
  ],
  "iterations": 4
}