{
  "references": {
    "FCI": -8.750602888686727,
    "UCCSD": -8.738343751629646,
    "statevector": -8.651295644950826
  },
  "input": "N          3.01721       -0.40505       -0.00000\nC          1.32951        0.22078       -0.00000\nC         -0.09873        0.74000       -0.00000\nH         -0.24285        1.38290       -0.90096\nH         -0.24285        1.38291        0.90095\nC         -1.15061       -0.43240        0.00001\nH         -0.98639       -1.06991       -0.89892\nH         -0.98638       -1.06989        0.89895\nC         -2.61682        0.11629        0.00001\nH         -3.34275       -0.72514        0.00001\nH         -2.80297        0.73969        0.90131\nH         -2.80298        0.73968       -0.90131\n",
  "init_state": "OPENQASM 2.0;\ninclude \"qelib1.inc\";\nqreg q[10];\nx q[0];\nx q[2];\nx q[3];\nx q[4];\nx q[6];\n",
  "evolution_ops": [
    [
      "ZXXZIIYXZI",
      0.125
    ],
    [
      "IIIIIIYXZI",
      0.5
    ],
    [
      "IIYXZIIIII",
      0.5
    ],
    [
      "XXXXXIIYXZ",
      -0.125
    ],
    [
      "YXXXXIIIII",
      -0.5
    ]
  ],
  "optimal_point": [
    -1.5870879467553118,
    0.6797195360374528,
    0.5587281647965366,
    0.8544204384288621,
    -0.5202940356103846
  ],
  "eigenvalue_history": [
    -8.563997464412955,
    -8.581362295753898,
    -8.624055968581114,
    -8.648353128472085,
    -8.651295644950826
  ],
  "cnots": 42,
  "depth": 52,
  "constants": {
    "nuclear_repulsion_energy": -207.02068662473246,
    "ProjectionTransformer": 8.483726352913049
  },
  "offset": -198.53696027181942,
  "iterations": 5
}