{
  "references": {
    "FCI": -9.672021611761101,
    "UCCSD": -9.669061499241144,
    "statevector": -9.625379637211601
  },
  "input": "N          2.82969       -0.33551       -0.00000\nC          1.51703        0.15125       -0.00000\nC          0.08879        0.67047       -0.00000\nH         -0.05533        1.31336       -0.90096\nH         -0.05533        1.31337        0.90095\nC         -0.96309       -0.50194        0.00001\nH         -0.79886       -1.13944       -0.89892\nH         -0.79886       -1.13943        0.89895\nC         -2.42930        0.04675        0.00001\nH         -3.15522       -0.79468        0.00001\nH         -2.61545        0.67015        0.90131\nH         -2.61545        0.67014       -0.90131\n",
  "init_state": "OPENQASM 2.0;\ninclude \"qelib1.inc\";\nqreg q[10];\nx q[0];\nx q[2];\nx q[3];\nx q[4];\nx q[6];\n",
  "evolution_ops": [
    [
      "ZXXXZIYXXZ",
      0.125
    ],
    [
      "IZXZIIIYZI",
      0.125
    ]
  ],
  "optimal_point": [
    -1.760444011108055,
    -1.7170341342858249
  ],
  "eigenvalue_history": [
    -9.57043954528445,
    -9.625379637211601
  ],
  "cnots": 24,
  "depth": 29,
  "constants": {
    "nuclear_repulsion_energy": -207.31180670245377,
    "ProjectionTransformer": 9.514287954033975
  },
  "offset": -197.7975187484198,
  "iterations": 2
}