{
  "references": {
    "FCI": -3.998154907226409,
    "UCCSD": -3.983498217704528,
    "statevector": -3.9233662620308984
  },
  "input": "N          3.01721       -0.40505       -0.00000\nC          1.32951        0.22078       -0.00000\nC         -0.09873        0.74000       -0.00000\nH         -0.24285        1.38290       -0.90096\nH         -0.24285        1.38291        0.90095\nC         -1.15061       -0.43240        0.00001\nH         -0.98639       -1.06991       -0.89892\nH         -0.98638       -1.06989        0.89895\nC         -2.61682        0.11629        0.00001\nH         -3.34275       -0.72514        0.00001\nH         -2.80297        0.73969        0.90131\nH         -2.80298        0.73968       -0.90131\n",
  "init_state": "OPENQASM 2.0;\ninclude \"qelib1.inc\";\nqreg q[6];\nx q[0];\nx q[3];\n",
  "evolution_ops": [
    [
      "IIIXZY",
      -0.25
    ],
    [
      "XZYIII",
      -0.25
    ],
    [
      "IYXIII",
      0.5
    ],
    [
      "IIIIYX",
      0.5
    ]
  ],
  "optimal_point": [
    0.5725947440788562,
    0.75990405923035,
    0.6426220457309358,
    0.43512833854054794
  ],
  "eigenvalue_history": [
    -3.8530475997920446,
    -3.8988183946986914,
    -3.901643076021436,
    -3.9233662620308984
  ],
  "cnots": 12,
  "depth": 14,
  "constants": {
    "nuclear_repulsion_energy": -207.02068662473243,
    "ProjectionTransformer": 3.802637909368613
  },
  "offset": -203.2180487153638,
  "iterations": 4
}