{
  "references": {
    "FCI": -3.998154907226409,
    "UCCSD": -3.983498217704528,
    "statevector": -3.8988183946986914
  },
  "input": "N          3.01721       -0.40505       -0.00000\nC          1.32951        0.22078       -0.00000\nC         -0.09873        0.74000       -0.00000\nH         -0.24285        1.38290       -0.90096\nH         -0.24285        1.38291        0.90095\nC         -1.15061       -0.43240        0.00001\nH         -0.98639       -1.06991       -0.89892\nH         -0.98638       -1.06989        0.89895\nC         -2.61682        0.11629        0.00001\nH         -3.34275       -0.72514        0.00001\nH         -2.80297        0.73969        0.90131\nH         -2.80298        0.73968       -0.90131\n",
  "init_state": "OPENQASM 2.0;\ninclude \"qelib1.inc\";\nqreg q[6];\nx q[0];\nx q[3];\n",
  "evolution_ops": [
    [
      "IIIXZY",
      -0.25
    ],
    [
      "XZYIII",
      -0.25
    ]
  ],
  "optimal_point": [
    0.5725947440788562,
    0.75990405923035
  ],
  "eigenvalue_history": [
    -3.8530475997920446,
    -3.8988183946986914
  ],
  "cnots": 8,
  "depth": 8,
  "constants": {
    "nuclear_repulsion_energy": -207.02068662473258,
    "ProjectionTransformer": 3.8026379086610955
  },
  "offset": -203.21804871607148,
  "results": [
    {
      "eigenvalue": -3.849093088415919,
      "metadata": [
        {
          "zne": {
            "noise_amplification": {
              "noise_amplifier": "<LocalFoldingAmplifier:{'gates_to_fold': None, 'noise_factor_relative_tolerance': 0.01, 'random_seed': None, 'sub_folding_option': 'from_first'}>",
              "noise_factors": [
                1,
                3,
                5,
                7,
                9
              ],
              "values": [
                -3.693899542767211,
                -3.491088576893266,
                -3.2591334624772452,
                -3.157921219759368,
                -3.102553673600208
              ],
              "variance": [
                0.3464297935417123,
                0.47729363798456537,
                0.5393525316820941,
                0.5628674970580626,
                0.5898365015051614
              ],
              "shots": [
                8192,
                8192,
                8192,
                8192,
                8192
              ]
            },
            "extrapolation": {
              "extrapolator": "QuadraticExtrapolator"
            }
          }
        }
      ]
    }
  ],
  "iterations": 2
}