{
  "references": {
    "FCI": -8.56654932786308,
    "UCCSD": -8.55001661162601,
    "statevector": -8.447536541791472
  },
  "input": "N          3.06409       -0.42243       -0.00000\nC          1.28263        0.23817       -0.00000\nC         -0.14561        0.75739       -0.00000\nH         -0.28974        1.40028       -0.90096\nH         -0.28973        1.40029        0.90095\nC         -1.19749       -0.41502        0.00001\nH         -1.03327       -1.05252       -0.89892\nH         -1.03327       -1.05251        0.89895\nC         -2.66370        0.13367        0.00001\nH         -3.38963       -0.70776        0.00001\nH         -2.84985        0.75708        0.90131\nH         -2.84986        0.75706       -0.90131\n",
  "init_state": "OPENQASM 2.0;\ninclude \"qelib1.inc\";\nqreg q[10];\nx q[0];\nx q[2];\nx q[3];\nx q[4];\nx q[6];\n",
  "evolution_ops": [
    [
      "ZXXZIIYXZI",
      0.125
    ],
    [
      "IIIIIIYXZI",
      0.5
    ],
    [
      "IIYXZIIIII",
      0.5
    ],
    [
      "YXXXXIIIII",
      -0.5
    ]
  ],
  "optimal_point": [
    -1.020572904505543,
    1.5597188894777971,
    0.9561555122965264,
    0.7796258498424862
  ],
  "eigenvalue_history": [
    -8.359132961480523,
    -8.386732751320043,
    -8.443112227290786,
    -8.447536541791472
  ],
  "cnots": 28,
  "depth": 34,
  "constants": {
    "nuclear_repulsion_energy": -206.97025027158276,
    "ProjectionTransformer": 8.288015473608134
  },
  "offset": -198.68223479797462,
  "iterations": 4
}