{
  "references": {
    "FCI": -9.166003403300714,
    "UCCSD": -9.160116115356669,
    "statevector": -9.103528622006035
  },
  "input": "N          2.92345       -0.37028       -0.00000\nC          1.42327        0.18602       -0.00000\nC         -0.00497        0.70524       -0.00000\nH         -0.14909        1.34813       -0.90096\nH         -0.14909        1.34814        0.90095\nC         -1.05685       -0.46717        0.00001\nH         -0.89263       -1.10467       -0.89892\nH         -0.89262       -1.10466        0.89895\nC         -2.52306        0.08152        0.00001\nH         -3.24899       -0.75991        0.00001\nH         -2.70921        0.70492        0.90131\nH         -2.70921        0.70491       -0.90131\n",
  "init_state": "OPENQASM 2.0;\ninclude \"qelib1.inc\";\nqreg q[10];\nx q[0];\nx q[2];\nx q[3];\nx q[4];\nx q[6];\n",
  "evolution_ops": [
    [
      "ZXXZIIYXZI",
      0.125
    ],
    [
      "IZXXZIIYXZ",
      0.125
    ],
    [
      "IIYXZIIIII",
      0.5
    ],
    [
      "IIIIIYXXXX",
      0.5
    ]
  ],
  "optimal_point": [
    -2.3178924936599716,
    -2.327301920209742,
    0.12210344614248637,
    0.07228529386482653
  ],
  "eigenvalue_history": [
    -9.025351425111975,
    -9.099256173892751,
    -9.101217681624254,
    -9.103528622006035
  ],
  "cnots": 36,
  "depth": 38,
  "constants": {
    "nuclear_repulsion_energy": -207.1563513164523,
    "ProjectionTransformer": 8.944949216610317
  },
  "offset": -198.21140209984196,
  "iterations": 4
}