{
  "references": {
    "FCI": -4.108561818329888,
    "UCCSD": -4.105053392355865,
    "statevector": -4.016252775381944
  },
  "input": "N          2.92345       -0.37028       -0.00000\nC          1.42327        0.18602       -0.00000\nC         -0.00497        0.70524       -0.00000\nH         -0.14909        1.34813       -0.90096\nH         -0.14909        1.34814        0.90095\nC         -1.05685       -0.46717        0.00001\nH         -0.89263       -1.10467       -0.89892\nH         -0.89262       -1.10466        0.89895\nC         -2.52306        0.08152        0.00001\nH         -3.24899       -0.75991        0.00001\nH         -2.70921        0.70492        0.90131\nH         -2.70921        0.70491       -0.90131\n",
  "init_state": "OPENQASM 2.0;\ninclude \"qelib1.inc\";\nqreg q[6];\nx q[0];\nx q[3];\n",
  "evolution_ops": [
    [
      "IIIXZY",
      -0.25
    ],
    [
      "XZYIII",
      -0.25
    ]
  ],
  "optimal_point": [
    -0.002201632800458171,
    0.37401535656405954
  ],
  "eigenvalue_history": [
    -3.9709100122469043,
    -4.016252775381944
  ],
  "cnots": 8,
  "depth": 8,
  "constants": {
    "nuclear_repulsion_energy": -207.15635131645234,
    "ProjectionTransformer": 3.9244085577313768
  },
  "offset": -203.23194275872098,
  "iterations": 2
}