{
  "references": {
    "FCI": -5.0180290463135115,
    "UCCSD": -5.017814496788486,
    "statevector": -4.958229886138525
  },
  "input": "N          2.68905       -0.28336       -0.00000\nC          1.65767        0.09910       -0.00000\nC          0.22943        0.61831       -0.00000\nH          0.08531        1.26121       -0.90096\nH          0.08531        1.26122        0.90095\nC         -0.82245       -0.55409        0.00001\nH         -0.65822       -1.19160       -0.89892\nH         -0.65822       -1.19158        0.89895\nC         -2.28866       -0.00540        0.00001\nH         -3.01458       -0.84683        0.00001\nH         -2.47481        0.61800        0.90131\nH         -2.47481        0.61799       -0.90131\n",
  "init_state": "OPENQASM 2.0;\ninclude \"qelib1.inc\";\nqreg q[6];\nx q[0];\nx q[3];\n",
  "evolution_ops": [
    [
      "IIIXZY",
      -0.25
    ]
  ],
  "optimal_point": [
    0.1400941890209011
  ],
  "eigenvalue_history": [
    -4.958229886138525
  ],
  "cnots": 4,
  "depth": 8,
  "constants": {
    "nuclear_repulsion_energy": -207.41731154342844,
    "ProjectionTransformer": 4.946314366512574
  },
  "offset": -202.47099717691586,
  "iterations": 1
}