{
  "references": {
    "FCI": -7.929019231006018,
    "UCCSD": -7.896535369330895,
    "statevector": -7.8112839953904745
  },
  "input": "N          3.29849       -0.50935       -0.00000\nC          1.04823        0.32509       -0.00000\nC         -0.38002        0.84431       -0.00000\nH         -0.52414        1.48720       -0.90096\nH         -0.52413        1.48721        0.90095\nC         -1.43189       -0.32810        0.00001\nH         -1.26767       -0.96560       -0.89892\nH         -1.26767       -0.96559        0.89895\nC         -2.89810        0.22059        0.00001\nH         -3.62403       -0.62084        0.00001\nH         -3.08426        0.84400        0.90131\nH         -3.08426        0.84398       -0.90131\n",
  "init_state": "OPENQASM 2.0;\ninclude \"qelib1.inc\";\nqreg q[10];\nx q[0];\nx q[2];\nx q[3];\nx q[4];\nx q[6];\n",
  "evolution_ops": [
    [
      "ZXXZIIYXZI",
      0.125
    ],
    [
      "IYXZIIIIII",
      0.5
    ],
    [
      "IIIIIIIYXZ",
      0.5
    ],
    [
      "IIYXZIIIII",
      0.5
    ]
  ],
  "optimal_point": [
    -5.556132917462206,
    1.3250359232684195,
    0.4004945906318143,
    0.399037662306563
  ],
  "eigenvalue_history": [
    -7.6101341141262004,
    -7.677987642119862,
    -7.761925988275435,
    -7.8112839953904745
  ],
  "cnots": 24,
  "depth": 32,
  "constants": {
    "nuclear_repulsion_energy": -206.84008323612028,
    "ProjectionTransformer": 7.564294363380506
  },
  "offset": -199.27578887273978,
  "iterations": 4
}