{
  "references": {
    "FCI": -3.9889550389330033,
    "UCCSD": -3.971929442338799,
    "statevector": -3.9272999042873695
  },
  "input": "N          3.11097       -0.43981       -0.00000\nC          1.23575        0.25555       -0.00000\nC         -0.19249        0.77477       -0.00000\nH         -0.33662        1.41767       -0.90096\nH         -0.33661        1.41768        0.90095\nC         -1.24437       -0.39763        0.00001\nH         -1.08015       -1.03514       -0.89892\nH         -1.08015       -1.03513        0.89895\nC         -2.71058        0.15106        0.00001\nH         -3.43651       -0.69037        0.00001\nH         -2.89673        0.77446        0.90131\nH         -2.89674        0.77445       -0.90131\n",
  "init_state": "OPENQASM 2.0;\ninclude \"qelib1.inc\";\nqreg q[6];\nx q[0];\nx q[3];\n",
  "evolution_ops": [
    [
      "IIIXZY",
      -0.25
    ],
    [
      "XZYIII",
      -0.25
    ],
    [
      "IYXIII",
      0.5
    ],
    [
      "IIIIYX",
      0.5
    ]
  ],
  "optimal_point": [
    0.1388325150309544,
    3.5087759143838335,
    0.5883948659471211,
    -0.3231741174725954
  ],
  "eigenvalue_history": [
    -3.8253966490524363,
    -3.8610605010019365,
    -3.8709639262040447,
    -3.9272999042873695
  ],
  "cnots": 12,
  "depth": 14,
  "constants": {
    "nuclear_repulsion_energy": -206.93097566037585,
    "ProjectionTransformer": 3.7837995470868977
  },
  "offset": -203.14717611328896,
  "iterations": 4
}