{
  "references": {
    "FCI": -3.9675389625801127,
    "UCCSD": -3.964112985470314,
    "statevector": -3.897487790608372
  },
  "input": "N          3.25161       -0.49197       -0.00000\nC          1.09511        0.30771       -0.00000\nC         -0.33314        0.82692       -0.00000\nH         -0.47726        1.46982       -0.90096\nH         -0.47725        1.46983        0.90095\nC         -1.38501       -0.34548        0.00001\nH         -1.22079       -0.98298       -0.89892\nH         -1.22079       -0.98297        0.89895\nC         -2.85122        0.20321        0.00001\nH         -3.57715       -0.63822        0.00001\nH         -3.03738        0.82661        0.90131\nH         -3.03738        0.82660       -0.90131\n",
  "init_state": "OPENQASM 2.0;\ninclude \"qelib1.inc\";\nqreg q[6];\nx q[0];\nx q[3];\n",
  "evolution_ops": [
    [
      "IIIXZY",
      -0.25
    ],
    [
      "IIIIYX",
      0.5
    ],
    [
      "IYXIII",
      0.5
    ]
  ],
  "optimal_point": [
    2.553684724433762,
    -1.354455691128461,
    0.8210126171967489
  ],
  "eigenvalue_history": [
    -3.762291991298571,
    -3.8029023051056985,
    -3.897487790608372
  ],
  "cnots": 8,
  "depth": 14,
  "constants": {
    "nuclear_repulsion_energy": -206.85630445746722,
    "ProjectionTransformer": 3.7281102743462387
  },
  "offset": -203.12819418312097,
  "results": [
    {
      "eigenvalue": -3.9289482459755125,
      "metadata": [
        {
          "zne": {
            "noise_amplification": {
              "noise_amplifier": "<LocalFoldingAmplifier:{'gates_to_fold': None, 'noise_factor_relative_tolerance': 0.01, 'random_seed': None, 'sub_folding_option': 'from_first'}>",
              "noise_factors": [
                1,
                3,
                5,
                7,
                9
              ],
              "values": [
                -3.7618773783071444,
                -3.468694034518306,
                -3.306053318230492,
                -3.2137855326193647,
                -3.210427662849664
              ],
              "variance": [
                0.6490439828944915,
                0.6931658903909894,
                0.7128838156340995,
                0.720452949162318,
                0.7357232984128589
              ],
              "shots": [
                8192,
                8192,
                8192,
                8192,
                8192
              ]
            },
            "extrapolation": {
              "extrapolator": "QuadraticExtrapolator"
            }
          }
        }
      ]
    }
  ],
  "iterations": 3
}