{
  "references": {
    "FCI": -8.247905387895871,
    "UCCSD": -8.230468585446907,
    "statevector": -8.158640867114702
  },
  "input": "N          3.15785       -0.45720       -0.00000\nC          1.18887        0.27294       -0.00000\nC         -0.23938        0.79216       -0.00000\nH         -0.38350        1.43505       -0.90096\nH         -0.38349        1.43506        0.90095\nC         -1.29125       -0.38025        0.00001\nH         -1.12703       -1.01775       -0.89892\nH         -1.12703       -1.01774        0.89895\nC         -2.75746        0.16844        0.00001\nH         -3.48339       -0.67299        0.00001\nH         -2.94362        0.79184        0.90131\nH         -2.94362        0.79183       -0.90131\n",
  "init_state": "OPENQASM 2.0;\ninclude \"qelib1.inc\";\nqreg q[10];\nx q[0];\nx q[2];\nx q[3];\nx q[4];\nx q[6];\n",
  "evolution_ops": [
    [
      "ZXXZIIYXZI",
      0.125
    ],
    [
      "IIIIIIYXZI",
      0.5
    ],
    [
      "IIYXZIIIII",
      0.5
    ],
    [
      "IIIIIIIYXZ",
      0.5
    ]
  ],
  "optimal_point": [
    -0.26389843829047216,
    1.9239402628153188,
    0.8896408592890584,
    1.2217712185339655
  ],
  "eigenvalue_history": [
    -8.009445452428878,
    -8.055311527785676,
    -8.128029886428838,
    -8.158640867114702
  ],
  "cnots": 24,
  "depth": 30,
  "constants": {
    "nuclear_repulsion_energy": -206.90032523396403,
    "ProjectionTransformer": 7.9537027115326
  },
  "offset": -198.94662252243143,
  "iterations": 4
}