{
  "references": {
    "FCI": NaN,
    "UCCSD": -7.809127323821589,
    "statevector": -7.71665253329762
  },
  "input": "N          3.34537       -0.52674       -0.00000\nC          1.00134        0.34247       -0.00000\nC         -0.42690        0.86169       -0.00000\nH         -0.57102        1.50459       -0.90096\nH         -0.57102        1.50460        0.90095\nC         -1.47878       -0.31071        0.00001\nH         -1.31455       -0.94822       -0.89892\nH         -1.31455       -0.94820        0.89895\nC         -2.94498        0.23798        0.00001\nH         -3.67091       -0.60345        0.00001\nH         -3.13114        0.86138        0.90131\nH         -3.13114        0.86137       -0.90131\n",
  "init_state": "OPENQASM 2.0;\ninclude \"qelib1.inc\";\nqreg q[10];\nx q[0];\nx q[2];\nx q[3];\nx q[4];\nx q[6];\n",
  "evolution_ops": [
    [
      "ZXXZIIYXZI",
      0.125
    ],
    [
      "IIIIIIYXZI",
      0.5
    ],
    [
      "IIYXZIIIII",
      0.5
    ],
    [
      "IIIIIIIYXZ",
      0.5
    ],
    [
      "YXXXXIIIII",
      -0.5
    ]
  ],
  "optimal_point": [
    -5.732905530704832,
    1.3534746687199686,
    0.4010585699742285,
    0.4003469748248083,
    -0.043517828040744035
  ],
  "eigenvalue_history": [
    -7.502435313763249,
    -7.576335695866793,
    -7.66252913317036,
    -7.715647582980265,
    -7.71665253329762
  ],
  "cnots": 32,
  "depth": 34,
  "constants": {
    "nuclear_repulsion_energy": -206.82653177142365,
    "ProjectionTransformer": 7.458130045176732
  },
  "offset": -199.3684017262469,
  "iterations": 5
}