{
  "references": {
    "FCI": -8.020743006017101,
    "UCCSD": -7.994316499319454,
    "statevector": -7.9177054773627376
  },
  "input": "N          3.25161       -0.49197       -0.00000\nC          1.09511        0.30771       -0.00000\nC         -0.33314        0.82692       -0.00000\nH         -0.47726        1.46982       -0.90096\nH         -0.47725        1.46983        0.90095\nC         -1.38501       -0.34548        0.00001\nH         -1.22079       -0.98298       -0.89892\nH         -1.22079       -0.98297        0.89895\nC         -2.85122        0.20321        0.00001\nH         -3.57715       -0.63822        0.00001\nH         -3.03738        0.82661        0.90131\nH         -3.03738        0.82660       -0.90131\n",
  "init_state": "OPENQASM 2.0;\ninclude \"qelib1.inc\";\nqreg q[10];\nx q[0];\nx q[2];\nx q[3];\nx q[4];\nx q[6];\n",
  "evolution_ops": [
    [
      "ZXXZIIYXZI",
      0.125
    ],
    [
      "IIIIIIYXZI",
      0.5
    ],
    [
      "IIYXZIIIII",
      0.5
    ],
    [
      "IIIIIIIYXZ",
      0.5
    ],
    [
      "YXXXXIIIII",
      -0.5
    ]
  ],
  "optimal_point": [
    -0.09998188525727524,
    2.143324708723574,
    0.2565209301539824,
    0.9601831550251368,
    -0.762291139590115
  ],
  "eigenvalue_history": [
    -7.729440141343123,
    -7.79057655937514,
    -7.8717147101330465,
    -7.916340578143581,
    -7.9177054773627376
  ],
  "cnots": 32,
  "depth": 34,
  "constants": {
    "nuclear_repulsion_energy": -206.85630445746705,
    "ProjectionTransformer": 7.681419173954804
  },
  "offset": -199.17488528351225,
  "iterations": 5
}