{
  "references": {
    "FCI": -3.9889550389330033,
    "UCCSD": -3.971929442338799,
    "statevector": -3.9272999042873695
  },
  "input": "N          3.11097       -0.43981       -0.00000\nC          1.23575        0.25555       -0.00000\nC         -0.19249        0.77477       -0.00000\nH         -0.33662        1.41767       -0.90096\nH         -0.33661        1.41768        0.90095\nC         -1.24437       -0.39763        0.00001\nH         -1.08015       -1.03514       -0.89892\nH         -1.08015       -1.03513        0.89895\nC         -2.71058        0.15106        0.00001\nH         -3.43651       -0.69037        0.00001\nH         -2.89673        0.77446        0.90131\nH         -2.89674        0.77445       -0.90131\n",
  "init_state": "OPENQASM 2.0;\ninclude \"qelib1.inc\";\nqreg q[6];\nx q[0];\nx q[3];\n",
  "evolution_ops": [
    [
      "IIIXZY",
      -0.25
    ],
    [
      "XZYIII",
      -0.25
    ],
    [
      "IYXIII",
      0.5
    ],
    [
      "IIIIYX",
      0.5
    ]
  ],
  "optimal_point": [
    0.1388325150309544,
    3.5087759143838335,
    0.5883948659471211,
    -0.3231741174725954
  ],
  "eigenvalue_history": [
    -3.8253966490524363,
    -3.8610605010019365,
    -3.8709639262040447,
    -3.9272999042873695
  ],
  "cnots": 12,
  "depth": 14,
  "constants": {
    "nuclear_repulsion_energy": -206.930975660376,
    "ProjectionTransformer": 3.783799546889555
  },
  "offset": -203.14717611348644,
  "results": [
    {
      "eigenvalue": -3.8716520587009713,
      "metadata": [
        {
          "zne": {
            "noise_amplification": {
              "noise_amplifier": "<LocalFoldingAmplifier:{'gates_to_fold': None, 'noise_factor_relative_tolerance': 0.01, 'random_seed': None, 'sub_folding_option': 'from_first'}>",
              "noise_factors": [
                1,
                3,
                5,
                7,
                9
              ],
              "values": [
                -3.6527135173973155,
                -3.3133786117564283,
                -3.0723061320290275,
                -2.987829841698672,
                -2.99254603914324
              ],
              "variance": [
                0.5263635348754582,
                0.6276077823979399,
                0.6464404631387279,
                0.6659431510910161,
                0.6796608695670945
              ],
              "shots": [
                8192,
                8192,
                8192,
                8192,
                8192
              ]
            },
            "extrapolation": {
              "extrapolator": "QuadraticExtrapolator"
            }
          }
        }
      ]
    }
  ],
  "iterations": 4
}