{
  "references": {
    "FCI": -3.9788249025213656,
    "UCCSD": -3.9734571469353903,
    "statevector": -3.9117123337666615
  },
  "input": "N          3.20473       -0.47458       -0.00000\nC          1.14199        0.29032       -0.00000\nC         -0.28626        0.80954       -0.00000\nH         -0.43038        1.45243       -0.90096\nH         -0.43037        1.45244        0.90095\nC         -1.33813       -0.36286        0.00001\nH         -1.17391       -1.00037       -0.89892\nH         -1.17391       -1.00036        0.89895\nC         -2.80434        0.18582        0.00001\nH         -3.53027       -0.65561        0.00001\nH         -2.99050        0.80923        0.90131\nH         -2.99050        0.80921       -0.90131\n",
  "init_state": "OPENQASM 2.0;\ninclude \"qelib1.inc\";\nqreg q[6];\nx q[0];\nx q[3];\n",
  "evolution_ops": [
    [
      "IIIXZY",
      -0.25
    ],
    [
      "IIIIYX",
      0.5
    ],
    [
      "IYXIII",
      0.5
    ]
  ],
  "optimal_point": [
    4.195508962799556,
    -0.4584558216856111,
    0.537800317636981
  ],
  "eigenvalue_history": [
    -3.786387337987111,
    -3.820763185126507,
    -3.9117123337666615
  ],
  "cnots": 8,
  "depth": 14,
  "constants": {
    "nuclear_repulsion_energy": -206.87599764404786,
    "ProjectionTransformer": 3.7506221637402213
  },
  "offset": -203.12537548030764,
  "results": [
    {
      "eigenvalue": -3.7626744521645734,
      "metadata": [
        {
          "zne": {
            "noise_amplification": {
              "noise_amplifier": "<LocalFoldingAmplifier:{'gates_to_fold': None, 'noise_factor_relative_tolerance': 0.01, 'random_seed': None, 'sub_folding_option': 'from_first'}>",
              "noise_factors": [
                1,
                3,
                5,
                7,
                9
              ],
              "values": [
                -3.6296265086713206,
                -3.3800061824598413,
                -3.264305170445342,
                -3.145120656747891,
                -3.1398026209341126
              ],
              "variance": [
                0.5496983448157988,
                0.6096778135307132,
                0.6657279661380007,
                0.6775852682831084,
                0.7073603187602255
              ],
              "shots": [
                8192,
                8192,
                8192,
                8192,
                8192
              ]
            },
            "extrapolation": {
              "extrapolator": "QuadraticExtrapolator"
            }
          }
        }
      ]
    }
  ],
  "iterations": 3
}