{
  "references": {
    "FCI": -8.398516495493627,
    "UCCSD": -8.379498851268691,
    "statevector": -8.30202222310671
  },
  "input": "N          3.11097       -0.43981       -0.00000\nC          1.23575        0.25555       -0.00000\nC         -0.19249        0.77477       -0.00000\nH         -0.33662        1.41767       -0.90096\nH         -0.33661        1.41768        0.90095\nC         -1.24437       -0.39763        0.00001\nH         -1.08015       -1.03514       -0.89892\nH         -1.08015       -1.03513        0.89895\nC         -2.71058        0.15106        0.00001\nH         -3.43651       -0.69037        0.00001\nH         -2.89673        0.77446        0.90131\nH         -2.89674        0.77445       -0.90131\n",
  "init_state": "OPENQASM 2.0;\ninclude \"qelib1.inc\";\nqreg q[10];\nx q[0];\nx q[2];\nx q[3];\nx q[4];\nx q[6];\n",
  "evolution_ops": [
    [
      "ZXXZIIYXZI",
      0.125
    ],
    [
      "IIIIIIYXZI",
      0.5
    ],
    [
      "IIYXZIIIII",
      0.5
    ],
    [
      "IIIIIIIYXZ",
      0.5
    ],
    [
      "XXXXXYXXXX",
      -0.125
    ]
  ],
  "optimal_point": [
    -0.514590735920541,
    1.7813687446013733,
    0.9159631117644873,
    -1.7882004892298706,
    -1.125795542298794
  ],
  "eigenvalue_history": [
    -8.174401857661339,
    -8.21162561511403,
    -8.277684636522487,
    -8.298048840433617,
    -8.30202222310671
  ],
  "cnots": 42,
  "depth": 45,
  "constants": {
    "nuclear_repulsion_energy": -206.93097566037608,
    "ProjectionTransformer": 8.11209611838731
  },
  "offset": -198.81887954198876,
  "iterations": 5
}