{
  "references": {
    "FCI": -3.986428632337805,
    "UCCSD": -3.978153287517039,
    "statevector": -3.976915630559793
  },
  "input": "N          3.15785       -0.45720       -0.00000\nC          1.18887        0.27294       -0.00000\nC         -0.23938        0.79216       -0.00000\nH         -0.38350        1.43505       -0.90096\nH         -0.38349        1.43506        0.90095\nC         -1.29125       -0.38025        0.00001\nH         -1.12703       -1.01775       -0.89892\nH         -1.12703       -1.01774        0.89895\nC         -2.75746        0.16844        0.00001\nH         -3.48339       -0.67299        0.00001\nH         -2.94362        0.79184        0.90131\nH         -2.94362        0.79183       -0.90131\n",
  "init_state": "OPENQASM 2.0;\ninclude \"qelib1.inc\";\nqreg q[6];\nx q[0];\nx q[3];\n",
  "evolution_ops": [
    [
      "IIIXZY",
      -0.25
    ],
    [
      "XZYIII",
      -0.25
    ],
    [
      "IYXIII",
      0.5
    ],
    [
      "IIIIYX",
      0.5
    ],
    [
      "IIIYXZ",
      0.5
    ]
  ],
  "optimal_point": [
    0.2610939675998461,
    3.4930716578398964,
    -0.8039021061914848,
    0.2772856582926242,
    -0.39479955971989455
  ],
  "eigenvalue_history": [
    -3.8080868738030635,
    -3.8403558413680985,
    -3.855316858493034,
    -3.9225633693955686,
    -3.976915630559793
  ],
  "cnots": 16,
  "depth": 22,
  "constants": {
    "nuclear_repulsion_energy": -206.9003252339641,
    "ProjectionTransformer": 3.7699440015378713
  },
  "offset": -203.13038123242623,
  "iterations": 5
}