{
  "references": {
    "FCI": -3.986428632337805,
    "UCCSD": -3.978153287517039,
    "statevector": -3.9225633693955686
  },
  "input": "N          3.15785       -0.45720       -0.00000\nC          1.18887        0.27294       -0.00000\nC         -0.23938        0.79216       -0.00000\nH         -0.38350        1.43505       -0.90096\nH         -0.38349        1.43506        0.90095\nC         -1.29125       -0.38025        0.00001\nH         -1.12703       -1.01775       -0.89892\nH         -1.12703       -1.01774        0.89895\nC         -2.75746        0.16844        0.00001\nH         -3.48339       -0.67299        0.00001\nH         -2.94362        0.79184        0.90131\nH         -2.94362        0.79183       -0.90131\n",
  "init_state": "OPENQASM 2.0;\ninclude \"qelib1.inc\";\nqreg q[6];\nx q[0];\nx q[3];\n",
  "evolution_ops": [
    [
      "IIIXZY",
      -0.25
    ],
    [
      "XZYIII",
      -0.25
    ],
    [
      "IYXIII",
      0.5
    ],
    [
      "IIIIYX",
      0.5
    ]
  ],
  "optimal_point": [
    0.2610939675998461,
    3.4930716578398964,
    -0.8039021061914848,
    0.2772856582926242
  ],
  "eigenvalue_history": [
    -3.8080868738030635,
    -3.8403558413680985,
    -3.855316858493034,
    -3.9225633693955686
  ],
  "cnots": 12,
  "depth": 14,
  "constants": {
    "nuclear_repulsion_energy": -206.90032523396377,
    "ProjectionTransformer": 3.7699440018402597
  },
  "offset": -203.1303812321235,
  "results": [
    {
      "eigenvalue": -3.8293517853234507,
      "metadata": [
        {
          "zne": {
            "noise_amplification": {
              "noise_amplifier": "<LocalFoldingAmplifier:{'gates_to_fold': None, 'noise_factor_relative_tolerance': 0.01, 'random_seed': None, 'sub_folding_option': 'from_first'}>",
              "noise_factors": [
                1,
                3,
                5,
                7,
                9
              ],
              "values": [
                -3.6407596995216482,
                -3.28106637955848,
                -3.091500905973504,
                -3.077638366932361,
                -3.0499305803607943
              ],
              "variance": [
                0.5838055261578311,
                0.6682887763570637,
                0.696135742256029,
                0.7037135531324674,
                0.7151919293169724
              ],
              "shots": [
                8192,
                8192,
                8192,
                8192,
                8192
              ]
            },
            "extrapolation": {
              "extrapolator": "QuadraticExtrapolator"
            }
          }
        }
      ]
    }
  ],
  "iterations": 4
}