{
  "references": {
    "FCI": -3.9542006757972508,
    "UCCSD": -3.9520447797462124,
    "statevector": -3.8814555240988495
  },
  "input": "N          3.29849       -0.50935       -0.00000\nC          1.04823        0.32509       -0.00000\nC         -0.38002        0.84431       -0.00000\nH         -0.52414        1.48720       -0.90096\nH         -0.52413        1.48721        0.90095\nC         -1.43189       -0.32810        0.00001\nH         -1.26767       -0.96560       -0.89892\nH         -1.26767       -0.96559        0.89895\nC         -2.89810        0.22059        0.00001\nH         -3.62403       -0.62084        0.00001\nH         -3.08426        0.84400        0.90131\nH         -3.08426        0.84398       -0.90131\n",
  "init_state": "OPENQASM 2.0;\ninclude \"qelib1.inc\";\nqreg q[6];\nx q[0];\nx q[3];\n",
  "evolution_ops": [
    [
      "IIIXZY",
      -0.25
    ],
    [
      "IIIIYX",
      0.5
    ],
    [
      "IYXIII",
      0.5
    ]
  ],
  "optimal_point": [
    2.678168560867029,
    1.3752607567510953,
    -0.8271485553963435
  ],
  "eigenvalue_history": [
    -3.737489155029554,
    -3.784098427118086,
    -3.8814555240988495
  ],
  "cnots": 8,
  "depth": 14,
  "constants": {
    "nuclear_repulsion_energy": -206.84008323612014,
    "ProjectionTransformer": 3.7043540210335824
  },
  "offset": -203.13572921508654,
  "results": [
    {
      "eigenvalue": -3.8750559571135605,
      "metadata": [
        {
          "zne": {
            "noise_amplification": {
              "noise_amplifier": "<LocalFoldingAmplifier:{'gates_to_fold': None, 'noise_factor_relative_tolerance': 0.01, 'random_seed': None, 'sub_folding_option': 'from_first'}>",
              "noise_factors": [
                1,
                3,
                5,
                7,
                9
              ],
              "values": [
                -3.7520666339456508,
                -3.4848987854016547,
                -3.2847204618594374,
                -3.21433145762007,
                -3.0413415897974847
              ],
              "variance": [
                0.6636452572360623,
                0.701678101973042,
                0.7353113087740681,
                0.743624968938761,
                0.7654410419209583
              ],
              "shots": [
                8192,
                8192,
                8192,
                8192,
                8192
              ]
            },
            "extrapolation": {
              "extrapolator": "QuadraticExtrapolator"
            }
          }
        }
      ]
    }
  ],
  "iterations": 3
}