{
  "references": {
    "FCI": -8.11932464081344,
    "UCCSD": -8.105024456670535,
    "statevector": -8.031786173266214
  },
  "input": "N          3.20473       -0.47458       -0.00000\nC          1.14199        0.29032       -0.00000\nC         -0.28626        0.80954       -0.00000\nH         -0.43038        1.45243       -0.90096\nH         -0.43037        1.45244        0.90095\nC         -1.33813       -0.36286        0.00001\nH         -1.17391       -1.00037       -0.89892\nH         -1.17391       -1.00036        0.89895\nC         -2.80434        0.18582        0.00001\nH         -3.53027       -0.65561        0.00001\nH         -2.99050        0.80923        0.90131\nH         -2.99050        0.80921       -0.90131\n",
  "init_state": "OPENQASM 2.0;\ninclude \"qelib1.inc\";\nqreg q[10];\nx q[0];\nx q[2];\nx q[3];\nx q[4];\nx q[6];\n",
  "evolution_ops": [
    [
      "ZXXZIIYXZI",
      0.125
    ],
    [
      "IIIIIIYXZI",
      0.5
    ],
    [
      "IIYXZIIIII",
      0.5
    ],
    [
      "IIIIIIIYXZ",
      0.5
    ]
  ],
  "optimal_point": [
    -0.2453771151727342,
    -1.9088023277109767,
    -0.8751126404415677,
    -1.1231550079127242
  ],
  "eigenvalue_history": [
    -7.861896845011149,
    -7.915696562231222,
    -7.993236530079468,
    -8.031786173266214
  ],
  "cnots": 24,
  "depth": 30,
  "constants": {
    "nuclear_repulsion_energy": -206.8759976440476,
    "ProjectionTransformer": 7.810741043843891
  },
  "offset": -199.0652566002037,
  "iterations": 4
}