{
  "references": {
    "FCI": -3.9399324263654614,
    "UCCSD": -3.937770378052767,
    "statevector": -3.8647876169857893
  },
  "input": "N          3.34537       -0.52674       -0.00000\nC          1.00134        0.34247       -0.00000\nC         -0.42690        0.86169       -0.00000\nH         -0.57102        1.50459       -0.90096\nH         -0.57102        1.50460        0.90095\nC         -1.47878       -0.31071        0.00001\nH         -1.31455       -0.94822       -0.89892\nH         -1.31455       -0.94820        0.89895\nC         -2.94498        0.23798        0.00001\nH         -3.67091       -0.60345        0.00001\nH         -3.13114        0.86138        0.90131\nH         -3.13114        0.86137       -0.90131\n",
  "init_state": "OPENQASM 2.0;\ninclude \"qelib1.inc\";\nqreg q[6];\nx q[0];\nx q[3];\n",
  "evolution_ops": [
    [
      "IIIXZY",
      -0.25
    ],
    [
      "IIIIYX",
      0.5
    ],
    [
      "IYXIII",
      0.5
    ]
  ],
  "optimal_point": [
    2.7754754000569597,
    1.3969800786024318,
    -0.8273086152391615
  ],
  "eigenvalue_history": [
    -3.7130557560944464,
    -3.7652607972740664,
    -3.8647876169857893
  ],
  "cnots": 8,
  "depth": 14,
  "constants": {
    "nuclear_repulsion_energy": -206.8265317714237,
    "ProjectionTransformer": 3.6806094929323923
  },
  "offset": -203.1459222784913,
  "results": [
    {
      "eigenvalue": -3.8107546626490585,
      "metadata": [
        {
          "zne": {
            "noise_amplification": {
              "noise_amplifier": "<LocalFoldingAmplifier:{'gates_to_fold': None, 'noise_factor_relative_tolerance': 0.01, 'random_seed': None, 'sub_folding_option': 'from_first'}>",
              "noise_factors": [
                1,
                3,
                5,
                7,
                9
              ],
              "values": [
                -3.701601913574709,
                -3.4633670880274816,
                -3.267354639886527,
                -3.181715036154852,
                -2.996455489426289
              ],
              "variance": [
                0.6838285147830603,
                0.7189044644734756,
                0.7534768272267806,
                0.7611282395495005,
                0.780332797758228
              ],
              "shots": [
                8192,
                8192,
                8192,
                8192,
                8192
              ]
            },
            "extrapolation": {
              "extrapolator": "QuadraticExtrapolator"
            }
          }
        }
      ]
    }
  ],
  "iterations": 3
}