{
  "references": {
    "FCI": -3.9324498370143592,
    "UCCSD": -3.9102401878006714,
    "statevector": -3.8914156316809567
  },
  "input": "&FCI\nNORB=4,\nNELEC=4,\nMS2=0,\nORBSYM=1,\nISYM=1,\n&END\n   5.45134723400841236796e-01    1    1    1    1\n  -4.45865178660848050934e-09    1    1    1    2\n  -1.10534183694212861937e-01    1    1    1    3\n  -1.07948178173939102493e-06    1    1    1    4\n   4.96340106489763843722e-01    1    1    2    2\n  -9.23868047061742649982e-07    1    1    2    3\n   9.37214242346042641918e-02    1    1    2    4\n   4.23218697766286788831e-01    1    1    3    3\n   3.00357743358146113085e-07    1    1    3    4\n   4.00570787417716178691e-01    1    1    4    4\n   2.35844510793618115929e-02    1    2    1    2\n  -8.24133402298759810917e-08    1    2    1    3\n   8.62105991189350724657e-03    1    2    1    4\n  -4.58264100825349991067e-09    1    2    2    2\n  -8.26445459422343181588e-03    1    2    2    3\n  -8.27204255222502160241e-08    1    2    2    4\n   2.94232875597707695661e-07    1    2    3    3\n  -1.52832787453195066002e-02    1    2    3    4\n  -3.05845204069048347982e-07    1    2    4    4\n   1.72919292421972015106e-01    1    3    1    3\n   1.57062001128078602703e-06    1    3    1    4\n  -9.07423416513448433118e-02    1    3    2    2\n   1.56432101164601475323e-06    1    3    2    3\n  -1.46961294779470563743e-01    1    3    2    4\n   5.65297510664083194265e-02    1    3    3    3\n   8.75014649238969780231e-08    1    3    3    4\n   4.55562180135716809914e-02    1    3    4    4\n   1.46485663265062421995e-02    1    4    1    4\n  -8.84929453620935287716e-07    1    4    2    2\n  -1.44946653720172471957e-02    1    4    2    3\n  -1.60021460057066024884e-06    1    4    2    4\n   4.78648282160666350498e-07    1    4    3    3\n   4.95750579653076676317e-03    1    4    3    4\n   5.66640746113530687908e-07    1    4    4    4\n   2.35844510793618324096e-02    2    1    2    1\n  -4.58264100829754479675e-09    2    1    2    2\n  -8.26445459422343181588e-03    2    1    2    3\n  -8.27204255222129598094e-08    2    1    2    4\n   2.94232875597704307530e-07    2    1    3    3\n  -1.52832787453195031308e-02    2    1    3    4\n  -3.05845204069111346058e-07    2    1    4    4\n   5.41948965596055876048e-01    2    2    2    2\n  -1.06103401471689969689e-06    2    2    2    3\n   1.07633945564864705324e-01    2    2    2    4\n   3.94417564743620996381e-01    2    2    3    3\n  -2.97193168559899028908e-07    2    2    3    4\n   4.32930603301206029521e-01    2    2    4    4\n   1.43499386659354365853e-02    2    3    2    3\n  -1.59176589899663666227e-06    2    3    2    4\n   5.56061515195688546900e-07    2    3    3    3\n  -5.17037110630758946217e-03    2    3    3    4\n   4.36853240742520249851e-07    2    3    4    4\n   1.79070111556703576161e-01    2    4    2    4\n  -4.85306672895784926847e-02    2    4    3    3\n   7.49815083985581892637e-09    2    4    3    4\n  -5.79459683918269949365e-02    2    4    4    4\n   1.72919292421972015106e-01    3    1    3    1\n   1.56432101164655812487e-06    3    1    3    2\n   5.65297510664080765652e-02    3    1    3    3\n   8.75014649224309757497e-08    3    1    3    4\n   4.55562180135716324192e-02    3    1    4    4\n   1.43499386659354331158e-02    3    2    3    2\n   5.56061515195319769930e-07    3    2    3    3\n  -5.17037110630759119689e-03    3    2    3    4\n   4.36853240742506697323e-07    3    2    4    4\n   4.67155416030795689331e-01    3    3    3    3\n   3.26266220205029852490e-08    3    3    3    4\n   4.33051376439660351547e-01    3    3    4    4\n   2.01660227953999737771e-02    3    4    3    4\n   5.36952875694870255026e-08    3    4    4    4\n   1.46485663265062439342e-02    4    1    4    1\n  -1.60021460057068227170e-06    4    1    4    2\n   4.95750579653075115066e-03    4    1    4    3\n   5.66640746113666107301e-07    4    1    4    4\n   1.79070111556703520650e-01    4    2    4    2\n   7.49815084171140341601e-09    4    2    4    3\n  -5.79459683918271475922e-02    4    2    4    4\n   2.01660227953999598993e-02    4    3    4    3\n   5.36952875691041136708e-08    4    3    4    4\n   4.80522407653924454873e-01    4    4    4    4\n  -1.69406476209286394052e+00    1    1    0    0\n   9.04129279470107642007e-09    1    2    0    0\n   2.83754412402678957150e-01    1    3    0    0\n   2.76662026346026185643e-06    1    4    0    0\n   9.04129279497367048222e-09    2    1    0    0\n  -1.68951387960512633413e+00    2    2    0    0\n   2.82635676861020045754e-06    2    3    0    0\n  -2.86455734122179894729e-01    2    4    0    0\n   2.83754412402679290217e-01    3    1    0    0\n   2.82635676861023349182e-06    3    2    0    0\n  -1.26550925016984328053e+00    3    3    0    0\n  -2.74750373088011353771e-08    3    4    0    0\n   2.76662026345875625537e-06    4    1    0    0\n  -2.86455734122180005752e-01    4    2    0    0\n  -2.74750373151473179761e-08    4    3    0    0\n  -1.28720490771419049381e+00    4    4    0    0\n   1.39089547497903822659e+02    0    0    0    0\n",
  "init_state": "OPENQASM 2.0;\ninclude \"qelib1.inc\";\nqreg q[6];\nx q[0];\nx q[3];\n",
  "evolution_ops": [
    [
      "XXZYXZ",
      0.125
    ],
    [
      "YXZXXZ",
      0.125
    ],
    [
      "YYIYXZ",
      0.125
    ],
    [
      "XYIXXZ",
      -0.125
    ],
    [
      "YXZYYI",
      0.125
    ],
    [
      "XXZXYI",
      -0.125
    ],
    [
      "XYIYYI",
      -0.125
    ],
    [
      "YYIXYI",
      -0.125
    ],
    [
      "ZXXIYX",
      0.125
    ],
    [
      "IYXZXX",
      0.125
    ],
    [
      "IYYIYX",
      0.125
    ],
    [
      "ZXYZXX",
      -0.125
    ],
    [
      "IYXIYY",
      0.125
    ],
    [
      "ZXXZXY",
      -0.125
    ],
    [
      "ZXYIYY",
      -0.125
    ],
    [
      "IYYZXY",
      -0.125
    ],
    [
      "ZXXYXZ",
      0.125
    ],
    [
      "IYXXXZ",
      0.125
    ],
    [
      "IYYYXZ",
      0.125
    ],
    [
      "ZXYXXZ",
      -0.125
    ],
    [
      "IYXYYI",
      0.125
    ],
    [
      "ZXXXYI",
      -0.125
    ],
    [
      "ZXYYYI",
      -0.125
    ],
    [
      "IYYXYI",
      -0.125
    ],
    [
      "XXZIYX",
      0.125
    ],
    [
      "YXZZXX",
      0.125
    ],
    [
      "YYIIYX",
      0.125
    ],
    [
      "XYIZXX",
      -0.125
    ],
    [
      "YXZIYY",
      0.125
    ],
    [
      "XXZZXY",
      -0.125
    ],
    [
      "XYIIYY",
      -0.125
    ],
    [
      "YYIZXY",
      -0.125
    ]
  ],
  "optimal_point": [
    -0.5882656770972743,
    -0.15625565153800144,
    1.6499571489793077,
    1.1433050800456297
  ],
  "eigenvalue_history": [
    -3.8132435741750568,
    -3.87161182222708,
    -3.8787266935398477,
    -3.8914156316809567
  ],
  "cnots": 256,
  "iterations": 32,
  "depth": 390,
  "constants": {
    "hf_in_pbe": -207.598353978225,
    "hf_in_pbe_effective": -3.74188207059875
  },
  "offset": -203.85647190762623
}