{
  "references": {
    "FCI": -3.9212612620069525,
    "UCCSD": -3.9135783004091462,
    "statevector": -3.8904903978318957
  },
  "input": "&FCI\nNORB=4,\nNELEC=4,\nMS2=0,\nORBSYM=1,\nISYM=1,\n&END\n   5.72801609934622035780e-01    1    1    1    1\n   8.33795655410528496986e-08    1    1    1    2\n  -1.31852170600167267756e-01    1    1    1    3\n   9.95076821231369269480e-06    1    1    1    4\n   5.18138852407728833782e-01    1    1    2    2\n   8.62757246708883804461e-06    1    1    2    3\n   1.12996063788667402972e-01    1    1    2    4\n   3.74391698947786788487e-01    1    1    3    3\n  -1.62704190847133722982e-06    1    1    3    4\n   3.55588373082472763986e-01    1    1    4    4\n   2.65082708343923299787e-02    1    2    1    2\n   6.95027521438957465181e-07    1    2    1    3\n   9.99892362517562291457e-03    1    2    1    4\n   8.25266793348047231914e-08    1    2    2    2\n  -9.68745037614915371904e-03    1    2    2    3\n   8.00458820987253974324e-07    1    2    2    4\n  -1.92726514779656889168e-06    1    2    3    3\n  -1.26093168981990903788e-02    1    2    3    4\n   1.90446599228091278519e-06    1    2    4    4\n   1.53552924850006100588e-01    1    3    1    3\n  -1.07443045515948711098e-05    1    3    1    4\n  -1.10069214388381700354e-01    1    3    2    2\n  -1.09320384157200726794e-05    1    3    2    3\n  -1.31965729782107188406e-01    1    3    2    4\n   8.25387467482753822701e-02    1    3    3    3\n  -7.05825858894165749356e-07    1    3    3    4\n   6.90887222289520847029e-02    1    3    4    4\n   1.22782359965137709973e-02    1    4    1    4\n   8.31288718785787143512e-06    1    4    2    2\n  -1.21771893358957154774e-02    1    4    2    3\n   1.09568738321425412647e-05    1    4    2    4\n  -5.35145333522375746455e-06    1    4    3    3\n   6.66662656725706959104e-03    1    4    3    4\n  -6.33700319906326649613e-06    1    4    4    4\n   2.65082708343923161010e-02    2    1    2    1\n   8.25266793348093818726e-08    2    1    2    2\n  -9.68745037614914157598e-03    2    1    2    3\n   8.00458820987347253827e-07    2    1    2    4\n  -1.92726514779664554817e-06    2    1    3    3\n  -1.26093168981990817051e-02    2    1    3    4\n   1.90446599228078191860e-06    2    1    4    4\n   5.69550517457769744922e-01    2    2    2    2\n   9.97710177168311292400e-06    2    2    2    3\n   1.30535228331827318771e-01    2    2    2    4\n   3.51032037646283823218e-01    2    2    3    3\n   2.19991581757249431085e-06    2    2    3    4\n   3.82703565003062906591e-01    2    2    4    4\n   1.20818978383471376664e-02    2    3    2    3\n   1.11452883416134820301e-05    2    3    2    4\n  -6.38770154115516990666e-06    2    3    3    3\n  -6.83780083371733366643e-03    2    3    3    4\n  -5.31171166044682751032e-06    2    3    4    4\n   1.59160160318563087545e-01    2    4    2    4\n  -7.14562029026713368962e-02    2    4    3    3\n  -3.15068083256067915952e-07    2    4    3    4\n  -8.51275390091553452176e-02    2    4    4    4\n   1.53552924850005961810e-01    3    1    3    1\n  -1.09320384157194645097e-05    3    1    3    2\n   8.25387467482753545145e-02    3    1    3    3\n  -7.05825858896347494470e-07    3    1    3    4\n   6.90887222289520430696e-02    3    1    4    4\n   1.20818978383471498095e-02    3    2    3    2\n  -6.38770154115475401348e-06    3    2    3    3\n  -6.83780083371733366643e-03    3    2    3    4\n  -5.31171166044714430064e-06    3    2    4    4\n   4.78352320012828013951e-01    3    3    3    3\n  -1.17785177271002128958e-08    3    3    3    4\n   4.40468569198471548987e-01    3    3    4    4\n   2.17533349304456294360e-02    3    4    3    4\n  -1.58178947730975612409e-08    3    4    4    4\n   1.22782359965137675278e-02    4    1    4    1\n   1.09568738321418958256e-05    4    1    4    2\n   6.66662656725707132577e-03    4    1    4    3\n  -6.33700319906194935990e-06    4    1    4    4\n   1.59160160318563198567e-01    4    2    4    2\n  -3.15068083255310192041e-07    4    2    4    3\n  -8.51275390091551925620e-02    4    2    4    4\n   2.17533349304456398443e-02    4    3    4    3\n  -1.58178947731442009925e-08    4    3    4    4\n   4.90404335124291324011e-01    4    4    4    4\n  -1.71813969216353479297e+00    1    1    0    0\n  -1.65906244875774748950e-07    1    2    0    0\n   3.42303149000781792299e-01    1    3    0    0\n  -2.57760837670429323795e-05    1    4    0    0\n  -1.65906244875872687134e-07    2    1    0    0\n  -1.71347954555760040307e+00    2    2    0    0\n  -2.65372191844224127185e-05    2    3    0    0\n  -3.46528432283986664864e-01    2    4    0    0\n   3.42303149000781625766e-01    3    1    0    0\n  -2.65372191844218469005e-05    3    2    0    0\n  -1.13272242617979257417e+00    3    3    0    0\n  -7.44764028181116403146e-07    3    4    0    0\n  -2.57760837670428375119e-05    4    1    0    0\n  -3.46528432283986886908e-01    4    2    0    0\n  -7.44764028179237684069e-07    4    3    0    0\n  -1.14957207403316097327e+00    4    4    0    0\n   1.36150534727610676100e+02    0    0    0    0\n",
  "init_state": "OPENQASM 2.0;\ninclude \"qelib1.inc\";\nqreg q[6];\nx q[0];\nx q[3];\n",
  "evolution_ops": [
    [
      "XXZYXZ",
      0.125
    ],
    [
      "YXZXXZ",
      0.125
    ],
    [
      "YYIYXZ",
      0.125
    ],
    [
      "XYIXXZ",
      -0.125
    ],
    [
      "YXZYYI",
      0.125
    ],
    [
      "XXZXYI",
      -0.125
    ],
    [
      "XYIYYI",
      -0.125
    ],
    [
      "YYIXYI",
      -0.125
    ],
    [
      "ZXXIYX",
      0.125
    ],
    [
      "IYXZXX",
      0.125
    ],
    [
      "IYYIYX",
      0.125
    ],
    [
      "ZXYZXX",
      -0.125
    ],
    [
      "IYXIYY",
      0.125
    ],
    [
      "ZXXZXY",
      -0.125
    ],
    [
      "ZXYIYY",
      -0.125
    ],
    [
      "IYYZXY",
      -0.125
    ],
    [
      "ZXXYXZ",
      0.125
    ],
    [
      "IYXXXZ",
      0.125
    ],
    [
      "IYYYXZ",
      0.125
    ],
    [
      "ZXYXXZ",
      -0.125
    ],
    [
      "IYXYYI",
      0.125
    ],
    [
      "ZXXXYI",
      -0.125
    ],
    [
      "ZXYYYI",
      -0.125
    ],
    [
      "IYYXYI",
      -0.125
    ],
    [
      "IIIYXZ",
      0.5
    ],
    [
      "IIIXYI",
      -0.5
    ],
    [
      "IIIIYX",
      0.5
    ],
    [
      "IIIZXY",
      -0.5
    ]
  ],
  "optimal_point": [
    -0.4861663970718655,
    0.012956938351355798,
    0.852208796057374,
    0.6979653124474056,
    0.38614469074057584
  ],
  "eigenvalue_history": [
    -3.754151929662449,
    -3.7959572898664717,
    -3.804931579204735,
    -3.841989923816982,
    -3.8904903978318957
  ],
  "cnots": 204,
  "iterations": 28,
  "depth": 318,
  "constants": {
    "hf_in_pbe": -207.502114996978,
    "hf_in_pbe_effective": -3.70134748008775
  },
  "offset": -203.80076751689026
}