{
  "references": {
    "FCI": -3.931092872014947,
    "UCCSD": -3.913536652289359,
    "statevector": -3.867979638771543
  },
  "input": "&FCI\nNORB=4,\nNELEC=4,\nMS2=0,\nORBSYM=1,\nISYM=1,\n&END\n   5.56728580642295245440e-01    1    1    1    1\n  -1.01595650973750035269e-08    1    1    1    2\n   1.20301746319601651769e-01    1    1    1    3\n  -1.82261674157034707547e-06    1    1    1    4\n   5.05514198951556026351e-01    1    1    2    2\n   1.56513869156760727409e-06    1    1    2    3\n   1.02415048171298816992e-01    1    1    2    4\n   4.04652895296103931599e-01    1    1    3    3\n  -4.06681514509538941668e-07    1    1    3    4\n   3.83575466624504923807e-01    1    1    4    4\n   2.47733042406177612904e-02    1    2    1    2\n   1.35104037046093910259e-07    1    2    1    3\n   9.32345540095999916752e-03    1    2    1    4\n  -1.01907573164406303750e-08    1    2    2    2\n   8.98464763255833395728e-03    1    2    2    3\n  -1.43101580559820954276e-07    1    2    2    4\n   4.27106159223291286034e-07    1    2    3    3\n   1.41954380883953668741e-02    1    2    3    4\n  -4.37499993427329572242e-07    1    2    4    4\n   1.64887606897453020682e-01    1    3    1    3\n  -2.31872355283129446039e-06    1    3    1    4\n   9.94495186236010186853e-02    1    3    2    2\n   2.32888041544519633778e-06    1    3    2    3\n   1.40717247707005388424e-01    1    3    2    4\n  -6.81684254120560190193e-02    1    3    3    3\n   1.39409147126260562523e-07    1    3    3    4\n  -5.59852119695129629706e-02    1    3    4    4\n   1.36829203741206852779e-02    1    4    1    4\n  -1.50605216574926743317e-06    1    4    2    2\n   1.35521385235036380401e-02    1    4    2    3\n  -2.36349185835716352558e-06    1    4    2    4\n   8.89754108904734428831e-07    1    4    3    3\n  -5.78136155914445084431e-03    1    4    3    4\n   1.05576782881668089073e-06    1    4    4    4\n   2.47733042406177439432e-02    2    1    2    1\n  -1.01907573164931447634e-08    2    1    2    2\n   8.98464763255833742672e-03    2    1    2    3\n  -1.43101580559707028345e-07    2    1    2    4\n   4.27106159223309232545e-07    2    1    3    3\n   1.41954380883953582004e-02    2    1    3    4\n  -4.37499993427518248831e-07    2    1    4    4\n   5.53447262709032550276e-01    2    2    2    2\n   1.80586180554572700447e-06    2    2    2    3\n   1.18119480241396582199e-01    2    2    2    4\n   3.78087382134253746635e-01    2    2    3    3\n   4.55334484317118813796e-07    2    2    3    4\n   4.13823802980629651405e-01    2    2    4    4\n   1.34289190415242832427e-02    2    3    2    3\n   2.37194696428962576974e-06    2    3    2    4\n  -1.04753023115890867622e-06    2    3    3    3\n  -5.97409696886455707926e-03    2    3    3    4\n  -8.47597193758750330997e-07    2    3    4    4\n   1.70836559682900984702e-01    2    4    2    4\n  -5.86713812995905206749e-02    2    4    3    3\n  -3.53629310788166390016e-08    2    4    3    4\n  -7.01209499031913291445e-02    2    4    4    4\n   1.64887606897453020682e-01    3    1    3    1\n   2.32888041544496975647e-06    3    1    3    2\n  -6.81684254120560745305e-02    3    1    3    3\n   1.39409147128494400163e-07    3    1    3    4\n  -5.59852119695129837873e-02    3    1    4    4\n   1.34289190415242815080e-02    3    2    3    2\n  -1.04753023115897580358e-06    3    2    3    3\n  -5.97409696886455360981e-03    3    2    3    4\n  -8.47597193759293702632e-07    3    2    4    4\n   4.71826178667147821955e-01    3    3    3    3\n  -3.01730875394926875222e-08    3    3    3    4\n   4.36162469948874420567e-01    3    3    4    4\n   2.08108716733233049812e-02    3    4    3    4\n  -4.98425893767928621153e-08    3    4    4    4\n   1.36829203741206870126e-02    4    1    4    1\n  -2.36349185835726728711e-06    4    1    4    2\n  -5.78136155914445084431e-03    4    1    4    3\n   1.05576782881663409216e-06    4    1    4    4\n   1.70836559682901040214e-01    4    2    4    2\n  -3.53629310759383681073e-08    4    2    4    3\n  -7.01209499031914401668e-02    4    2    4    4\n   2.08108716733232945728e-02    4    3    4    3\n  -4.98425893762522433367e-08    4    3    4    4\n   4.84601186152295471121e-01    4    4    4    4\n  -1.70630663947025817961e+00    1    1    0    0\n   2.03503224139099986661e-08    1    2    0    0\n  -3.10216135934245518246e-01    1    3    0    0\n   4.69161949250891442437e-06    1    4    0    0\n   2.03503224138222910514e-08    2    1    0    0\n  -1.70163520607712559496e+00    2    2    0    0\n  -4.80103515163585026470e-06    2    3    0    0\n  -3.13626121183034123341e-01    2    4    0    0\n  -3.10216135934245684780e-01    3    1    0    0\n  -4.80103515163576471437e-06    3    2    0    0\n  -1.21586610461342470302e+00    3    3    0    0\n  -4.40825281515329966687e-08    3    4    0    0\n   4.69161949250844262702e-06    4    1    0    0\n  -3.13626121183034622941e-01    4    2    0    0\n  -4.40825281539432289201e-08    4    3    0    0\n  -1.23560890651191002121e+00    4    4    0    0\n   1.38036547616021266549e+02    0    0    0    0\n",
  "init_state": "OPENQASM 2.0;\ninclude \"qelib1.inc\";\nqreg q[6];\nx q[0];\nx q[3];\n",
  "evolution_ops": [
    [
      "XXZYXZ",
      0.125
    ],
    [
      "YXZXXZ",
      0.125
    ],
    [
      "YYIYXZ",
      0.125
    ],
    [
      "XYIXXZ",
      -0.125
    ],
    [
      "YXZYYI",
      0.125
    ],
    [
      "XXZXYI",
      -0.125
    ],
    [
      "XYIYYI",
      -0.125
    ],
    [
      "YYIXYI",
      -0.125
    ],
    [
      "ZXXIYX",
      0.125
    ],
    [
      "IYXZXX",
      0.125
    ],
    [
      "IYYIYX",
      0.125
    ],
    [
      "ZXYZXX",
      -0.125
    ],
    [
      "IYXIYY",
      0.125
    ],
    [
      "ZXXZXY",
      -0.125
    ],
    [
      "ZXYIYY",
      -0.125
    ],
    [
      "IYYZXY",
      -0.125
    ],
    [
      "ZXXYXZ",
      0.125
    ],
    [
      "IYXXXZ",
      0.125
    ],
    [
      "IYYYXZ",
      0.125
    ],
    [
      "ZXYXXZ",
      -0.125
    ],
    [
      "IYXYYI",
      0.125
    ],
    [
      "ZXXXYI",
      -0.125
    ],
    [
      "ZXYYYI",
      -0.125
    ],
    [
      "IYYXYI",
      -0.125
    ],
    [
      "XXZIYX",
      0.125
    ],
    [
      "YXZZXX",
      0.125
    ],
    [
      "YYIIYX",
      0.125
    ],
    [
      "XYIZXX",
      -0.125
    ],
    [
      "YXZIYY",
      0.125
    ],
    [
      "XXZZXY",
      -0.125
    ],
    [
      "XYIIYY",
      -0.125
    ],
    [
      "YYIZXY",
      -0.125
    ]
  ],
  "optimal_point": [
    -0.36218684906478776,
    0.07259142396353414,
    -0.7542364722158197,
    -0.7814567586862572
  ],
  "eigenvalue_history": [
    -3.7965131333924043,
    -3.847361988932956,
    -3.8553871958876162,
    -3.867979638771543
  ],
  "cnots": 256,
  "iterations": 32,
  "depth": 390,
  "constants": {
    "hf_in_pbe": -207.558211605046,
    "hf_in_pbe_effective": -3.73319766041845
  },
  "offset": -203.82501394462756
}