{
  "references": {
    "FCI": -4.494812580881868,
    "UCCSD": -4.493966917621853,
    "statevector": -4.468169750315732
  },
  "input": "&FCI\nNORB=4,\nNELEC=4,\nMS2=0,\nORBSYM=1,\nISYM=1,\n&END\n   5.39854946590382467342e-01    1    1    1    1\n   2.06992313178934997483e-10    1    1    1    2\n   5.66421559858566521465e-07    1    1    1    3\n  -4.05222498141331530230e-02    1    1    1    4\n   4.96050399719538404053e-01    1    1    2    2\n   3.66647477671920504760e-02    1    1    2    3\n   4.75694477895532287940e-07    1    1    2    4\n   4.41780555682491971048e-01    1    1    3    3\n  -3.77921279917564552917e-07    1    1    3    4\n   5.03465742569940810647e-01    1    1    4    4\n   2.15401327246508567104e-02    1    2    1    2\n   2.92839521517315563848e-03    1    2    1    3\n   2.93478418172814987289e-08    1    2    1    4\n   2.07185193603997843141e-10    1    2    2    2\n   4.52660297144997889356e-08    1    2    2    3\n  -2.64562993771693842279e-03    1    2    2    4\n   4.65238113473567425127e-07    1    2    3    3\n  -1.81804461103287386126e-02    1    2    3    4\n  -5.19417331819006143681e-07    1    2    4    4\n   1.50971977351772521092e-02    1    3    1    3\n  -1.96700799934172684315e-06    1    3    1    4\n   4.73414760546224664949e-07    1    3    2    2\n   1.90078311502554114176e-06    1    3    2    3\n  -1.56716106686573368456e-02    1    3    2    4\n   1.82002711665408227612e-07    1    3    3    3\n  -7.87467751856376989815e-04    1    3    3    4\n   1.61423547457405019032e-07    1    3    4    4\n   1.70170841077265655450e-01    1    4    1    4\n  -3.35367230890900522300e-02    1    4    2    2\n  -1.32438246606792542348e-01    1    4    2    3\n  -2.10878137975494600048e-06    1    4    2    4\n  -1.03870395034489464148e-02    1    4    3    3\n  -3.89907186230655421145e-08    1    4    3    4\n  -1.14359562410804201094e-02    1    4    4    4\n   2.15401327246508567104e-02    2    1    2    1\n   2.07185193611790659993e-10    2    1    2    2\n   4.52660297144542145926e-08    2    1    2    3\n  -2.64562993771693842279e-03    2    1    2    4\n   4.65238113473547202216e-07    2    1    3    3\n  -1.81804461103287316737e-02    2    1    3    4\n  -5.19417331818743563468e-07    2    1    4    4\n   5.38425261497923135501e-01    2    2    2    2\n   4.08701973533426299312e-02    2    2    2    3\n   5.32691215407834294836e-07    2    2    2    4\n   4.76435731589283706366e-01    2    2    3    3\n   6.04784344152831506098e-07    2    2    3    4\n   4.65234405234609182944e-01    2    2    4    4\n   1.57798464723279213695e-01    2    3    2    3\n   2.03527997983048290385e-06    2    3    2    4\n   1.35819655720478497246e-02    2    3    3    3\n   5.51213737469573123123e-08    2    3    3    4\n   1.27731634172406054856e-02    2    3    4    4\n   1.63178474799388732730e-02    2    4    2    4\n   1.49536993798377917606e-07    2    4    3    3\n   5.15561724117829709400e-04    2    4    3    4\n   1.57357778702557542402e-07    2    4    4    4\n   1.50971977351772625175e-02    3    1    3    1\n   1.90078311502518348209e-06    3    1    3    2\n   1.82002711665545261661e-07    3    1    3    3\n  -7.87467751856375471932e-04    3    1    3    4\n   1.61423547457001301954e-07    3    1    4    4\n   1.57798464723279019406e-01    3    2    3    2\n   1.35819655720476849259e-02    3    2    3    3\n   5.51213737560425877046e-08    3    2    3    4\n   1.27731634172407425287e-02    3    2    4    4\n   4.46048273784039994716e-01    3    3    3    3\n   8.79885609958912056055e-08    3    3    3    4\n   4.28683474397021369029e-01    3    3    4    4\n   1.79945045812981187228e-02    3    4    3    4\n   8.80027489876478111829e-08    3    4    4    4\n   1.70170841077265655450e-01    4    1    4    1\n  -2.10878137975563633233e-06    4    1    4    2\n  -3.89907186184951376196e-08    4    1    4    3\n  -1.14359562410805259275e-02    4    1    4    4\n   1.63178474799388836813e-02    4    2    4    2\n   5.15561724117820060001e-04    4    2    4    3\n   1.57357778701909800425e-07    4    2    4    4\n   1.79945045812981221922e-02    4    3    4    3\n   8.80027489836505303559e-08    4    3    4    4\n   4.89066157750575547514e-01    4    4    4    4\n  -1.85408687321846876728e+00    1    1    0    0\n  -4.14177507102760389161e-10    1    2    0    0\n  -1.46798505123465803610e-06    1    3    0    0\n   1.04950066054596030662e-01    1    4    0    0\n  -4.14177507080826868039e-10    2    1    0    0\n  -1.85253433493549679589e+00    2    2    0    0\n  -1.11271297672553698410e-01    2    3    0    0\n  -1.45473232938596166170e-06    2    4    0    0\n  -1.46798505123583202377e-06    3    1    0    0\n  -1.11271297672553726166e-01    3    2    0    0\n  -1.35580700316807600814e+00    3    3    0    0\n  -3.85454147971760516387e-07    3    4    0    0\n   1.04950066054596502507e-01    4    1    0    0\n  -1.45473232938422355009e-06    4    2    0    0\n  -3.85454147964107044313e-07    4    3    0    0\n  -1.43401689688132094602e+00    4    4    0    0\n   1.47825818251527294933e+02    0    0    0    0\n",
  "init_state": "OPENQASM 2.0;\ninclude \"qelib1.inc\";\nqreg q[6];\nx q[0];\nx q[3];\n",
  "evolution_ops": [
    [
      "XXXYXX",
      0.125
    ],
    [
      "YXXXXX",
      0.125
    ],
    [
      "YXYYXX",
      0.125
    ],
    [
      "XXYXXX",
      -0.125
    ],
    [
      "YXXYXY",
      0.125
    ],
    [
      "XXXXXY",
      -0.125
    ],
    [
      "XXYYXY",
      -0.125
    ],
    [
      "YXYXXY",
      -0.125
    ],
    [
      "ZXZIYZ",
      0.125
    ],
    [
      "IYZZXZ",
      0.125
    ],
    [
      "IXIIYZ",
      -0.125
    ],
    [
      "ZYIZXZ",
      -0.125
    ],
    [
      "IYZIXI",
      -0.125
    ],
    [
      "ZXZZYI",
      -0.125
    ],
    [
      "ZYIIXI",
      0.125
    ],
    [
      "IXIZYI",
      0.125
    ]
  ],
  "optimal_point": [
    -0.17995650309715416,
    -0.16170299679441738
  ],
  "eigenvalue_history": [
    -4.434233047289911,
    -4.468169750315732
  ],
  "cnots": 128,
  "iterations": 16,
  "depth": 191,
  "constants": {
    "hf_in_pbe": -208.008711017018,
    "hf_in_pbe_effective": -4.39384087479077
  },
  "offset": -203.6148701422272
}