{
  "references": {
    "FCI": -4.056759761865777,
    "UCCSD": -4.053198263971759,
    "statevector": -4.027461474500216
  },
  "input": "&FCI\nNORB=4,\nNELEC=4,\nMS2=0,\nORBSYM=1,\nISYM=1,\n&END\n   5.22922188761873685259e-01    1    1    1    1\n  -3.83004562285027864041e-09    1    1    1    2\n  -7.00747190919915885488e-02    1    1    1    3\n   8.01940216408641392930e-07    1    1    1    4\n   4.78076979261071732807e-01    1    1    2    2\n  -7.01181752181317393419e-07    1    1    2    3\n  -5.90561677327248735203e-02    1    1    2    4\n   4.69261562383018582256e-01    1    1    3    3\n  -4.20894827972047855854e-07    1    1    3    4\n   4.46655635317624810643e-01    1    1    4    4\n   2.07341233016149970037e-02    1    2    1    2\n  -6.42816156495343637164e-08    1    2    1    3\n  -5.39830168420219608238e-03    1    2    1    4\n  -4.05020382894470430962e-09    1    2    2    2\n  -4.35518050536912431497e-03    1    2    2    3\n   4.86031479100436147703e-08    1    2    2    4\n   4.07559917164367796888e-07    1    2    3    3\n   1.80442002949149499225e-02    1    2    3    4\n  -4.32113660589282315107e-07    1    2    4    4\n   1.83483641348388737402e-01    1    3    1    3\n  -1.98214796538606986264e-06    1    3    1    4\n  -5.06870530152731327278e-02    1    3    2    2\n   1.95473548099223224262e-06    1    3    2    3\n   1.54887334915247587563e-01    1    3    2    4\n   1.25498738329647072098e-02    1    3    3    3\n  -1.29649215869551223017e-07    1    3    3    4\n   1.71070833841960247453e-03    1    3    4    4\n   1.69511961848373589323e-02    1    4    1    4\n   5.74440950130390404793e-07    1    4    2    2\n   1.65901515916005923290e-02    1    4    2    3\n  -2.03391959406393050034e-06    1    4    2    4\n  -1.54065803021872797506e-07    1    4    3    3\n   9.04653675778516533357e-04    1    4    3    4\n  -6.79688813920897346012e-08    1    4    4    4\n   2.07341233016149865953e-02    2    1    2    1\n  -4.05020382888625903626e-09    2    1    2    2\n  -4.35518050536913385595e-03    2    1    2    3\n   4.86031479101046011425e-08    2    1    2    4\n   4.07559917164477064138e-07    2    1    3    3\n   1.80442002949149533919e-02    2    1    3    4\n  -4.32113660589211164339e-07    2    1    4    4\n   5.16791589807551576818e-01    2    2    2    2\n  -7.02479531438649372864e-07    2    2    2    3\n  -5.88911220577619382022e-02    2    2    2    4\n   4.35102713261490026131e-01    2    2    3    3\n   4.12718960448063109780e-07    2    2    3    4\n   4.84332120035397883928e-01    2    2    4    4\n   1.62922860355985237024e-02    2    3    2    3\n   2.00394379515754742519e-06    2    3    2    4\n   1.43505691044340194994e-07    2    3    3    3\n   1.81412645254397570695e-03    2    3    3    4\n  -8.11758432486553738315e-09    2    3    4    4\n   1.92840043084080703384e-01    2    4    2    4\n   1.11168516728983816227e-02    2    4    3    3\n  -1.00972869107551070338e-07    2    4    3    4\n   5.75757723862705978607e-03    2    4    4    4\n   1.83483641348388543113e-01    3    1    3    1\n   1.95473548099146059561e-06    3    1    3    2\n   1.25498738329646534334e-02    3    1    3    3\n  -1.29649215869811050374e-07    3    1    3    4\n   1.71070833841974211977e-03    3    1    4    4\n   1.62922860355985063552e-02    3    2    3    2\n   1.43505691044295408127e-07    3    2    3    3\n   1.81412645254398112796e-03    3    2    3    4\n  -8.11758432432505095346e-09    3    2    4    4\n   4.61610080659722255003e-01    3    3    3    3\n  -4.87223350134198361768e-08    3    3    3    4\n   4.32385428134547611378e-01    3    3    4    4\n   1.88312486526500712236e-02    3    4    3    4\n  -4.25968924276623817910e-08    3    4    4    4\n   1.69511961848373381156e-02    4    1    4    1\n  -2.03391959406423797330e-06    4    1    4    2\n   9.04653675778511762867e-04    4    1    4    3\n  -6.79688813918182076021e-08    4    1    4    4\n   1.92840043084080675628e-01    4    2    4    2\n  -1.00972869104794533960e-07    4    2    4    3\n   5.75757723862723932995e-03    4    2    4    4\n   1.88312486526500746931e-02    4    3    4    3\n  -4.25968924292752119319e-08    4    3    4    4\n   4.80346837663541914587e-01    4    4    4    4\n  -1.70263907483931387077e+00    1    1    0    0\n   7.88024945183917424708e-09    1    2    0    0\n   1.67093644617168912703e-01    1    3    0    0\n  -1.90221896875882416498e-06    1    4    0    0\n   7.88024945162516442464e-09    2    1    0    0\n  -1.69417358574817500383e+00    2    2    0    0\n   2.04056142015230480109e-06    2    3    0    0\n   1.71605155839009981822e-01    2    4    0    0\n   1.67093644617168579636e-01    3    1    0    0\n   2.04056142015124812749e-06    3    2    0    0\n  -1.37833027903732507902e+00    3    3    0    0\n   3.81475648168913445297e-08    3    4    0    0\n  -1.90221896875919495365e-06    4    1    0    0\n   1.71605155839009704266e-01    4    2    0    0\n   3.81475648248088791250e-08    4    3    0    0\n  -1.41651611402034305343e+00    4    4    0    0\n   1.42826712768042796142e+02    0    0    0    0\n",
  "init_state": "OPENQASM 2.0;\ninclude \"qelib1.inc\";\nqreg q[6];\nx q[0];\nx q[3];\n",
  "evolution_ops": [
    [
      "XXZYXZ",
      0.125
    ],
    [
      "YXZXXZ",
      0.125
    ],
    [
      "YYIYXZ",
      0.125
    ],
    [
      "XYIXXZ",
      -0.125
    ],
    [
      "YXZYYI",
      0.125
    ],
    [
      "XXZXYI",
      -0.125
    ],
    [
      "XYIYYI",
      -0.125
    ],
    [
      "YYIXYI",
      -0.125
    ],
    [
      "ZXXIYX",
      0.125
    ],
    [
      "IYXZXX",
      0.125
    ],
    [
      "IYYIYX",
      0.125
    ],
    [
      "ZXYZXX",
      -0.125
    ],
    [
      "IYXIYY",
      0.125
    ],
    [
      "ZXXZXY",
      -0.125
    ],
    [
      "ZXYIYY",
      -0.125
    ],
    [
      "IYYZXY",
      -0.125
    ]
  ],
  "optimal_point": [
    -0.2919385162683091,
    -0.28176997083970645
  ],
  "eigenvalue_history": [
    -3.9607928064962366,
    -4.027461474500216
  ],
  "cnots": 128,
  "iterations": 16,
  "depth": 195,
  "constants": {
    "hf_in_pbe": -207.786200293433,
    "hf_in_pbe_effective": -3.8830718721645
  },
  "offset": -203.90312842126852
}