{
  "references": {
    "FCI": -3.9283004847646845,
    "UCCSD": -3.9164920765267612,
    "statevector": -3.8309936215118947
  },
  "input": "&FCI\nNORB=4,\nNELEC=4,\nMS2=0,\nORBSYM=1,\nISYM=1,\n&END\n   5.65944072738135295353e-01    1    1    1    1\n  -3.59563202958356972034e-08    1    1    1    2\n   1.27041779575238128475e-01    1    1    1    3\n  -4.76398236858041496133e-06    1    1    1    4\n   5.12782324880582951465e-01    1    1    2    2\n   4.11309637184581504209e-06    1    1    2    3\n   1.08536301133921903039e-01    1    1    2    4\n   3.88332692491634490217e-01    1    1    3    3\n  -8.79417739135981478093e-07    1    1    3    4\n   3.68544329457692165786e-01    1    1    4    4\n   2.57462337227730535261e-02    1    2    1    2\n   3.39604870735520670167e-07    1    2    1    3\n   9.74742021885539530746e-03    1    2    1    4\n  -3.56443390217263325105e-08    1    2    2    2\n   9.42311871564614246533e-03    1    2    2    3\n  -3.83238484482402722650e-07    1    2    2    4\n   1.00333749410112625616e-06    1    2    3    3\n   1.33048963269602263382e-02    1    2    3    4\n  -1.00445938754633903936e-06    1    2    4    4\n   1.58372744668216852704e-01    1    3    1    3\n  -5.50526089833950168411e-06    1    3    1    4\n   1.05585686169247058852e-01    1    3    2    2\n   5.57858796903194597796e-06    1    3    2    3\n   1.35660376107896551989e-01    1    3    2    4\n  -7.64913999978522329837e-02    1    3    3    3\n   3.47794050297697451938e-07    1    3    3    4\n  -6.35306008472409089460e-02    1    3    4    4\n   1.28924353335412369970e-02    1    4    1    4\n  -3.96117875773172317140e-06    1    4    2    2\n   1.27786532434496554606e-02    1    4    2    3\n  -5.61352592497952174974e-06    1    4    2    4\n   2.46349648399420857861e-06    1    4    3    3\n  -6.31774006077919902252e-03    1    4    3    4\n   2.92062424832094492692e-06    1    4    4    4\n   2.57462337227730535261e-02    2    1    2    1\n  -3.56443390216622822613e-08    2    1    2    2\n   9.42311871564614593477e-03    2    1    2    3\n  -3.83238484482424533748e-07    2    1    2    4\n   1.00333749410102863561e-06    2    1    3    3\n   1.33048963269602263382e-02    2    1    3    4\n  -1.00445938754627212375e-06    2    1    4    4\n   5.62652176924078761822e-01    2    2    2    2\n   4.75519996823768475736e-06    2    2    2    3\n   1.25366833748092737499e-01    2    2    2    4\n   3.63574597182718672883e-01    2    2    3    3\n   1.12491394113328538047e-06    2    2    3    4\n   3.97040946558468166305e-01    2    2    4    4\n   1.26713586712821086461e-02    2    3    2    3\n   5.68600860405949447285e-06    2    3    2    4\n  -2.93216924119026877628e-06    2    3    3    3\n  -6.49785434249644869298e-03    2    3    3    4\n  -2.41379965167162955611e-06    2    3    4    4\n   1.64138900251830477384e-01    2    4    2    4\n  -6.60291873064918211078e-02    2    4    3    3\n  -1.31223383427997194708e-07    2    4    3    4\n  -7.88149696149175876814e-02    2    4    4    4\n   1.58372744668216824948e-01    3    1    3    1\n   5.57858796903122769402e-06    3    1    3    2\n  -7.64913999978522052281e-02    3    1    3    3\n   3.47794050301776762612e-07    3    1    3    4\n  -6.35306008472410338461e-02    3    1    4    4\n   1.26713586712821051766e-02    3    2    3    2\n  -2.93216924119017856727e-06    3    2    3    3\n  -6.49785434249644782562e-03    3    2    3    4\n  -2.41379965167147370205e-06    3    2    4    4\n   4.75660736268029071816e-01    3    3    3    3\n  -2.21131262788548281018e-08    3    3    3    4\n   4.38739582412549233847e-01    3    3    4    4\n   2.13447146342554197607e-02    3    4    3    4\n  -3.55869469531741452234e-08    3    4    4    4\n   1.28924353335412352622e-02    4    1    4    1\n  -5.61352592497936589568e-06    4    1    4    2\n  -6.31774006077920596142e-03    4    1    4    3\n   2.92062424832046211814e-06    4    1    4    4\n   1.64138900251830449628e-01    4    2    4    2\n  -1.31223383430442764115e-07    4    2    4    3\n  -7.88149696149175876814e-02    4    2    4    4\n   2.13447146342553920051e-02    4    3    4    3\n  -3.55869469526209268298e-08    4    3    4    4\n   4.88023387999561075734e-01    4    4    4    4\n  -1.71435087011120401712e+00    1    1    0    0\n   7.16006593177881147190e-08    1    2    0    0\n  -3.28790033198085862587e-01    1    3    0    0\n   1.23031013995601916849e-05    1    4    0    0\n   7.16006593175143774932e-08    2    1    0    0\n  -1.70965625673294407960e+00    2    2    0    0\n  -1.26417878411938994682e-05    2    3    0    0\n  -3.32692015797081852568e-01    2    4    0    0\n  -3.28790033198085640542e-01    3    1    0    0\n  -1.26417878411938842216e-05    3    2    0    0\n  -1.17137230870662634175e+00    3    3    0    0\n  -3.10244698269550817779e-07    3    4    0    0\n   1.23031013995602848585e-05    4    1    0    0\n  -3.32692015797081408479e-01    4    2    0    0\n  -3.10244698263389288362e-07    4    3    0    0\n  -1.18953179647185458556e+00    4    4    0    0\n   1.37059798779524413703e+02    0    0    0    0\n",
  "init_state": "OPENQASM 2.0;\ninclude \"qelib1.inc\";\nqreg q[6];\nx q[0];\nx q[3];\n",
  "evolution_ops": [
    [
      "XXZYXZ",
      0.125
    ],
    [
      "YXZXXZ",
      0.125
    ],
    [
      "YYIYXZ",
      0.125
    ],
    [
      "XYIXXZ",
      -0.125
    ],
    [
      "YXZYYI",
      0.125
    ],
    [
      "XXZXYI",
      -0.125
    ],
    [
      "XYIYYI",
      -0.125
    ],
    [
      "YYIXYI",
      -0.125
    ],
    [
      "ZXXIYX",
      0.125
    ],
    [
      "IYXZXX",
      0.125
    ],
    [
      "IYYIYX",
      0.125
    ],
    [
      "ZXYZXX",
      -0.125
    ],
    [
      "IYXIYY",
      0.125
    ],
    [
      "ZXXZXY",
      -0.125
    ],
    [
      "ZXYIYY",
      -0.125
    ],
    [
      "IYYZXY",
      -0.125
    ],
    [
      "XXZIYX",
      0.125
    ],
    [
      "YXZZXX",
      0.125
    ],
    [
      "YYIIYX",
      0.125
    ],
    [
      "XYIZXX",
      -0.125
    ],
    [
      "YXZIYY",
      0.125
    ],
    [
      "XXZZXY",
      -0.125
    ],
    [
      "XYIIYY",
      -0.125
    ],
    [
      "YYIZXY",
      -0.125
    ]
  ],
  "optimal_point": [
    -0.41743388386064817,
    0.263503574527063,
    -0.7806970526314292
  ],
  "eigenvalue_history": [
    -3.7769194446080956,
    -3.8223804194873097,
    -3.8309936215118947
  ],
  "cnots": 192,
  "iterations": 24,
  "depth": 294,
  "constants": {
    "hf_in_pbe": -207.526879124288,
    "hf_in_pbe_effective": -3.7197811719493
  },
  "offset": -203.8070979523387
}