{
  "references": {
    "FCI": -3.8989650174926536,
    "UCCSD": -3.894972920515106,
    "statevector": -3.801099316557784
  },
  "input": "&FCI\nNORB=4,\nNELEC=4,\nMS2=0,\nORBSYM=1,\nISYM=1,\n&END\n   5.81424491552524180804e-01    1    1    1    1\n   1.03850710610757809156e-06    1    1    1    2\n   1.38422105868158507036e-01    1    1    1    3\n  -1.07675866454243437964e-04    1    1    1    4\n   5.24705119276154152708e-01    1    1    2    2\n  -9.40471527904716023084e-05    1    1    2    3\n  -1.19248570917889915033e-01    1    1    2    4\n   3.52199046119402336963e-01    1    1    3    3\n  -1.49104630886605405863e-05    1    1    3    4\n   3.34687300389734376793e-01    1    1    4    4\n   2.75703754923176669323e-02    1    2    1    2\n  -7.24680410419040652004e-06    1    2    1    3\n  -1.02445679909591979423e-02    1    2    1    4\n   1.02746380751275945075e-06    1    2    2    2\n   9.95397149781170227645e-03    1    2    2    3\n  -8.59341347155230869800e-06    1    2    2    4\n  -1.85769727216881971312e-05    1    2    3    3\n  -1.16515296058955844516e-02    1    2    3    4\n   1.79570439561121988057e-05    1    2    4    4\n   1.47748341882701028638e-01    1    3    1    3\n  -1.06674515540941482173e-04    1    3    1    4\n   1.16371718883427663349e-01    1    3    2    2\n  -1.09122701034410497355e-04    1    3    2    3\n  -1.27686798926349154293e-01    1    3    2    4\n  -9.07319434639597133252e-02    1    3    3    3\n   7.33484596586709093803e-06    1    3    3    4\n  -7.67567155379272197946e-02    1    3    4    4\n   1.14395476971257421123e-02    1    4    1    4\n  -9.06171879766928356319e-05    1    4    2    2\n  -1.13558283839050137842e-02    1    4    2    3\n   1.08780847795258460496e-04    1    4    2    4\n   6.07811773627031981851e-05    1    4    3    3\n  -7.06052605688639242643e-03    1    4    3    4\n   7.17330027758790266358e-05    1    4    4    4\n   2.75703754923176808100e-02    2    1    2    1\n   1.02746380751288841152e-06    2    1    2    2\n   9.95397149781170748062e-03    2    1    2    3\n  -8.59341347155234088525e-06    2    1    2    4\n  -1.85769727216880988754e-05    2    1    3    3\n  -1.16515296058955879210e-02    2    1    3    4\n   1.79570439561123207785e-05    2    1    4    4\n   5.78301875451440960951e-01    2    2    2    2\n  -1.08612364640139585198e-04    2    2    2    3\n  -1.37549727338776128782e-01    2    2    2    4\n   3.30749358806777304931e-01    2    2    3    3\n   2.15974311736042296752e-05    2    2    3    4\n   3.59885039703227327390e-01    2    2    4    4\n   1.12773433365272717638e-02    2    3    2    3\n   1.11259176695414850589e-04    2    3    2    4\n   7.26799973512660816340e-05    2    3    3    3\n   7.22026884554546020956e-03    2    3    3    4\n   6.12109029001433555548e-05    2    3    4    4\n   1.53117656664072704364e-01    2    4    2    4\n   7.89609285119047127344e-02    2    4    3    3\n   3.84476871577780084891e-06    2    4    3    4\n   9.36596175248770451693e-02    2    4    4    4\n   1.47748341882700917616e-01    3    1    3    1\n  -1.09122701034410104332e-04    3    1    3    2\n  -9.07319434639597410808e-02    3    1    3    3\n   7.33484596586721206374e-06    3    1    3    4\n  -7.67567155379272891835e-02    3    1    4    4\n   1.12773433365272700291e-02    3    2    3    2\n   7.26799973512661900543e-05    3    2    3    3\n   7.22026884554545587275e-03    3    2    3    4\n   6.12109029001430302941e-05    3    2    4    4\n   4.81020989546893873445e-01    3    3    3    3\n   2.19261891197463387759e-07    3    3    3    4\n   4.41843457991913268756e-01    3    3    4    4\n   2.22868297184708637204e-02    3    4    3    4\n   3.97862968102857973843e-07    3    4    4    4\n   1.14395476971257490512e-02    4    1    4    1\n   1.08780847795258419838e-04    4    1    4    2\n  -7.06052605688639763060e-03    4    1    4    3\n   7.17330027758792705813e-05    4    1    4    4\n   1.53117656664072676609e-01    4    2    4    2\n   3.84476871578000906380e-06    4    2    4    3\n   9.36596175248770451693e-02    4    2    4    4\n   2.22868297184708741288e-02    4    3    4    3\n   3.97862968103725282641e-07    4    3    4    4\n   4.92598352536444239469e-01    4    4    4    4\n  -1.71747774591212376549e+00    1    1    0    0\n  -2.06597091362054358308e-06    1    2    0    0\n  -3.61211572137202341359e-01    1    3    0    0\n   2.80316828936075994154e-04    1    4    0    0\n  -2.06597091362083750351e-06    2    1    0    0\n  -1.71293438685027754609e+00    2    2    0    0\n   2.89459866116892447670e-04    2    3    0    0\n   3.65802301183596134670e-01    2    4    0    0\n  -3.61211572137202230337e-01    3    1    0    0\n   2.89459866116893098191e-04    3    2    0    0\n  -1.06967721520285796721e+00    3    3    0    0\n  -8.78927501540859891505e-06    3    4    0    0\n   2.80316828936076048364e-04    4    1    0    0\n   3.65802301183596634271e-01    4    2    0    0\n  -8.78927501541139073564e-06    4    3    0    0\n  -1.08451059263739080230e+00    4    4    0    0\n   1.34504979867940818394e+02    0    0    0    0\n",
  "init_state": "OPENQASM 2.0;\ninclude \"qelib1.inc\";\nqreg q[6];\nx q[0];\nx q[3];\n",
  "evolution_ops": [
    [
      "XXZYXZ",
      0.125
    ],
    [
      "YXZXXZ",
      0.125
    ],
    [
      "YYIYXZ",
      0.125
    ],
    [
      "XYIXXZ",
      -0.125
    ],
    [
      "YXZYYI",
      0.125
    ],
    [
      "XXZXYI",
      -0.125
    ],
    [
      "XYIYYI",
      -0.125
    ],
    [
      "YYIXYI",
      -0.125
    ],
    [
      "ZXXIYX",
      0.125
    ],
    [
      "IYXZXX",
      0.125
    ],
    [
      "IYYIYX",
      0.125
    ],
    [
      "ZXYZXX",
      -0.125
    ],
    [
      "IYXIYY",
      0.125
    ],
    [
      "ZXXZXY",
      -0.125
    ],
    [
      "ZXYIYY",
      -0.125
    ],
    [
      "IYYZXY",
      -0.125
    ],
    [
      "XXZIYX",
      0.125
    ],
    [
      "YXZZXX",
      0.125
    ],
    [
      "YYIIYX",
      0.125
    ],
    [
      "XYIZXX",
      -0.125
    ],
    [
      "YXZIYY",
      0.125
    ],
    [
      "XXZZXY",
      -0.125
    ],
    [
      "XYIIYY",
      -0.125
    ],
    [
      "YYIZXY",
      -0.125
    ],
    [
      "YXZIII",
      0.5
    ],
    [
      "XYIIII",
      -0.5
    ]
  ],
  "optimal_point": [
    -0.554816757075352,
    0.0057538389349747,
    0.822254756548396,
    -0.7504825238254105
  ],
  "eigenvalue_history": [
    -3.7051602224508535,
    -3.7427688008409645,
    -3.752147246462753,
    -3.801099316557784
  ],
  "cnots": 198,
  "iterations": 26,
  "depth": 309,
  "constants": {
    "hf_in_pbe": -207.466024600806,
    "hf_in_pbe_effective": -3.65741817240086
  },
  "offset": -203.80860642840514
}