{
  "references": {
    "FCI": -4.1677213004299585,
    "UCCSD": -4.165246156044139,
    "statevector": -4.0767825266441555
  },
  "input": "&FCI\nNORB=4,\nNELEC=4,\nMS2=0,\nORBSYM=1,\nISYM=1,\n&END\n   5.28226656545280670585e-01    1    1    1    1\n  -1.65614474693932657335e-09    1    1    1    2\n  -1.43163406358809093564e-06    1    1    1    3\n   6.12016575482960747956e-02    1    1    1    4\n   4.80810973580636291658e-01    1    1    2    2\n  -5.42166441141243571344e-02    1    1    2    3\n  -1.21683697096623716726e-06    1    1    2    4\n   4.45952146328511267459e-01    1    1    3    3\n  -6.23404612981444408389e-07    1    1    3    4\n   4.88704355722678729368e-01    1    1    4    4\n   2.06300310275035134189e-02    1    2    1    2\n  -4.89285783317368848377e-03    1    2    1    3\n  -9.57840644908949268557e-08    1    2    1    4\n  -3.07620506894822230382e-09    1    2    2    2\n  -8.53952556668399126032e-08    1    2    2    3\n   2.98518320025090416053e-03    1    2    2    4\n   8.20969018857005181954e-07    1    2    3    3\n  -1.83366826095367647931e-02    1    2    3    4\n  -8.73711752964836022204e-07    1    2    4    4\n   1.65484365352343981703e-02    1    3    1    3\n  -3.74445221133318112021e-06    1    3    1    4\n  -8.92779109443696267660e-07    1    3    2    2\n   3.75045522901047148355e-06    1    3    2    3\n  -1.65662900312996477781e-02    1    3    2    4\n  -2.59678882151708498646e-07    1    3    3    3\n   4.77152125403733785424e-04    1    3    3    4\n   1.62531630984725905489e-07    1    3    4    4\n   1.83632713307659345414e-01    1    4    1    4\n   3.73960254148117329787e-02    1    4    2    2\n  -1.49891904723281343959e-01    1    4    2    3\n  -3.92700917833958301924e-06    1    4    2    4\n   8.82542813813613422069e-03    1    4    3    3\n   4.03802357119247021805e-07    1    4    3    4\n  -8.57391032693631365003e-03    1    4    4    4\n   2.06300310275035168883e-02    2    1    2    1\n  -3.07620506891492538904e-09    2    1    2    2\n  -8.53952556669155499984e-08    2    1    2    3\n   2.98518320025089722164e-03    2    1    2    4\n   8.20969018857095179204e-07    2    1    3    3\n  -1.83366826095367613236e-02    2    1    3    4\n  -8.73711752964699649900e-07    2    1    4    4\n   5.17634012236803497942e-01    2    2    2    2\n  -4.62130277429209784801e-02    2    2    2    3\n  -1.02564906020655624412e-06    2    2    2    4\n   4.81395632496167680259e-01    2    2    3    3\n   1.03412248947430004367e-06    2    2    3    4\n   4.52131318442045071482e-01    2    2    4    4\n   1.82551174071304694868e-01    2    3    2    3\n   3.92454509721440254375e-06    2    3    2    4\n  -1.14526732639251317691e-02    2    3    3    3\n  -3.88509320619200034557e-07    2    3    3    4\n   3.73771049261563534025e-03    2    3    4    4\n   1.67905267644476233202e-02    2    4    2    4\n  -2.83367535268900542573e-07    2    4    3    3\n   1.39075340984188178424e-03    2    4    3    4\n   2.16525485404975399572e-07    2    4    4    4\n   1.65484365352344016398e-02    3    1    3    1\n   3.75045522901002170905e-06    3    1    3    2\n  -2.59678882151725598123e-07    3    1    3    3\n   4.77152125403731833860e-04    3    1    3    4\n   1.62531630984735672838e-07    3    1    4    4\n   1.82551174071304805890e-01    3    2    3    2\n  -1.14526732639252185053e-02    3    2    3    3\n  -3.88509320619903495420e-07    3    2    3    4\n   3.73771049261569648925e-03    3    2    4    4\n   4.63457213301495696278e-01    3    3    3    3\n   9.42771805212614375825e-08    3    3    3    4\n   4.35022608518259135124e-01    3    3    4    4\n   1.87275939174848075897e-02    3    4    3    4\n   8.90561082811212965455e-08    3    4    4    4\n   1.83632713307659345414e-01    4    1    4    1\n  -3.92700917834023608164e-06    4    1    4    2\n   4.03802357119068350793e-07    4    1    4    3\n  -8.57391032693648365293e-03    4    1    4    4\n   1.67905267644476302591e-02    4    2    4    2\n   1.39075340984188807261e-03    4    2    4    3\n   2.16525485405883471831e-07    4    2    4    4\n   1.87275939174848041202e-02    4    3    4    3\n   8.90561082834010327835e-08    4    3    4    4\n   4.84959441265471524751e-01    4    4    4    4\n  -1.74262012587358672278e+00    1    1    0    0\n   4.73234981634769580346e-09    1    2    0    0\n   3.13179702680891671325e-06    1    3    0    0\n  -1.33008525177668118777e-01    1    4    0    0\n   4.73234981635940702657e-09    2    1    0    0\n  -1.72909236105484076518e+00    2    2    0    0\n   1.49753458137996370292e-01    2    3    0    0\n   3.36353893764380027247e-06    2    4    0    0\n   3.13179702680877102358e-06    3    1    0    0\n   1.49753458137995953958e-01    3    2    0    0\n  -1.40196654347668991925e+00    3    3    0    0\n  -6.41342867108794891976e-07    3    4    0    0\n  -1.33008525177668590622e-01    4    1    0    0\n   3.36353893764327087687e-06    4    2    0    0\n  -6.41342867115815101043e-07    4    3    0    0\n  -1.42257883575794075171e+00    4    4    0    0\n   1.44320018291034529057e+02    0    0    0    0\n",
  "init_state": "OPENQASM 2.0;\ninclude \"qelib1.inc\";\nqreg q[6];\nx q[0];\nx q[3];\n",
  "evolution_ops": [
    [
      "XXXYXX",
      0.125
    ],
    [
      "YXXXXX",
      0.125
    ],
    [
      "YXYYXX",
      0.125
    ],
    [
      "XXYXXX",
      -0.125
    ],
    [
      "YXXYXY",
      0.125
    ],
    [
      "XXXXXY",
      -0.125
    ],
    [
      "XXYYXY",
      -0.125
    ],
    [
      "YXYXXY",
      -0.125
    ]
  ],
  "optimal_point": [
    -0.2575424636353903
  ],
  "eigenvalue_history": [
    -4.0767825266441555
  ],
  "cnots": 80,
  "iterations": 8,
  "depth": 112,
  "constants": {
    "hf_in_pbe": -207.864596853448,
    "hf_in_pbe_effective": -4.01558047280723
  },
  "offset": -203.84901638064076
}