{
  "references": {
    "FCI": -3.9109962174666175,
    "UCCSD": -3.9047896824111685,
    "statevector": -3.876244991906208
  },
  "input": "&FCI\nNORB=4,\nNELEC=4,\nMS2=0,\nORBSYM=1,\nISYM=1,\n&END\n   5.77798170371486286001e-01    1    1    1    1\n   2.71942006727162706778e-07    1    1    1    2\n   1.35496876349547934471e-01    1    1    1    3\n  -2.98037372344147606467e-05    1    1    1    4\n   5.21980758286613721886e-01    1    1    2    2\n  -2.59410115538204049670e-05    1    1    2    3\n  -1.16439087482437558796e-01    1    1    2    4\n   3.62483144022654468763e-01    1    1    3    3\n  -4.43816163390016327358e-06    1    1    3    4\n   3.44414897987582624417e-01    1    1    4    4\n   2.71024509039509038655e-02    1    2    1    2\n  -2.04097514236614805284e-06    1    2    1    3\n  -1.01504917964941130532e-02    1    2    1    4\n   2.69036316167037659263e-07    1    2    2    2\n   9.85038150834180795123e-03    1    2    2    3\n  -2.39133281503053935640e-06    1    2    2    4\n  -5.41231486456866019299e-06    1    2    3    3\n  -1.20710009644136202767e-02    1    2    3    4\n   5.28518177947635427969e-06    1    2    4    4\n   1.50130299109212134168e-01    1    3    1    3\n  -3.06322476424141713729e-05    1    3    1    4\n   1.13539955645668474982e-01    1    3    2    2\n  -3.12639572924912440498e-05    1    3    2    3\n  -1.29402473036747095447e-01    1    3    2    4\n  -8.71177843868812668005e-02    1    3    3    3\n   2.06752553255573617643e-06    1    3    3    4\n  -7.33526782897076512491e-02    1    3    4    4\n   1.18057202810664743642e-02    1    4    1    4\n  -2.49970817947297872298e-05    1    4    2    2\n  -1.17145151776481531297e-02    1    4    2    3\n   3.12382453554246452155e-05    1    4    2    4\n   1.64809459880194262747e-05    1    4    3    3\n  -6.89984658095796950933e-03    1    4    3    4\n   1.94843876911393459070e-05    1    4    4    4\n   2.71024509039509073349e-02    2    1    2    1\n   2.69036316167094833987e-07    2    1    2    2\n   9.85038150834181142068e-03    2    1    2    3\n  -2.39133281503059399003e-06    2    1    2    4\n  -5.41231486456875675474e-06    2    1    3    3\n  -1.20710009644136202767e-02    2    1    3    4\n   5.28518177947621367222e-06    2    1    4    4\n   5.74610606742010698866e-01    2    2    2    2\n  -2.99849168646048747230e-05    2    2    2    3\n  -1.34436212803697385798e-01    2    2    2    4\n   3.40198238221234905421e-01    2    2    3    3\n   6.24974911163837444801e-06    2    2    3    4\n   3.70453590437872459784e-01    2    2    4    4\n   1.16285819892359247596e-02    2    3    2    3\n   3.18764092520294322350e-05    2    3    2    4\n   1.96991927563449353031e-05    2    3    3    3\n   7.06440460937406838893e-03    2    3    3    4\n   1.65007755966854085172e-05    2    3    4    4\n   1.55603135374863477125e-01    2    4    2    4\n   7.56247829109278624227e-02    2    4    3    3\n   1.01936669281352413144e-06    2    4    3    4\n   8.98998750920753236793e-02    2    4    4    4\n   1.50130299109212245190e-01    3    1    3    1\n  -3.12639572924913863514e-05    3    1    3    2\n  -8.71177843868813084338e-02    3    1    3    3\n   2.06752553255386550417e-06    3    1    3    4\n  -7.33526782897074985934e-02    3    1    4    4\n   1.16285819892359351679e-02    3    2    3    2\n   1.96991927563439696855e-05    3    2    3    3\n   7.06440460937406578684e-03    3    2    3    4\n   1.65007755966853712477e-05    3    2    4    4\n   4.80063575325666014315e-01    3    3    3    3\n   2.63927134980371697103e-08    3    3    3    4\n   4.41446003402677478178e-01    3    3    4    4\n   2.20590092375957391724e-02    3    4    3    4\n   5.80986104846171003866e-08    3    4    4    4\n   1.18057202810664743642e-02    4    1    4    1\n   3.12382453554243944937e-05    4    1    4    2\n  -6.89984658095797211141e-03    4    1    4    3\n   1.94843876911388004178e-05    4    1    4    4\n   1.55603135374863366103e-01    4    2    4    2\n   1.01936669281381042857e-06    4    2    4    3\n   8.98998750920752404125e-02    4    2    4    4\n   2.20590092375957357029e-02    4    3    4    3\n   5.80986104853724684871e-08    4    3    4    4\n   4.91857125438198816703e-01    4    4    4    4\n  -1.71881595742066117793e+00    1    1    0    0\n  -5.40978322894143985410e-07    1    2    0    0\n  -3.52726406132542802396e-01    1    3    0    0\n   7.74065680088450070069e-05    1    4    0    0\n  -5.40978322894170455190e-07    2    1    0    0\n  -1.71421458899590328784e+00    2    2    0    0\n   7.98259648298796213074e-05    2    3    0    0\n   3.57163895972078315744e-01    2    4    0    0\n  -3.52726406132542691374e-01    3    1    0    0\n   7.98259648298797026226e-05    3    2    0    0\n  -1.09915314105689354562e+00    3    3    0    0\n  -2.37901334586280473063e-06    3    4    0    0\n   7.74065680088438414896e-05    4    1    0    0\n   3.57163895972078426766e-01    4    2    0    0\n  -2.37901334586214065680e-06    4    3    0    0\n  -1.11490261870589768556e+00    4    4    0    0\n   1.35301044659400417913e+02    0    0    0    0\n",
  "init_state": "OPENQASM 2.0;\ninclude \"qelib1.inc\";\nqreg q[6];\nx q[0];\nx q[3];\n",
  "evolution_ops": [
    [
      "XXZYXZ",
      0.125
    ],
    [
      "YXZXXZ",
      0.125
    ],
    [
      "YYIYXZ",
      0.125
    ],
    [
      "XYIXXZ",
      -0.125
    ],
    [
      "YXZYYI",
      0.125
    ],
    [
      "XXZXYI",
      -0.125
    ],
    [
      "XYIYYI",
      -0.125
    ],
    [
      "YYIXYI",
      -0.125
    ],
    [
      "ZXXIYX",
      0.125
    ],
    [
      "IYXZXX",
      0.125
    ],
    [
      "IYYIYX",
      0.125
    ],
    [
      "ZXYZXX",
      -0.125
    ],
    [
      "IYXIYY",
      0.125
    ],
    [
      "ZXXZXY",
      -0.125
    ],
    [
      "ZXYIYY",
      -0.125
    ],
    [
      "IYYZXY",
      -0.125
    ],
    [
      "XXZIYX",
      0.125
    ],
    [
      "YXZZXX",
      0.125
    ],
    [
      "YYIIYX",
      0.125
    ],
    [
      "XYIZXX",
      -0.125
    ],
    [
      "YXZIYY",
      0.125
    ],
    [
      "XXZZXY",
      -0.125
    ],
    [
      "XYIIYY",
      -0.125
    ],
    [
      "YYIZXY",
      -0.125
    ],
    [
      "YXZIII",
      0.5
    ],
    [
      "XYIIII",
      -0.5
    ],
    [
      "IYXIII",
      0.5
    ],
    [
      "ZXYIII",
      -0.5
    ]
  ],
  "optimal_point": [
    -0.5229824565566623,
    0.008170163388612317,
    0.8393087231049406,
    -0.7299136397632277,
    -0.3960542040978618
  ],
  "eigenvalue_history": [
    -3.7297519320293353,
    -3.7690768220259345,
    -3.7782862381479805,
    -3.8216008971029654,
    -3.876244991906208
  ],
  "cnots": 204,
  "iterations": 28,
  "depth": 323,
  "constants": {
    "hf_in_pbe": -207.482226196237,
    "hf_in_pbe_effective": -3.67993418438108
  },
  "offset": -203.80229201185594
}