{
  "references": {
    "FCI": -4.495341672132565,
    "UCCSD": -4.494495595248612,
    "statevector": -4.468731359213896
  },
  "input": "&FCI\nNORB=4,\nNELEC=4,\nMS2=0,\nORBSYM=1,\nISYM=1,\n&END\n   5.39951075881279995983e-01    1    1    1    1\n   1.05502384704956488616e-08    1    1    1    2\n   1.14918606888833746291e-06    1    1    1    3\n  -4.08750970946144404072e-02    1    1    1    4\n   4.96086764160203919083e-01    1    1    2    2\n  -3.69103179325781793896e-02    1    1    2    3\n  -9.62077047653879926107e-07    1    1    2    4\n   4.40405769682991554692e-01    1    1    3    3\n  -8.57258608908873149558e-07    1    1    3    4\n   5.03759151133487126373e-01    1    1    4    4\n   2.15447506976413419300e-02    1    2    1    2\n  -2.95098206260387043581e-03    1    2    1    3\n  -9.23206305166920345649e-08    1    2    1    4\n   1.01925592080640489206e-08    1    2    2    2\n   5.93019982004697260814e-08    1    2    2    3\n  -2.65523575590293457738e-03    1    2    2    4\n  -9.29613331145400336166e-07    1    2    3    3\n   1.81530266333507876719e-02    1    2    3    4\n   1.03855820071202276325e-06    1    2    4    4\n   1.50400568646314354571e-02    1    3    1    3\n  -3.96181166696739345658e-06    1    3    1    4\n   9.48975664437716940307e-07    1    3    2    2\n  -3.81346531122009182186e-06    1    3    2    3\n   1.56481230395112136389e-02    1    3    2    4\n   3.65993287546410441688e-07    1    3    3    3\n  -7.90252869862727064416e-04    1    3    3    4\n   3.35616351331277691045e-07    1    3    4    4\n   1.70338918367361841222e-01    1    4    1    4\n  -3.36876607536164829337e-02    1    4    2    2\n   1.32221862389798799908e-01    1    4    2    3\n   4.19734155088364317465e-06    1    4    2    4\n  -1.04189686296095804230e-02    1    4    3    3\n  -3.41148347026261561724e-08    1    4    3    4\n  -1.14673618462394540790e-02    1    4    4    4\n   2.15447506976413315216e-02    2    1    2    1\n   1.01925592080817654750e-08    2    1    2    2\n   5.93019982006471794838e-08    2    1    2    3\n  -2.65523575590292763848e-03    2    1    2    4\n  -9.29613331145470639901e-07    2    1    3    3\n   1.81530266333507807330e-02    2    1    3    4\n   1.03855820071231795423e-06    2    1    4    4\n   5.38425761744737219061e-01    2    2    2    2\n  -4.09855062280697832189e-02    2    2    2    3\n  -1.06371468882689092662e-06    2    2    2    4\n   4.74907681385406787999e-01    2    2    3    3\n   1.10640631929431415103e-06    2    2    3    4\n   4.65475789450671917358e-01    2    2    4    4\n   1.57146673792215113563e-01    2    3    2    3\n   4.03586903400279423961e-06    2    3    2    4\n  -1.35894267259666565173e-02    2    3    3    3\n  -6.75444283891519267182e-08    2    3    3    4\n  -1.28350265052737857324e-02    2    3    4    4\n   1.63336596600491407161e-02    2    4    2    4\n  -2.91461175750804993015e-07    2    4    3    3\n  -5.01992090790579523034e-04    2    4    3    4\n  -3.13645890692486623990e-07    2    4    4    4\n   1.50400568646314215793e-02    3    1    3    1\n  -3.81346531121903980694e-06    3    1    3    2\n   3.65993287546839993271e-07    3    1    3    3\n  -7.90252869862727172837e-04    3    1    3    4\n   3.35616351331402416647e-07    3    1    4    4\n   1.57146673792215002541e-01    3    2    3    2\n  -1.35894267259669479508e-02    3    2    3    3\n  -6.75444283926514433397e-08    3    2    3    4\n  -1.28350265052735133808e-02    3    2    4    4\n   4.43579921062378701446e-01    3    3    3    3\n   9.68058446019482950803e-08    3    3    3    4\n   4.27588955147279403679e-01    3    3    4    4\n   1.79373441297999217103e-02    3    4    3    4\n   9.85516484011877735215e-08    3    4    4    4\n   1.70338918367361841222e-01    4    1    4    1\n   4.19734155088393963618e-06    4    1    4    2\n  -3.41148346965232043780e-08    4    1    4    3\n  -1.14673618462393690776e-02    4    1    4    4\n   1.63336596600491650022e-02    4    2    4    2\n  -5.01992090790579848295e-04    4    2    4    3\n  -3.13645890693622865749e-07    4    2    4    4\n   1.79373441297999251798e-02    4    3    4    3\n   9.85516484017623530273e-08    4    3    4    4\n   4.89548847053360380865e-01    4    4    4    4\n  -1.85436108282636413769e+00    1    1    0    0\n  -2.07427976785223605037e-08    1    2    0    0\n  -2.98783539956403308333e-06    1    3    0    0\n   1.05595182845944657313e-01    1    4    0    0\n  -2.07427976788645485795e-08    2    1    0    0\n  -1.85277886482784825972e+00    2    2    0    0\n   1.11855160030622027834e-01    2    3    0    0\n   2.89554815361727540044e-06    2    4    0    0\n  -2.98783539956289551808e-06    3    1    0    0\n   1.11855160030622263756e-01    3    2    0    0\n  -1.35123563374308020002e+00    3    3    0    0\n  -4.24238053733079246242e-07    3    4    0    0\n   1.05595182845944546290e-01    4    1    0    0\n   2.89554815361970130280e-06    4    2    0    0\n  -4.24238053732116805056e-07    4    3    0    0\n  -1.43508835901076636787e+00    4    4    0    0\n   1.47825818251527294933e+02    0    0    0    0\n",
  "init_state": "OPENQASM 2.0;\ninclude \"qelib1.inc\";\nqreg q[6];\nx q[0];\nx q[3];\n",
  "evolution_ops": [
    [
      "XXXYXX",
      0.125
    ],
    [
      "YXXXXX",
      0.125
    ],
    [
      "YXYYXX",
      0.125
    ],
    [
      "XXYXXX",
      -0.125
    ],
    [
      "YXXYXY",
      0.125
    ],
    [
      "XXXXXY",
      -0.125
    ],
    [
      "XXYYXY",
      -0.125
    ],
    [
      "YXYXXY",
      -0.125
    ],
    [
      "ZXZIYZ",
      0.125
    ],
    [
      "IYZZXZ",
      0.125
    ],
    [
      "IXIIYZ",
      -0.125
    ],
    [
      "ZYIZXZ",
      -0.125
    ],
    [
      "IYZIXI",
      -0.125
    ],
    [
      "ZXZZYI",
      -0.125
    ],
    [
      "ZYIIXI",
      0.125
    ],
    [
      "IXIZYI",
      0.125
    ]
  ],
  "optimal_point": [
    -0.18032692889076574,
    -0.1607082144249412
  ],
  "eigenvalue_history": [
    -4.435135168585004,
    -4.468731359213896
  ],
  "cnots": 128,
  "iterations": 16,
  "depth": 191,
  "constants": {
    "hf_in_pbe": -208.009826079485,
    "hf_in_pbe_effective": -4.39464550243687
  },
  "offset": -203.61518057704814
}