{
  "references": {
    "FCI": -11.558145691291202,
    "UCCSD": -11.557928029050975,
    "statevector": -11.533633082283945
  },
  "input": "N          2.59528       -0.24859       -0.00000\nC          1.75143        0.06433       -0.00000\nC          0.32319        0.58355       -0.00000\nH          0.17907        1.22644       -0.90096\nH          0.17907        1.22645        0.90095\nC         -0.72869       -0.58886        0.00001\nH         -0.56446       -1.22636       -0.89892\nH         -0.56446       -1.22635        0.89895\nC         -2.19490       -0.04017        0.00001\nH         -2.92082       -0.88160        0.00001\nH         -2.38105        0.58323        0.90131\nH         -2.38105        0.58322       -0.90131\n",
  "init_state": "OPENQASM 2.0;\ninclude \"qelib1.inc\";\nqreg q[10];\nx q[0];\nx q[2];\nx q[3];\nx q[4];\nx q[6];\n",
  "evolution_ops": [
    [
      "ZXXXZIYXXZ",
      0.125
    ],
    [
      "IYXXZZXXXZ",
      0.125
    ],
    [
      "IYXYIIYXXZ",
      0.125
    ],
    [
      "ZXXYIZXXXZ",
      -0.125
    ],
    [
      "IYXXZIYXYI",
      0.125
    ],
    [
      "ZXXXZZXXYI",
      -0.125
    ],
    [
      "ZXXYIIYXYI",
      -0.125
    ],
    [
      "IYXYIZXXYI",
      -0.125
    ]
  ],
  "optimal_point": [
    -0.07562823518980688
  ],
  "eigenvalue_history": [
    -11.533633082283945
  ],
  "cnots": 112,
  "iterations": 8,
  "depth": 144,
  "constants": {
    "nuclear_repulsion_energy": -207.08843263898424,
    "ProjectionTransformer": 11.522735717033472
  },
  "offset": -195.56569692195077
}