{
  "references": {
    "FCI": -5.590955108724963,
    "UCCSD": -5.5909338395632275,
    "statevector": -5.58904738969924
  },
  "input": "N          2.59528       -0.24859       -0.00000\nC          1.75143        0.06433       -0.00000\nC          0.32319        0.58355       -0.00000\nH          0.17907        1.22644       -0.90096\nH          0.17907        1.22645        0.90095\nC         -0.72869       -0.58886        0.00001\nH         -0.56446       -1.22636       -0.89892\nH         -0.56446       -1.22635        0.89895\nC         -2.19490       -0.04017        0.00001\nH         -2.92082       -0.88160        0.00001\nH         -2.38105        0.58323        0.90131\nH         -2.38105        0.58322       -0.90131\n",
  "init_state": "OPENQASM 2.0;\ninclude \"qelib1.inc\";\nqreg q[6];\nx q[0];\nx q[3];\n",
  "evolution_ops": [
    [
      "XXXYXX",
      0.125
    ],
    [
      "YXXXXX",
      0.125
    ],
    [
      "YXYYXX",
      0.125
    ],
    [
      "XXYXXX",
      -0.125
    ],
    [
      "YXXYXY",
      0.125
    ],
    [
      "XXXXXY",
      -0.125
    ],
    [
      "XXYYXY",
      -0.125
    ],
    [
      "YXYXXY",
      -0.125
    ]
  ],
  "optimal_point": [
    -0.08638926165840942
  ],
  "eigenvalue_history": [
    -5.58904738969924
  ],
  "cnots": 80,
  "iterations": 8,
  "depth": 112,
  "constants": {
    "nuclear_repulsion_energy": -207.08843263898424,
    "ProjectionTransformer": 5.578150025603005
  },
  "offset": -201.51028261338124
}