{
  "references": {
    "FCI": -10.684807241480078,
    "UCCSD": -10.684145330831273,
    "statevector": -10.63171610376229
  },
  "input": "N          2.68905       -0.28336       -0.00000\nC          1.65767        0.09910       -0.00000\nC          0.22943        0.61831       -0.00000\nH          0.08531        1.26121       -0.90096\nH          0.08531        1.26122        0.90095\nC         -0.82245       -0.55409        0.00001\nH         -0.65822       -1.19160       -0.89892\nH         -0.65822       -1.19158        0.89895\nC         -2.28866       -0.00540        0.00001\nH         -3.01458       -0.84683        0.00001\nH         -2.47481        0.61800        0.90131\nH         -2.47481        0.61799       -0.90131\n",
  "init_state": "OPENQASM 2.0;\ninclude \"qelib1.inc\";\nqreg q[10];\nx q[0];\nx q[2];\nx q[3];\nx q[4];\nx q[6];\n",
  "evolution_ops": [
    [
      "ZXXZIIYXZI",
      0.125
    ],
    [
      "IYXZIZXXZI",
      0.125
    ],
    [
      "IYYIIIYXZI",
      0.125
    ],
    [
      "ZXYIIZXXZI",
      -0.125
    ],
    [
      "IYXZIIYYII",
      0.125
    ],
    [
      "ZXXZIZXYII",
      -0.125
    ],
    [
      "ZXYIIIYYII",
      -0.125
    ],
    [
      "IYYIIZXYII",
      -0.125
    ]
  ],
  "optimal_point": [
    -0.12685423898982687
  ],
  "eigenvalue_history": [
    -10.63171610376229
  ],
  "cnots": 80,
  "iterations": 8,
  "depth": 112,
  "constants": {
    "nuclear_repulsion_energy": -207.41731154342855,
    "ProjectionTransformer": 10.606428794666012
  },
  "offset": -196.81088274876254
}