{
  "references": {
    "FCI": -3.998154907226409,
    "UCCSD": -3.983498217704528,
    "statevector": -3.9528070934528077
  },
  "input": "N          3.01721       -0.40505       -0.00000\nC          1.32951        0.22078       -0.00000\nC         -0.09873        0.74000       -0.00000\nH         -0.24285        1.38290       -0.90096\nH         -0.24285        1.38291        0.90095\nC         -1.15061       -0.43240        0.00001\nH         -0.98639       -1.06991       -0.89892\nH         -0.98638       -1.06989        0.89895\nC         -2.61682        0.11629        0.00001\nH         -3.34275       -0.72514        0.00001\nH         -2.80297        0.73969        0.90131\nH         -2.80298        0.73968       -0.90131\n",
  "init_state": "OPENQASM 2.0;\ninclude \"qelib1.inc\";\nqreg q[6];\nx q[0];\nx q[3];\n",
  "evolution_ops": [
    [
      "XXZYXZ",
      0.125
    ],
    [
      "YXZXXZ",
      0.125
    ],
    [
      "YYIYXZ",
      0.125
    ],
    [
      "XYIXXZ",
      -0.125
    ],
    [
      "YXZYYI",
      0.125
    ],
    [
      "XXZXYI",
      -0.125
    ],
    [
      "XYIYYI",
      -0.125
    ],
    [
      "YYIXYI",
      -0.125
    ],
    [
      "ZXXIYX",
      0.125
    ],
    [
      "IYXZXX",
      0.125
    ],
    [
      "IYYIYX",
      0.125
    ],
    [
      "ZXYZXX",
      -0.125
    ],
    [
      "IYXIYY",
      0.125
    ],
    [
      "ZXXZXY",
      -0.125
    ],
    [
      "ZXYIYY",
      -0.125
    ],
    [
      "IYYZXY",
      -0.125
    ]
  ],
  "optimal_point": [
    -0.2909924235881702,
    -0.4250372896906065
  ],
  "eigenvalue_history": [
    -3.882909024039359,
    -3.9528070934528077
  ],
  "cnots": 128,
  "iterations": 16,
  "depth": 195,
  "constants": {
    "nuclear_repulsion_energy": -207.0206866247325,
    "ProjectionTransformer": 3.8026379079195016
  },
  "offset": -203.218048716813
}