{
  "references": {
    "FCI": -5.366951306507508,
    "UCCSD": -5.366910986780582,
    "statevector": -5.364327068561308
  },
  "input": "N          2.64217       -0.26597       -0.00000\nC          1.70455        0.08171       -0.00000\nC          0.27631        0.60093       -0.00000\nH          0.13219        1.24382       -0.90096\nH          0.13219        1.24383        0.90095\nC         -0.77557       -0.57147        0.00001\nH         -0.61134       -1.20898       -0.89892\nH         -0.61134       -1.20897        0.89895\nC         -2.24178       -0.02279        0.00001\nH         -2.96770       -0.86422        0.00001\nH         -2.42793        0.60062        0.90131\nH         -2.42793        0.60060       -0.90131\n",
  "init_state": "OPENQASM 2.0;\ninclude \"qelib1.inc\";\nqreg q[6];\nx q[0];\nx q[3];\n",
  "evolution_ops": [
    [
      "XXXYXX",
      0.125
    ],
    [
      "YXXXXX",
      0.125
    ],
    [
      "YXYYXX",
      0.125
    ],
    [
      "XXYXXX",
      -0.125
    ],
    [
      "YXXYXY",
      0.125
    ],
    [
      "XXXXXY",
      -0.125
    ],
    [
      "XXYYXY",
      -0.125
    ],
    [
      "YXYXXY",
      -0.125
    ]
  ],
  "optimal_point": [
    -0.12056175994147443
  ],
  "eigenvalue_history": [
    -5.364327068561308
  ],
  "cnots": 80,
  "iterations": 8,
  "depth": 112,
  "constants": {
    "nuclear_repulsion_energy": -207.3272739735492,
    "ProjectionTransformer": 5.346683986389707
  },
  "offset": -201.9805899871595
}