{
  "references": {
    "FCI": -4.219451724846653,
    "UCCSD": -4.216942723311733,
    "statevector": -4.187434948775571
  },
  "input": "N          2.87657       -0.35289       -0.00000\nC          1.47015        0.16863       -0.00000\nC          0.04191        0.68785       -0.00000\nH         -0.10221        1.33074       -0.90096\nH         -0.10221        1.33076        0.90095\nC         -1.00997       -0.48455        0.00001\nH         -0.84575       -1.12206       -0.89892\nH         -0.84574       -1.12205        0.89895\nC         -2.47618        0.06414        0.00001\nH         -3.20210       -0.77730        0.00001\nH         -2.66233        0.68754        0.90131\nH         -2.66233        0.68752       -0.90131\n",
  "init_state": "OPENQASM 2.0;\ninclude \"qelib1.inc\";\nqreg q[6];\nx q[0];\nx q[3];\n",
  "evolution_ops": [
    [
      "ZXZIYZ",
      0.125
    ],
    [
      "IYZZXZ",
      0.125
    ],
    [
      "IXIIYZ",
      -0.125
    ],
    [
      "ZYIZXZ",
      -0.125
    ],
    [
      "IYZIXI",
      -0.125
    ],
    [
      "ZXZZYI",
      -0.125
    ],
    [
      "ZYIIXI",
      0.125
    ],
    [
      "IXIZYI",
      0.125
    ],
    [
      "XXXYXX",
      0.125
    ],
    [
      "YXXXXX",
      0.125
    ],
    [
      "YXYYXX",
      0.125
    ],
    [
      "XXYXXX",
      -0.125
    ],
    [
      "YXXYXY",
      0.125
    ],
    [
      "XXXXXY",
      -0.125
    ],
    [
      "XXYYXY",
      -0.125
    ],
    [
      "YXYXXY",
      -0.125
    ]
  ],
  "optimal_point": [
    -0.2648716678548713,
    -0.26745801814168196
  ],
  "eigenvalue_history": [
    -4.127481341137516,
    -4.187434948775571
  ],
  "cnots": 128,
  "iterations": 16,
  "depth": 192,
  "constants": {
    "nuclear_repulsion_energy": -207.23468648948204,
    "ProjectionTransformer": 4.055955398649963
  },
  "offset": -203.1787310908321
}