{
  "references": {
    "FCI": -4.763454908681624,
    "UCCSD": -4.762954680586331,
    "statevector": -4.704733048945988
  },
  "input": "N          2.73593       -0.30074       -0.00000\nC          1.61079        0.11648       -0.00000\nC          0.18255        0.63570       -0.00000\nH          0.03843        1.27859       -0.90096\nH          0.03843        1.27860        0.90095\nC         -0.86933       -0.53671        0.00001\nH         -0.70510       -1.17421       -0.89892\nH         -0.70510       -1.17420        0.89895\nC         -2.33554        0.01198        0.00001\nH         -3.06146       -0.82945        0.00001\nH         -2.52169        0.63539        0.90131\nH         -2.52169        0.63537       -0.90131\n",
  "init_state": "OPENQASM 2.0;\ninclude \"qelib1.inc\";\nqreg q[6];\nx q[0];\nx q[3];\n",
  "evolution_ops": [
    [
      "XXZYXZ",
      0.125
    ],
    [
      "YXZXXZ",
      0.125
    ],
    [
      "YYIYXZ",
      0.125
    ],
    [
      "XYIXXZ",
      -0.125
    ],
    [
      "YXZYYI",
      0.125
    ],
    [
      "XXZXYI",
      -0.125
    ],
    [
      "XYIYYI",
      -0.125
    ],
    [
      "YYIXYI",
      -0.125
    ]
  ],
  "optimal_point": [
    -0.15622623337019603
  ],
  "eigenvalue_history": [
    -4.704733048945988
  ],
  "cnots": 64,
  "iterations": 8,
  "depth": 99,
  "constants": {
    "nuclear_repulsion_energy": -207.4217796793991,
    "ProjectionTransformer": 4.670504211594065
  },
  "offset": -202.75127546780502
}