{
  "references": {
    "FCI": -4.36507707323226,
    "UCCSD": -4.363348847517512,
    "statevector": -4.28169606817583
  },
  "input": "N          2.82969       -0.33551       -0.00000\nC          1.51703        0.15125       -0.00000\nC          0.08879        0.67047       -0.00000\nH         -0.05533        1.31336       -0.90096\nH         -0.05533        1.31337        0.90095\nC         -0.96309       -0.50194        0.00001\nH         -0.79886       -1.13944       -0.89892\nH         -0.79886       -1.13943        0.89895\nC         -2.42930        0.04675        0.00001\nH         -3.15522       -0.79468        0.00001\nH         -2.61545        0.67015        0.90131\nH         -2.61545        0.67014       -0.90131\n",
  "init_state": "OPENQASM 2.0;\ninclude \"qelib1.inc\";\nqreg q[6];\nx q[0];\nx q[3];\n",
  "evolution_ops": [
    [
      "XXXYXX",
      0.125
    ],
    [
      "YXXXXX",
      0.125
    ],
    [
      "YXYYXX",
      0.125
    ],
    [
      "XXYXXX",
      -0.125
    ],
    [
      "YXXYXY",
      0.125
    ],
    [
      "XXXXXY",
      -0.125
    ],
    [
      "XXYYXY",
      -0.125
    ],
    [
      "YXYXXY",
      -0.125
    ]
  ],
  "optimal_point": [
    -0.22780423084990917
  ],
  "eigenvalue_history": [
    -4.28169606817583
  ],
  "cnots": 80,
  "iterations": 8,
  "depth": 112,
  "constants": {
    "nuclear_repulsion_energy": -207.3118067024539,
    "ProjectionTransformer": 4.2255444656743135
  },
  "offset": -203.0862622367796
}