{
  "references": {
    "FCI": -4.035193706871366,
    "UCCSD": -4.029020947256359,
    "statevector": -4.000797709300502
  },
  "input": "N          2.97033       -0.38766       -0.00000\nC          1.37639        0.20340       -0.00000\nC         -0.05185        0.72262       -0.00000\nH         -0.19597        1.36551       -0.90096\nH         -0.19597        1.36552        0.90095\nC         -1.10373       -0.44978        0.00001\nH         -0.93951       -1.08729       -0.89892\nH         -0.93950       -1.08728        0.89895\nC         -2.56994        0.09890        0.00001\nH         -3.29587       -0.74253        0.00001\nH         -2.75609        0.72231        0.90131\nH         -2.75610        0.72229       -0.90131\n",
  "init_state": "OPENQASM 2.0;\ninclude \"qelib1.inc\";\nqreg q[6];\nx q[0];\nx q[3];\n",
  "evolution_ops": [
    [
      "XXZYXZ",
      0.125
    ],
    [
      "YXZXXZ",
      0.125
    ],
    [
      "YYIYXZ",
      0.125
    ],
    [
      "XYIXXZ",
      -0.125
    ],
    [
      "YXZYYI",
      0.125
    ],
    [
      "XXZXYI",
      -0.125
    ],
    [
      "XYIYYI",
      -0.125
    ],
    [
      "YYIXYI",
      -0.125
    ],
    [
      "ZXXIYX",
      0.125
    ],
    [
      "IYXZXX",
      0.125
    ],
    [
      "IYYIYX",
      0.125
    ],
    [
      "ZXYZXX",
      -0.125
    ],
    [
      "IYXIYY",
      0.125
    ],
    [
      "ZXXZXY",
      -0.125
    ],
    [
      "ZXYIYY",
      -0.125
    ],
    [
      "IYYZXY",
      -0.125
    ]
  ],
  "optimal_point": [
    -0.3043326143280792,
    -0.3066109867833692
  ],
  "eigenvalue_history": [
    -3.924420034730851,
    -4.000797709300502
  ],
  "cnots": 128,
  "iterations": 16,
  "depth": 195,
  "constants": {
    "nuclear_repulsion_energy": -207.08343515670592,
    "ProjectionTransformer": 3.8399466027145532
  },
  "offset": -203.24348855399137
}