{
  "references": {
    "FCI": -4.108561818329888,
    "UCCSD": -4.105053392355865,
    "statevector": -4.078715554061652
  },
  "input": "N          2.92345       -0.37028       -0.00000\nC          1.42327        0.18602       -0.00000\nC         -0.00497        0.70524       -0.00000\nH         -0.14909        1.34813       -0.90096\nH         -0.14909        1.34814        0.90095\nC         -1.05685       -0.46717        0.00001\nH         -0.89263       -1.10467       -0.89892\nH         -0.89262       -1.10466        0.89895\nC         -2.52306        0.08152        0.00001\nH         -3.24899       -0.75991        0.00001\nH         -2.70921        0.70492        0.90131\nH         -2.70921        0.70491       -0.90131\n",
  "init_state": "OPENQASM 2.0;\ninclude \"qelib1.inc\";\nqreg q[6];\nx q[0];\nx q[3];\n",
  "evolution_ops": [
    [
      "XXZYXZ",
      0.125
    ],
    [
      "YXZXXZ",
      0.125
    ],
    [
      "YYIYXZ",
      0.125
    ],
    [
      "XYIXXZ",
      -0.125
    ],
    [
      "YXZYYI",
      0.125
    ],
    [
      "XXZXYI",
      -0.125
    ],
    [
      "XYIYYI",
      -0.125
    ],
    [
      "YYIXYI",
      -0.125
    ],
    [
      "ZXXIYX",
      0.125
    ],
    [
      "IYXZXX",
      0.125
    ],
    [
      "IYYIYX",
      0.125
    ],
    [
      "ZXYZXX",
      -0.125
    ],
    [
      "IYXIYY",
      0.125
    ],
    [
      "ZXXZXY",
      -0.125
    ],
    [
      "ZXYIYY",
      -0.125
    ],
    [
      "IYYZXY",
      -0.125
    ]
  ],
  "optimal_point": [
    -0.2953178850022374,
    -0.2955825668855232
  ],
  "eigenvalue_history": [
    -4.004811055298368,
    -4.078715554061652
  ],
  "cnots": 128,
  "iterations": 16,
  "depth": 195,
  "constants": {
    "nuclear_repulsion_energy": -207.15635131645215,
    "ProjectionTransformer": 3.9244085583454664
  },
  "offset": -203.23194275810667
}