{
  "references": {
    "FCI": -9.166003403300714,
    "UCCSD": -9.160116115356669,
    "statevector": -9.099256215010925
  },
  "input": "N          2.92345       -0.37028       -0.00000\nC          1.42327        0.18602       -0.00000\nC         -0.00497        0.70524       -0.00000\nH         -0.14909        1.34813       -0.90096\nH         -0.14909        1.34814        0.90095\nC         -1.05685       -0.46717        0.00001\nH         -0.89263       -1.10467       -0.89892\nH         -0.89262       -1.10466        0.89895\nC         -2.52306        0.08152        0.00001\nH         -3.24899       -0.75991        0.00001\nH         -2.70921        0.70492        0.90131\nH         -2.70921        0.70491       -0.90131\n",
  "init_state": "OPENQASM 2.0;\ninclude \"qelib1.inc\";\nqreg q[10];\nx q[0];\nx q[2];\nx q[3];\nx q[4];\nx q[6];\n",
  "evolution_ops": [
    [
      "ZXXZIIYXZI",
      0.125
    ],
    [
      "IYXZIZXXZI",
      0.125
    ],
    [
      "IYYIIIYXZI",
      0.125
    ],
    [
      "ZXYIIZXXZI",
      -0.125
    ],
    [
      "IYXZIIYYII",
      0.125
    ],
    [
      "ZXXZIZXYII",
      -0.125
    ],
    [
      "ZXYIIIYYII",
      -0.125
    ],
    [
      "IYYIIZXYII",
      -0.125
    ],
    [
      "IZXXZIIYXZ",
      0.125
    ],
    [
      "IIYXZIZXXZ",
      0.125
    ],
    [
      "IIYYIIIYXZ",
      0.125
    ],
    [
      "IZXYIIZXXZ",
      -0.125
    ],
    [
      "IIYXZIIYYI",
      0.125
    ],
    [
      "IZXXZIZXYI",
      -0.125
    ],
    [
      "IZXYIIIYYI",
      -0.125
    ],
    [
      "IIYYIIZXYI",
      -0.125
    ]
  ],
  "optimal_point": [
    -0.2773557350207272,
    -0.29199020993287733
  ],
  "eigenvalue_history": [
    -9.025351715442481,
    -9.099256215010925
  ],
  "cnots": 160,
  "iterations": 16,
  "depth": 224,
  "constants": {
    "nuclear_repulsion_energy": -207.15635131645234,
    "ProjectionTransformer": 8.94494921405305
  },
  "offset": -198.2114021023993
}