{
  "references": {
    "FCI": -3.98869184131495,
    "UCCSD": -3.9660754969926146,
    "statevector": -3.922946363239767
  },
  "input": "N          3.06409       -0.42243       -0.00000\nC          1.28263        0.23817       -0.00000\nC         -0.14561        0.75739       -0.00000\nH         -0.28974        1.40028       -0.90096\nH         -0.28973        1.40029        0.90095\nC         -1.19749       -0.41502        0.00001\nH         -1.03327       -1.05252       -0.89892\nH         -1.03327       -1.05251        0.89895\nC         -2.66370        0.13367        0.00001\nH         -3.38963       -0.70776        0.00001\nH         -2.84985        0.75708        0.90131\nH         -2.84986        0.75706       -0.90131\n",
  "init_state": "OPENQASM 2.0;\ninclude \"qelib1.inc\";\nqreg q[6];\nx q[0];\nx q[3];\n",
  "evolution_ops": [
    [
      "XXZYXZ",
      0.125
    ],
    [
      "YXZXXZ",
      0.125
    ],
    [
      "YYIYXZ",
      0.125
    ],
    [
      "XYIXXZ",
      -0.125
    ],
    [
      "YXZYYI",
      0.125
    ],
    [
      "XXZXYI",
      -0.125
    ],
    [
      "XYIYYI",
      -0.125
    ],
    [
      "YYIXYI",
      -0.125
    ],
    [
      "ZXXIYX",
      0.125
    ],
    [
      "IYXZXX",
      0.125
    ],
    [
      "IYYIYX",
      0.125
    ],
    [
      "ZXYZXX",
      -0.125
    ],
    [
      "IYXIYY",
      0.125
    ],
    [
      "ZXXZXY",
      -0.125
    ],
    [
      "ZXYIYY",
      -0.125
    ],
    [
      "IYYZXY",
      -0.125
    ]
  ],
  "optimal_point": [
    -0.661908126577406,
    -0.6930791136810351
  ],
  "eigenvalue_history": [
    -3.8629788829685725,
    -3.922946363239767
  ],
  "cnots": 128,
  "iterations": 16,
  "depth": 195,
  "constants": {
    "nuclear_repulsion_energy": -206.97025027158276,
    "ProjectionTransformer": 3.7918610335688996
  },
  "offset": -203.17838923801386
}