{
  "references": {
    "FCI": -5.0180290463135115,
    "UCCSD": -5.017814496788486,
    "statevector": -4.971601674910267
  },
  "input": "N          2.68905       -0.28336       -0.00000\nC          1.65767        0.09910       -0.00000\nC          0.22943        0.61831       -0.00000\nH          0.08531        1.26121       -0.90096\nH          0.08531        1.26122        0.90095\nC         -0.82245       -0.55409        0.00001\nH         -0.65822       -1.19160       -0.89892\nH         -0.65822       -1.19158        0.89895\nC         -2.28866       -0.00540        0.00001\nH         -3.01458       -0.84683        0.00001\nH         -2.47481        0.61800        0.90131\nH         -2.47481        0.61799       -0.90131\n",
  "init_state": "OPENQASM 2.0;\ninclude \"qelib1.inc\";\nqreg q[6];\nx q[0];\nx q[3];\n",
  "evolution_ops": [
    [
      "XXZYXZ",
      0.125
    ],
    [
      "YXZXXZ",
      0.125
    ],
    [
      "YYIYXZ",
      0.125
    ],
    [
      "XYIXXZ",
      -0.125
    ],
    [
      "YXZYYI",
      0.125
    ],
    [
      "XXZXYI",
      -0.125
    ],
    [
      "XYIYYI",
      -0.125
    ],
    [
      "YYIXYI",
      -0.125
    ]
  ],
  "optimal_point": [
    -0.12760700577516934
  ],
  "eigenvalue_history": [
    -4.971601674910267
  ],
  "cnots": 64,
  "iterations": 8,
  "depth": 99,
  "constants": {
    "nuclear_repulsion_energy": -207.41731154342844,
    "ProjectionTransformer": 4.946314366590801
  },
  "offset": -202.47099717683764
}