{
  "references": {
    "FCI": -11.10076297398636,
    "UCCSD": -11.100373415711992,
    "statevector": -11.061613866496517
  },
  "input": "N          2.64217       -0.26597       -0.00000\nC          1.70455        0.08171       -0.00000\nC          0.27631        0.60093       -0.00000\nH          0.13219        1.24382       -0.90096\nH          0.13219        1.24383        0.90095\nC         -0.77557       -0.57147        0.00001\nH         -0.61134       -1.20898       -0.89892\nH         -0.61134       -1.20897        0.89895\nC         -2.24178       -0.02279        0.00001\nH         -2.96770       -0.86422        0.00001\nH         -2.42793        0.60062        0.90131\nH         -2.42793        0.60060       -0.90131\n",
  "init_state": "OPENQASM 2.0;\ninclude \"qelib1.inc\";\nqreg q[10];\nx q[0];\nx q[2];\nx q[3];\nx q[4];\nx q[6];\n",
  "evolution_ops": [
    [
      "ZXXXZIYXXZ",
      0.125
    ],
    [
      "IYXXZZXXXZ",
      0.125
    ],
    [
      "IYXYIIYXXZ",
      0.125
    ],
    [
      "ZXXYIZXXXZ",
      -0.125
    ],
    [
      "IYXXZIYXYI",
      0.125
    ],
    [
      "ZXXXZZXXYI",
      -0.125
    ],
    [
      "ZXXYIIYXYI",
      -0.125
    ],
    [
      "IYXYIZXXYI",
      -0.125
    ]
  ],
  "optimal_point": [
    -0.10119156921990598
  ],
  "eigenvalue_history": [
    -11.061613866496517
  ],
  "cnots": 112,
  "iterations": 8,
  "depth": 144,
  "constants": {
    "nuclear_repulsion_energy": -207.32727397354913,
    "ProjectionTransformer": 11.043970780573382
  },
  "offset": -196.28330319297575
}