{
  "references": {
    "FCI": -4.546313003697622,
    "UCCSD": -4.545299723034886,
    "statevector": -4.475336327598648
  },
  "input": "N          2.78281       -0.31812       -0.00000\nC          1.56391        0.13386       -0.00000\nC          0.13567        0.65308       -0.00000\nH         -0.00845        1.29598       -0.90096\nH         -0.00845        1.29599        0.90095\nC         -0.91621       -0.51932        0.00001\nH         -0.75198       -1.15683       -0.89892\nH         -0.75198       -1.15681        0.89895\nC         -2.38242        0.02937        0.00001\nH         -3.10834       -0.81206        0.00001\nH         -2.56857        0.65277        0.90131\nH         -2.56857        0.65276       -0.90131\n",
  "init_state": "OPENQASM 2.0;\ninclude \"qelib1.inc\";\nqreg q[6];\nx q[0];\nx q[3];\n",
  "evolution_ops": [
    [
      "XXZYXZ",
      0.125
    ],
    [
      "YXZXXZ",
      0.125
    ],
    [
      "YYIYXZ",
      0.125
    ],
    [
      "XYIXXZ",
      -0.125
    ],
    [
      "YXZYYI",
      0.125
    ],
    [
      "XXZXYI",
      -0.125
    ],
    [
      "XYIYYI",
      -0.125
    ],
    [
      "YYIXYI",
      -0.125
    ]
  ],
  "optimal_point": [
    -0.1893607294970481
  ],
  "eigenvalue_history": [
    -4.475336327598648
  ],
  "cnots": 64,
  "iterations": 8,
  "depth": 99,
  "constants": {
    "nuclear_repulsion_energy": -207.3788997300457,
    "ProjectionTransformer": 4.43069130437054
  },
  "offset": -202.94820842567518
}