{
  "references": {
    "FCI": -10.308919390733536,
    "UCCSD": -10.30778678126792,
    "statevector": -10.24155619546616
  },
  "input": "N          2.73593       -0.30074       -0.00000\nC          1.61079        0.11648       -0.00000\nC          0.18255        0.63570       -0.00000\nH          0.03843        1.27859       -0.90096\nH          0.03843        1.27860        0.90095\nC         -0.86933       -0.53671        0.00001\nH         -0.70510       -1.17421       -0.89892\nH         -0.70510       -1.17420        0.89895\nC         -2.33554        0.01198        0.00001\nH         -3.06146       -0.82945        0.00001\nH         -2.52169        0.63539        0.90131\nH         -2.52169        0.63537       -0.90131\n",
  "init_state": "OPENQASM 2.0;\ninclude \"qelib1.inc\";\nqreg q[10];\nx q[0];\nx q[2];\nx q[3];\nx q[4];\nx q[6];\n",
  "evolution_ops": [
    [
      "ZXXZIIYXZI",
      0.125
    ],
    [
      "IYXZIZXXZI",
      0.125
    ],
    [
      "IYYIIIYXZI",
      0.125
    ],
    [
      "ZXYIIZXXZI",
      -0.125
    ],
    [
      "IYXZIIYYII",
      0.125
    ],
    [
      "ZXXZIZXYII",
      -0.125
    ],
    [
      "ZXYIIIYYII",
      -0.125
    ],
    [
      "IYYIIZXYII",
      -0.125
    ]
  ],
  "optimal_point": [
    -0.15427432825521145
  ],
  "eigenvalue_history": [
    -10.24155619546616
  ],
  "cnots": 80,
  "iterations": 8,
  "depth": 112,
  "constants": {
    "nuclear_repulsion_energy": -207.42177967939898,
    "ProjectionTransformer": 10.207327354889392
  },
  "offset": -197.21445232450958
}