{
  "references": {
    "FCI": -3.9675389625801127,
    "UCCSD": -3.964112985470314,
    "statevector": -3.8714490781288324
  },
  "input": "N          3.25161       -0.49197       -0.00000\nC          1.09511        0.30771       -0.00000\nC         -0.33314        0.82692       -0.00000\nH         -0.47726        1.46982       -0.90096\nH         -0.47725        1.46983        0.90095\nC         -1.38501       -0.34548        0.00001\nH         -1.22079       -0.98298       -0.89892\nH         -1.22079       -0.98297        0.89895\nC         -2.85122        0.20321        0.00001\nH         -3.57715       -0.63822        0.00001\nH         -3.03738        0.82661        0.90131\nH         -3.03738        0.82660       -0.90131\n",
  "init_state": "OPENQASM 2.0;\ninclude \"qelib1.inc\";\nqreg q[6];\nx q[0];\nx q[3];\n",
  "evolution_ops": [
    [
      "XXZYXZ",
      0.125
    ],
    [
      "YXZXXZ",
      0.125
    ],
    [
      "YYIYXZ",
      0.125
    ],
    [
      "XYIXXZ",
      -0.125
    ],
    [
      "YXZYYI",
      0.125
    ],
    [
      "XXZXYI",
      -0.125
    ],
    [
      "XYIYYI",
      -0.125
    ],
    [
      "YYIXYI",
      -0.125
    ],
    [
      "ZXXIYX",
      0.125
    ],
    [
      "IYXZXX",
      0.125
    ],
    [
      "IYYIYX",
      0.125
    ],
    [
      "ZXYZXX",
      -0.125
    ],
    [
      "IYXIYY",
      0.125
    ],
    [
      "ZXXZXY",
      -0.125
    ],
    [
      "ZXYIYY",
      -0.125
    ],
    [
      "IYYZXY",
      -0.125
    ],
    [
      "ZXXYXZ",
      0.125
    ],
    [
      "IYXXXZ",
      0.125
    ],
    [
      "IYYYXZ",
      0.125
    ],
    [
      "ZXYXXZ",
      -0.125
    ],
    [
      "IYXYYI",
      0.125
    ],
    [
      "ZXXXYI",
      -0.125
    ],
    [
      "ZXYYYI",
      -0.125
    ],
    [
      "IYYXYI",
      -0.125
    ],
    [
      "IIIYXZ",
      0.5
    ],
    [
      "IIIXYI",
      -0.5
    ]
  ],
  "optimal_point": [
    -0.516797287556876,
    0.0069879834911675065,
    0.8972896897769896,
    0.7594459577852308
  ],
  "eigenvalue_history": [
    -3.776131167856916,
    -3.815389366427447,
    -3.824787322790669,
    -3.8714490781288324
  ],
  "cnots": 198,
  "iterations": 26,
  "depth": 304,
  "constants": {
    "nuclear_repulsion_energy": -206.85630445746722,
    "ProjectionTransformer": 3.7281102746684605
  },
  "offset": -203.12819418279875
}