{
  "references": {
    "FCI": -3.986428632337805,
    "UCCSD": -3.978153287517039,
    "statevector": -3.913230050837389
  },
  "input": "N          3.15785       -0.45720       -0.00000\nC          1.18887        0.27294       -0.00000\nC         -0.23938        0.79216       -0.00000\nH         -0.38350        1.43505       -0.90096\nH         -0.38349        1.43506        0.90095\nC         -1.29125       -0.38025        0.00001\nH         -1.12703       -1.01775       -0.89892\nH         -1.12703       -1.01774        0.89895\nC         -2.75746        0.16844        0.00001\nH         -3.48339       -0.67299        0.00001\nH         -2.94362        0.79184        0.90131\nH         -2.94362        0.79183       -0.90131\n",
  "init_state": "OPENQASM 2.0;\ninclude \"qelib1.inc\";\nqreg q[6];\nx q[0];\nx q[3];\n",
  "evolution_ops": [
    [
      "XXZYXZ",
      0.125
    ],
    [
      "YXZXXZ",
      0.125
    ],
    [
      "YYIYXZ",
      0.125
    ],
    [
      "XYIXXZ",
      -0.125
    ],
    [
      "YXZYYI",
      0.125
    ],
    [
      "XXZXYI",
      -0.125
    ],
    [
      "XYIYYI",
      -0.125
    ],
    [
      "YYIXYI",
      -0.125
    ],
    [
      "ZXXIYX",
      0.125
    ],
    [
      "IYXZXX",
      0.125
    ],
    [
      "IYYIYX",
      0.125
    ],
    [
      "ZXYZXX",
      -0.125
    ],
    [
      "IYXIYY",
      0.125
    ],
    [
      "ZXXZXY",
      -0.125
    ],
    [
      "ZXYIYY",
      -0.125
    ],
    [
      "IYYZXY",
      -0.125
    ],
    [
      "ZXXYXZ",
      0.125
    ],
    [
      "IYXXXZ",
      0.125
    ],
    [
      "IYYYXZ",
      0.125
    ],
    [
      "ZXYXXZ",
      -0.125
    ],
    [
      "IYXYYI",
      0.125
    ],
    [
      "ZXXXYI",
      -0.125
    ],
    [
      "ZXYYYI",
      -0.125
    ],
    [
      "IYYXYI",
      -0.125
    ],
    [
      "IIIYXZ",
      0.5
    ],
    [
      "IIIXYI",
      -0.5
    ]
  ],
  "optimal_point": [
    -0.44647866877357767,
    0.016822112056718803,
    0.8962425605422037,
    0.6768496793384439
  ],
  "eigenvalue_history": [
    -3.8256868087258242,
    -3.8715143133893193,
    -3.880350160948424,
    -3.913230050837389
  ],
  "cnots": 198,
  "iterations": 26,
  "depth": 304,
  "constants": {
    "nuclear_repulsion_energy": -206.90032523396394,
    "ProjectionTransformer": 3.769944001394341
  },
  "offset": -203.1303812325696
}