{
  "references": {
    "FCI": -8.11932464081344,
    "UCCSD": -8.105024456670535,
    "statevector": -8.005545387272475
  },
  "input": "N          3.20473       -0.47458       -0.00000\nC          1.14199        0.29032       -0.00000\nC         -0.28626        0.80954       -0.00000\nH         -0.43038        1.45243       -0.90096\nH         -0.43037        1.45244        0.90095\nC         -1.33813       -0.36286        0.00001\nH         -1.17391       -1.00037       -0.89892\nH         -1.17391       -1.00036        0.89895\nC         -2.80434        0.18582        0.00001\nH         -3.53027       -0.65561        0.00001\nH         -2.99050        0.80923        0.90131\nH         -2.99050        0.80921       -0.90131\n",
  "init_state": "OPENQASM 2.0;\ninclude \"qelib1.inc\";\nqreg q[10];\nx q[0];\nx q[2];\nx q[3];\nx q[4];\nx q[6];\n",
  "evolution_ops": [
    [
      "ZXXZIIYXZI",
      0.125
    ],
    [
      "IYXZIZXXZI",
      0.125
    ],
    [
      "IYYIIIYXZI",
      0.125
    ],
    [
      "ZXYIIZXXZI",
      -0.125
    ],
    [
      "IYXZIIYYII",
      0.125
    ],
    [
      "ZXXZIZXYII",
      -0.125
    ],
    [
      "ZXYIIIYYII",
      -0.125
    ],
    [
      "IYYIIZXYII",
      -0.125
    ],
    [
      "IZXXZIIYXZ",
      0.125
    ],
    [
      "IIYXZIZXXZ",
      0.125
    ],
    [
      "IIYYIIIYXZ",
      0.125
    ],
    [
      "IZXYIIZXXZ",
      -0.125
    ],
    [
      "IIYXZIIYYI",
      0.125
    ],
    [
      "IZXXZIZXYI",
      -0.125
    ],
    [
      "IZXYIIIYYI",
      -0.125
    ],
    [
      "IIYYIIZXYI",
      -0.125
    ],
    [
      "ZXXZIIIYXZ",
      0.125
    ],
    [
      "IYXZIIZXXZ",
      0.125
    ],
    [
      "IYYIIIIYXZ",
      0.125
    ],
    [
      "ZXYIIIZXXZ",
      -0.125
    ],
    [
      "IYXZIIIYYI",
      0.125
    ],
    [
      "ZXXZIIZXYI",
      -0.125
    ],
    [
      "ZXYIIIIYYI",
      -0.125
    ],
    [
      "IYYIIIZXYI",
      -0.125
    ],
    [
      "IYXZIIIIII",
      0.5
    ],
    [
      "ZXYIIIIIII",
      -0.5
    ],
    [
      "IIYXZIIIII",
      0.5
    ],
    [
      "IZXYIIIIII",
      -0.5
    ]
  ],
  "optimal_point": [
    -0.026712703893973403,
    -0.009507728485665898,
    0.013094767597281141,
    0.951632027377111,
    -0.2836260367619717
  ],
  "eigenvalue_history": [
    -7.861896864396245,
    -7.90381695119921,
    -7.912998526891951,
    -7.953113840948267,
    -8.005545387272475
  ],
  "cnots": 256,
  "iterations": 28,
  "depth": 367,
  "constants": {
    "nuclear_repulsion_energy": -206.87599764404766,
    "ProjectionTransformer": 7.810741049895166
  },
  "offset": -199.0652565941525
}