{
  "references": {
    "FCI": -7.929019231006018,
    "UCCSD": -7.896535369330895,
    "statevector": -7.772549677057923
  },
  "input": "N          3.29849       -0.50935       -0.00000\nC          1.04823        0.32509       -0.00000\nC         -0.38002        0.84431       -0.00000\nH         -0.52414        1.48720       -0.90096\nH         -0.52413        1.48721        0.90095\nC         -1.43189       -0.32810        0.00001\nH         -1.26767       -0.96560       -0.89892\nH         -1.26767       -0.96559        0.89895\nC         -2.89810        0.22059        0.00001\nH         -3.62403       -0.62084        0.00001\nH         -3.08426        0.84400        0.90131\nH         -3.08426        0.84398       -0.90131\n",
  "init_state": "OPENQASM 2.0;\ninclude \"qelib1.inc\";\nqreg q[10];\nx q[0];\nx q[2];\nx q[3];\nx q[4];\nx q[6];\n",
  "evolution_ops": [
    [
      "ZXXZIIYXZI",
      0.125
    ],
    [
      "IYXZIZXXZI",
      0.125
    ],
    [
      "IYYIIIYXZI",
      0.125
    ],
    [
      "ZXYIIZXXZI",
      -0.125
    ],
    [
      "IYXZIIYYII",
      0.125
    ],
    [
      "ZXXZIZXYII",
      -0.125
    ],
    [
      "ZXYIIIYYII",
      -0.125
    ],
    [
      "IYYIIZXYII",
      -0.125
    ],
    [
      "IZXXZIIYXZ",
      0.125
    ],
    [
      "IIYXZIZXXZ",
      0.125
    ],
    [
      "IIYYIIIYXZ",
      0.125
    ],
    [
      "IZXYIIZXXZ",
      -0.125
    ],
    [
      "IIYXZIIYYI",
      0.125
    ],
    [
      "IZXXZIZXYI",
      -0.125
    ],
    [
      "IZXYIIIYYI",
      -0.125
    ],
    [
      "IIYYIIZXYI",
      -0.125
    ],
    [
      "ZXXZIIIYXZ",
      0.125
    ],
    [
      "IYXZIIZXXZ",
      0.125
    ],
    [
      "IYYIIIIYXZ",
      0.125
    ],
    [
      "ZXYIIIZXXZ",
      -0.125
    ],
    [
      "IYXZIIIYYI",
      0.125
    ],
    [
      "ZXXZIIZXYI",
      -0.125
    ],
    [
      "ZXYIIIIYYI",
      -0.125
    ],
    [
      "IYYIIIZXYI",
      -0.125
    ],
    [
      "IYXZIIIIII",
      0.5
    ],
    [
      "ZXYIIIIIII",
      -0.5
    ],
    [
      "IIYXZIIIII",
      0.5
    ],
    [
      "IZXYIIIIII",
      -0.5
    ]
  ],
  "optimal_point": [
    0.2345839035461853,
    -0.002593321675593059,
    0.0012296192602857037,
    -0.9632034195204904,
    0.24789086561575738
  ],
  "eigenvalue_history": [
    -7.610133967108679,
    -7.647560635446543,
    -7.657109808709735,
    -7.709608774742032,
    -7.772549677057923
  ],
  "cnots": 256,
  "iterations": 28,
  "depth": 367,
  "constants": {
    "nuclear_repulsion_energy": -206.84008323612017,
    "ProjectionTransformer": 7.564294363873977
  },
  "offset": -199.27578887224618
}