{
  "references": {
    "FCI": -3.9889550389330033,
    "UCCSD": -3.971929442338799,
    "statevector": -3.9187090637110584
  },
  "input": "N          3.11097       -0.43981       -0.00000\nC          1.23575        0.25555       -0.00000\nC         -0.19249        0.77477       -0.00000\nH         -0.33662        1.41767       -0.90096\nH         -0.33661        1.41768        0.90095\nC         -1.24437       -0.39763        0.00001\nH         -1.08015       -1.03514       -0.89892\nH         -1.08015       -1.03513        0.89895\nC         -2.71058        0.15106        0.00001\nH         -3.43651       -0.69037        0.00001\nH         -2.89673        0.77446        0.90131\nH         -2.89674        0.77445       -0.90131\n",
  "init_state": "OPENQASM 2.0;\ninclude \"qelib1.inc\";\nqreg q[6];\nx q[0];\nx q[3];\n",
  "evolution_ops": [
    [
      "XXZYXZ",
      0.125
    ],
    [
      "YXZXXZ",
      0.125
    ],
    [
      "YYIYXZ",
      0.125
    ],
    [
      "XYIXXZ",
      -0.125
    ],
    [
      "YXZYYI",
      0.125
    ],
    [
      "XXZXYI",
      -0.125
    ],
    [
      "XYIYYI",
      -0.125
    ],
    [
      "YYIXYI",
      -0.125
    ],
    [
      "ZXXIYX",
      0.125
    ],
    [
      "IYXZXX",
      0.125
    ],
    [
      "IYYIYX",
      0.125
    ],
    [
      "ZXYZXX",
      -0.125
    ],
    [
      "IYXIYY",
      0.125
    ],
    [
      "ZXXZXY",
      -0.125
    ],
    [
      "ZXYIYY",
      -0.125
    ],
    [
      "IYYZXY",
      -0.125
    ],
    [
      "XXZIYX",
      0.125
    ],
    [
      "YXZZXX",
      0.125
    ],
    [
      "YYIIYX",
      0.125
    ],
    [
      "XYIZXX",
      -0.125
    ],
    [
      "YXZIYY",
      0.125
    ],
    [
      "XXZZXY",
      -0.125
    ],
    [
      "XYIIYY",
      -0.125
    ],
    [
      "YYIZXY",
      -0.125
    ],
    [
      "ZXXYXZ",
      0.125
    ],
    [
      "IYXXXZ",
      0.125
    ],
    [
      "IYYYXZ",
      0.125
    ],
    [
      "ZXYXXZ",
      -0.125
    ],
    [
      "IYXYYI",
      0.125
    ],
    [
      "ZXXXYI",
      -0.125
    ],
    [
      "ZXYYYI",
      -0.125
    ],
    [
      "IYYXYI",
      -0.125
    ]
  ],
  "optimal_point": [
    -0.3968723895264956,
    0.07391056834593462,
    0.7580051107965817,
    0.7911399395150416
  ],
  "eigenvalue_history": [
    -3.8461050952197677,
    -3.8977568808356873,
    -3.9060048310552538,
    -3.9187090637110584
  ],
  "cnots": 256,
  "iterations": 32,
  "depth": 390,
  "constants": {
    "nuclear_repulsion_energy": -206.93097566037605,
    "ProjectionTransformer": 3.7837995454906874
  },
  "offset": -203.14717611488535
}