{
  "references": {
    "FCI": -3.9399324263654614,
    "UCCSD": -3.937770378052767,
    "statevector": -3.8283732886469255
  },
  "input": "N          3.34537       -0.52674       -0.00000\nC          1.00134        0.34247       -0.00000\nC         -0.42690        0.86169       -0.00000\nH         -0.57102        1.50459       -0.90096\nH         -0.57102        1.50460        0.90095\nC         -1.47878       -0.31071        0.00001\nH         -1.31455       -0.94822       -0.89892\nH         -1.31455       -0.94820        0.89895\nC         -2.94498        0.23798        0.00001\nH         -3.67091       -0.60345        0.00001\nH         -3.13114        0.86138        0.90131\nH         -3.13114        0.86137       -0.90131\n",
  "init_state": "OPENQASM 2.0;\ninclude \"qelib1.inc\";\nqreg q[6];\nx q[0];\nx q[3];\n",
  "evolution_ops": [
    [
      "XXZYXZ",
      0.125
    ],
    [
      "YXZXXZ",
      0.125
    ],
    [
      "YYIYXZ",
      0.125
    ],
    [
      "XYIXXZ",
      -0.125
    ],
    [
      "YXZYYI",
      0.125
    ],
    [
      "XXZXYI",
      -0.125
    ],
    [
      "XYIYYI",
      -0.125
    ],
    [
      "YYIXYI",
      -0.125
    ],
    [
      "ZXXIYX",
      0.125
    ],
    [
      "IYXZXX",
      0.125
    ],
    [
      "IYYIYX",
      0.125
    ],
    [
      "ZXYZXX",
      -0.125
    ],
    [
      "IYXIYY",
      0.125
    ],
    [
      "ZXXZXY",
      -0.125
    ],
    [
      "ZXYIYY",
      -0.125
    ],
    [
      "IYYZXY",
      -0.125
    ],
    [
      "ZXXYXZ",
      0.125
    ],
    [
      "IYXXXZ",
      0.125
    ],
    [
      "IYYYXZ",
      0.125
    ],
    [
      "ZXYXXZ",
      -0.125
    ],
    [
      "IYXYYI",
      0.125
    ],
    [
      "ZXXXYI",
      -0.125
    ],
    [
      "ZXYYYI",
      -0.125
    ],
    [
      "IYYXYI",
      -0.125
    ],
    [
      "IIIYXZ",
      0.5
    ],
    [
      "IIIXYI",
      -0.5
    ]
  ],
  "optimal_point": [
    -0.5663761280247304,
    0.0037909878299937565,
    0.8857575045365088,
    -0.7959089047513022
  ],
  "eigenvalue_history": [
    -3.724914539957288,
    -3.7610653446605085,
    -3.7707335679148923,
    -3.8283732886469255
  ],
  "cnots": 198,
  "iterations": 26,
  "depth": 304,
  "constants": {
    "nuclear_repulsion_energy": -206.82653177142353,
    "ProjectionTransformer": 3.680609491741774
  },
  "offset": -203.14592227968177
}