{
  "references": {
    "FCI": -8.020743006017101,
    "UCCSD": -7.994316499319454,
    "statevector": -7.883136559148142
  },
  "input": "N          3.25161       -0.49197       -0.00000\nC          1.09511        0.30771       -0.00000\nC         -0.33314        0.82692       -0.00000\nH         -0.47726        1.46982       -0.90096\nH         -0.47725        1.46983        0.90095\nC         -1.38501       -0.34548        0.00001\nH         -1.22079       -0.98298       -0.89892\nH         -1.22079       -0.98297        0.89895\nC         -2.85122        0.20321        0.00001\nH         -3.57715       -0.63822        0.00001\nH         -3.03738        0.82661        0.90131\nH         -3.03738        0.82660       -0.90131\n",
  "init_state": "OPENQASM 2.0;\ninclude \"qelib1.inc\";\nqreg q[10];\nx q[0];\nx q[2];\nx q[3];\nx q[4];\nx q[6];\n",
  "evolution_ops": [
    [
      "ZXXZIIYXZI",
      0.125
    ],
    [
      "IYXZIZXXZI",
      0.125
    ],
    [
      "IYYIIIYXZI",
      0.125
    ],
    [
      "ZXYIIZXXZI",
      -0.125
    ],
    [
      "IYXZIIYYII",
      0.125
    ],
    [
      "ZXXZIZXYII",
      -0.125
    ],
    [
      "ZXYIIIYYII",
      -0.125
    ],
    [
      "IYYIIZXYII",
      -0.125
    ],
    [
      "IZXXZIIYXZ",
      0.125
    ],
    [
      "IIYXZIZXXZ",
      0.125
    ],
    [
      "IIYYIIIYXZ",
      0.125
    ],
    [
      "IZXYIIZXXZ",
      -0.125
    ],
    [
      "IIYXZIIYYI",
      0.125
    ],
    [
      "IZXXZIZXYI",
      -0.125
    ],
    [
      "IZXYIIIYYI",
      -0.125
    ],
    [
      "IIYYIIZXYI",
      -0.125
    ],
    [
      "ZXXZIIIYXZ",
      0.125
    ],
    [
      "IYXZIIZXXZ",
      0.125
    ],
    [
      "IYYIIIIYXZ",
      0.125
    ],
    [
      "ZXYIIIZXXZ",
      -0.125
    ],
    [
      "IYXZIIIYYI",
      0.125
    ],
    [
      "ZXXZIIZXYI",
      -0.125
    ],
    [
      "ZXYIIIIYYI",
      -0.125
    ],
    [
      "IYYIIIZXYI",
      -0.125
    ],
    [
      "IYXZIIIIII",
      0.5
    ],
    [
      "ZXYIIIIIII",
      -0.5
    ],
    [
      "IIYXZIIIII",
      0.5
    ],
    [
      "IZXYIIIIII",
      -0.5
    ]
  ],
  "optimal_point": [
    -0.013725646406088856,
    -0.004792526602387963,
    0.006808335229374079,
    1.019174802205326,
    -0.27670200436502
  ],
  "eigenvalue_history": [
    -7.729440074568603,
    -7.7686982732661365,
    -7.778096229403602,
    -7.824757983122733,
    -7.883136559148142
  ],
  "cnots": 256,
  "iterations": 28,
  "depth": 367,
  "constants": {
    "nuclear_repulsion_energy": -206.85630445746716,
    "ProjectionTransformer": 7.681419184419177
  },
  "offset": -199.17488527304798
}