{
  "references": {
    "FCI": -3.9788249025213656,
    "UCCSD": -3.9734571469353903,
    "statevector": -3.8929949598962996
  },
  "input": "N          3.20473       -0.47458       -0.00000\nC          1.14199        0.29032       -0.00000\nC         -0.28626        0.80954       -0.00000\nH         -0.43038        1.45243       -0.90096\nH         -0.43037        1.45244        0.90095\nC         -1.33813       -0.36286        0.00001\nH         -1.17391       -1.00037       -0.89892\nH         -1.17391       -1.00036        0.89895\nC         -2.80434        0.18582        0.00001\nH         -3.53027       -0.65561        0.00001\nH         -2.99050        0.80923        0.90131\nH         -2.99050        0.80921       -0.90131\n",
  "init_state": "OPENQASM 2.0;\ninclude \"qelib1.inc\";\nqreg q[6];\nx q[0];\nx q[3];\n",
  "evolution_ops": [
    [
      "XXZYXZ",
      0.125
    ],
    [
      "YXZXXZ",
      0.125
    ],
    [
      "YYIYXZ",
      0.125
    ],
    [
      "XYIXXZ",
      -0.125
    ],
    [
      "YXZYYI",
      0.125
    ],
    [
      "XXZXYI",
      -0.125
    ],
    [
      "XYIYYI",
      -0.125
    ],
    [
      "YYIXYI",
      -0.125
    ],
    [
      "ZXXIYX",
      0.125
    ],
    [
      "IYXZXX",
      0.125
    ],
    [
      "IYYIYX",
      0.125
    ],
    [
      "ZXYZXX",
      -0.125
    ],
    [
      "IYXIYY",
      0.125
    ],
    [
      "ZXXZXY",
      -0.125
    ],
    [
      "ZXYIYY",
      -0.125
    ],
    [
      "IYYZXY",
      -0.125
    ],
    [
      "ZXXYXZ",
      0.125
    ],
    [
      "IYXXXZ",
      0.125
    ],
    [
      "IYYYXZ",
      0.125
    ],
    [
      "ZXYXXZ",
      -0.125
    ],
    [
      "IYXYYI",
      0.125
    ],
    [
      "ZXXXYI",
      -0.125
    ],
    [
      "ZXYYYI",
      -0.125
    ],
    [
      "IYYXYI",
      -0.125
    ],
    [
      "IIIYXZ",
      0.5
    ],
    [
      "IIIXYI",
      -0.5
    ]
  ],
  "optimal_point": [
    -0.48671761193092594,
    0.00906938514493528,
    0.8948372922162943,
    0.7268390178733175
  ],
  "eigenvalue_history": [
    -3.8017779834665264,
    -3.8436980697433296,
    -3.852879645227507,
    -3.8929949598962996
  ],
  "cnots": 198,
  "iterations": 26,
  "depth": 304,
  "constants": {
    "nuclear_repulsion_energy": -206.8759976440477,
    "ProjectionTransformer": 3.7506221629371193
  },
  "offset": -203.12537548111058
}