{
  "references": {
    "FCI": -3.9542006757972508,
    "UCCSD": -3.9520447797462124,
    "statevector": -3.849668429951092
  },
  "input": "N          3.29849       -0.50935       -0.00000\nC          1.04823        0.32509       -0.00000\nC         -0.38002        0.84431       -0.00000\nH         -0.52414        1.48720       -0.90096\nH         -0.52413        1.48721        0.90095\nC         -1.43189       -0.32810        0.00001\nH         -1.26767       -0.96560       -0.89892\nH         -1.26767       -0.96559        0.89895\nC         -2.89810        0.22059        0.00001\nH         -3.62403       -0.62084        0.00001\nH         -3.08426        0.84400        0.90131\nH         -3.08426        0.84398       -0.90131\n",
  "init_state": "OPENQASM 2.0;\ninclude \"qelib1.inc\";\nqreg q[6];\nx q[0];\nx q[3];\n",
  "evolution_ops": [
    [
      "XXZYXZ",
      0.125
    ],
    [
      "YXZXXZ",
      0.125
    ],
    [
      "YYIYXZ",
      0.125
    ],
    [
      "XYIXXZ",
      -0.125
    ],
    [
      "YXZYYI",
      0.125
    ],
    [
      "XXZXYI",
      -0.125
    ],
    [
      "XYIYYI",
      -0.125
    ],
    [
      "YYIXYI",
      -0.125
    ],
    [
      "ZXXIYX",
      0.125
    ],
    [
      "IYXZXX",
      0.125
    ],
    [
      "IYYIYX",
      0.125
    ],
    [
      "ZXYZXX",
      -0.125
    ],
    [
      "IYXIYY",
      0.125
    ],
    [
      "ZXXZXY",
      -0.125
    ],
    [
      "ZXYIYY",
      -0.125
    ],
    [
      "IYYZXY",
      -0.125
    ],
    [
      "XXZIYX",
      0.125
    ],
    [
      "YXZZXX",
      0.125
    ],
    [
      "YYIIYX",
      0.125
    ],
    [
      "XYIZXX",
      -0.125
    ],
    [
      "YXZIYY",
      0.125
    ],
    [
      "XXZZXY",
      -0.125
    ],
    [
      "XYIIYY",
      -0.125
    ],
    [
      "YYIZXY",
      -0.125
    ],
    [
      "YXZIII",
      0.5
    ],
    [
      "XYIIII",
      -0.5
    ]
  ],
  "optimal_point": [
    -0.5404056441524385,
    0.00531028287450502,
    0.9009653040837846,
    -0.7826506879062607
  ],
  "eigenvalue_history": [
    -3.7501936232089284,
    -3.787620290753251,
    -3.7971694638595075,
    -3.849668429951092
  ],
  "cnots": 198,
  "iterations": 26,
  "depth": 309,
  "constants": {
    "nuclear_repulsion_energy": -206.84008323612014,
    "ProjectionTransformer": 3.7043540203097187
  },
  "offset": -203.13572921581041
}